0.983,-0.994,0.68,0.432,-0.996,-0.999,-1,1,1,-0.793,-0.998,-0.491,1,1,-1,1,-0.801,-1,1,-0.989,0.488,-0.46,0.393,0.996,1,-1,0.132,-1,-1,-0.995,1,-1,-0.972,0.893,-1,-1,-1,0.988,-0.82,1,0.991,-0.94,0.999,1,0.0933,-0.999,1,1,-1,1,1,1,0.709,1,-0.999,1,-1,-0.174,-1,-1,1,-1,-0.998,1,1
0.983,0.99,0.733,0.935,-1,-1,-1,1,1,-0.723,-1,-0.147,1,1,-1,1,-1,-1,1,-0.996,0.973,-0.979,-0.842,0.994,0.709,-1,0.993,-1,-1,-0.996,1,-1,-0.979,0.993,-1,-1,-1,0.999,-0.996,1,1,-0.999,1,1,0.648,-1,1,1,-1,1,1,1,0.766,1,-1,1,-1,-0.966,-1,-1,1,-1,-0.997,1,1
0.982,-0.997,0.776,0.434,-0.995,-0.999,-1,1,1,-0.795,-0.998,-0.327,1,1,-1,1,-0.687,-1,1,-0.981,0.469,-0.316,0.359,0.995,1,-1,-0.0871,-1,-1,-0.998,1,-1,-0.961,0.788,-1,-1,-1,0.982,-0.722,1,0.992,-0.919,0.999,1,0.145,-1,1,1,-1,1,1,1,0.829,1,-0.999,1,-1,0.157,-1,-1,1,-1,-0.998,1,1
0.974,0.984,0.631,0.89,-1,-1,-1,1,1,-0.598,-1,-0.202,1,1,-1,1,-1,-1,1,-0.996,0.971,-0.978,-0.733,0.994,0.918,-1,0.992,-1,-1,-0.989,1,-1,-0.977,0.995,-1,-1,-1,0.999,-0.995,1,1,-0.999,1,1,0.473,-1,1,1,-1,1,1,1,0.693,1,-1,1,-1,-0.952,-1,-1,1,-1,-0.997,1,1
0.992,-0.609,0.826,0.65,-1,-1,-1,1,1,-0.814,-1,0.214,1,1,-1,1,-1,-1,1,-0.994,0.823,-0.866,-0.568,0.996,1,-1,0.946,-1,-1,-0.997,1,-1,-0.981,0.986,-1,-1,-1,0.997,-0.981,1,1,-0.994,1,1,0.626,-1,1,1,-1,1,1,1,0.904,1,-1,1,-1,-0.756,-1,-1,1,-1,-0.997,1,1
0.983,-0.402,0.697,0.658,-1,-1,-1,1,1,-0.712,-1,-0.215,1,1,-1,1,-0.998,-1,1,-0.995,0.829,-0.893,-0.251,0.996,1,-1,0.902,-1,-1,-0.993,1,-1,-0.984,0.99,-1,-1,-1,0.998,-0.981,1,0.999,-0.991,1,1,0.353,-1,1,1,-1,1,1,1,0.738,1,-1,1,-1,-0.729,-1,-1,1,-1,-0.998,1,1
0.978,0.965,0.668,0.878,-1,-1,-1,1,1,-0.566,-1,-0.117,1,1,-1,1,-1,-1,1,-0.997,0.965,-0.975,-0.717,0.997,0.966,-1,0.99,-1,-1,-0.991,1,-1,-0.975,0.994,-1,-1,-1,0.999,-0.995,1,1,-0.997,1,1,0.361,-1,1,1,-1,1,1,1,0.655,1,-1,1,-1,-0.943,-1,-1,1,-1,-0.997,1,1
0.988,0.898,0.632,0.849,-1,-1,-1,1,1,-0.807,-1,-0.195,1,1,-1,1,-1,-1,1,-0.997,0.945,-0.939,-0.84,0.992,0.988,-1,0.993,-1,-1,-0.995,1,-1,-0.991,0.998,-1,-1,-1,0.999,-0.997,1,1,-1,1,1,0.765,-1,1,1,-1,1,1,1,0.851,1,-1,1,-1,-0.882,-1,-1,1,-1,-0.995,1,1
0.988,-0.398,0.768,0.735,-1,-1,-1,1,1,-0.773,-1,-0.117,1,1,-1,1,-0.999,-1,1,-0.997,0.879,-0.895,-0.465,0.998,1,-1,0.917,-1,-1,-0.995,1,-1,-0.984,0.989,-1,-1,-1,0.997,-0.987,1,1,-0.989,1,1,0.513,-1,1,1,-1,1,1,1,0.701,1,-1,1,-1,-0.809,-1,-1,1,-1,-0.998,1,1
0.972,0.955,0.864,0.834,-1,-0.995,-0.999,1,1,-0.613,-0.999,-0.224,1,0.999,-0.998,1,-0.997,-0.999,1,-0.998,0.857,-0.907,-0.746,0.996,0.563,-1,0.898,-1,-1,-0.998,1,-0.998,-0.64,0.922,-0.999,-0.996,-1,0.951,-0.976,1,0.995,-0.961,0.99,0.999,0.256,-0.998,0.998,1,-1,0.998,1,0.999,0.47,0.999,-0.995,0.978,-0.998,-0.87,-0.999,-1,1,-1,-0.916,1,1
0.982,0.985,0.663,0.908,-1,-1,-1,1,1,-0.681,-1,-0.209,1,1,-1,1,-1,-1,1,-0.998,0.976,-0.983,-0.775,0.996,0.907,-1,0.994,-1,-1,-0.992,1,-1,-0.98,0.997,-1,-1,-1,0.999,-0.996,1,1,-0.999,1,1,0.569,-1,1,1,-1,1,1,1,0.689,1,-1,1,-1,-0.954,-1,-1,1,-1,-0.997,1,1
0.923,-1,0.275,-0.479,-0.604,-0.923,-0.999,0.999,1,-0.762,0.511,-0.641,0.999,0.947,-0.994,1,0.999,-0.286,0.998,-0.535,-0.344,0.0908,0.833,0.885,1,-0.979,-0.702,-1,-0.999,-0.892,0.93,-0.995,-0.855,0.662,-1,-0.997,-0.993,0.826,0.822,1,-0.964,-0.83,0.987,1,0.000408,-0.961,0.917,0.997,-0.996,0.967,1,0.996,0.61,0.997,-0.984,0.937,-0.989,0.923,-0.998,-0.999,1,-1,-0.961,0.999,1
0.98,-0.999,0.809,0.241,-0.986,-0.995,-1,1,1,-0.762,-0.993,-0.443,1,0.999,-0.999,1,-0.0741,-0.999,1,-0.981,-0.142,-0.259,0.645,0.995,1,-1,-0.196,-1,-1,-0.993,1,-1,-0.954,0.865,-1,-1,-1,0.952,-0.413,1,0.953,-0.879,0.999,1,-0.302,-0.999,1,1,-1,0.999,1,1,0.815,1,-0.997,0.998,-1,0.361,-1,-1,1,-1,-0.995,1,1
0.971,-0.583,0.772,0.701,-0.999,-0.999,-1,1,1,-0.699,-1,-0.286,1,1,-1,1,-0.995,-1,1,-0.991,0.732,-0.833,-0.106,0.994,1,-1,0.833,-1,-1,-0.994,1,-1,-0.966,0.966,-1,-1,-1,0.994,-0.94,1,0.999,-0.983,0.999,1,0.17,-0.999,1,1,-1,1,1,1,0.765,1,-0.999,1,-1,-0.703,-1,-1,1,-1,-0.997,1,1
0.988,1,0.777,0.983,-1,-1,-1,1,1,-0.654,-1,-0.241,1,1,-1,1,-1,-1,1,-0.997,0.997,-0.996,-0.964,0.993,-0.997,-1,0.999,-1,-1,-0.986,1,-1,-0.975,0.998,-0.999,-1,-1,1,-0.999,1,1,-1,1,1,0.733,-1,1,1,-1,1,1,1,0.659,1,-1,1,-0.999,-0.99,-1,-1,1,-1,-0.979,1,1
0.976,1,0.879,0.981,-1,-1,-1,1,1,-0.699,-1,0.0197,1,1,-1,1,-1,-1,1,-0.998,0.995,-0.992,-0.97,0.997,-0.997,-1,0.992,-1,-1,-0.999,1,-1,-0.914,0.994,-0.999,-1,-1,0.999,-0.999,1,1,-0.999,0.999,0.999,0.69,-1,1,1,-1,1,1,1,0.287,1,-0.999,1,-1,-0.991,-0.999,-1,1,-1,-0.977,1,1
0.982,1,0.891,0.976,-1,-1,-1,1,1,-0.705,-1,0.264,1,1,-1,1,-1,-1,1,-0.999,0.991,-0.99,-0.955,0.996,-0.998,-1,0.996,-1,-1,-0.998,1,-1,-0.863,0.991,-0.998,-1,-1,0.998,-0.999,1,1,-0.999,0.998,1,0.625,-0.999,1,1,-1,1,1,1,0.494,1,-0.999,1,-0.999,-0.993,-1,-1,1,-1,-0.921,1,1
0.983,-0.994,0.68,0.432,-0.996,-0.999,-1,1,1,-0.793,-0.998,-0.491,1,1,-1,1,-0.801,-1,1,-0.989,0.488,-0.46,0.393,0.996,1,-1,0.132,-1,-1,-0.995,1,-1,-0.972,0.893,-1,-1,-1,0.988,-0.82,1,0.991,-0.94,0.999,1,0.0933,-0.999,1,1,-1,1,1,1,0.709,1,-0.999,1,-1,-0.174,-1,-1,1,-1,-0.998,1,1
0.988,1,0.714,0.98,-1,-1,-1,1,1,-0.686,-1,-0.169,1,1,-1,1,-1,-1,1,-0.996,0.996,-0.989,-0.938,0.997,-0.975,-1,0.992,-1,-1,-0.994,1,-1,-0.951,0.994,-0.999,-1,-1,0.999,-0.998,1,1,-0.999,0.999,1,0.542,-1,1,1,-1,1,1,1,0.42,1,-0.999,1,-0.999,-0.97,-0.999,-1,1,-1,-0.979,1,1
0.973,1,0.876,0.966,-1,-0.999,-0.999,1,1,-0.697,-1,0.363,1,1,-0.999,1,-1,-1,1,-0.998,0.989,-0.986,-0.961,0.997,-0.998,-1,0.983,-1,-1,-0.999,1,-1,-0.765,0.977,-0.995,-1,-1,0.996,-0.998,1,1,-0.997,0.995,0.998,0.436,-0.999,1,1,-1,1,1,1,0.299,0.999,-0.998,1,-0.999,-0.99,-0.998,-1,1,-1,-0.886,1,1
0.987,-0.997,0.809,0.435,-0.997,-0.999,-1,1,1,-0.819,-0.999,-0.261,1,1,-1,1,-0.875,-1,1,-0.99,0.523,-0.408,0.272,0.996,1,-1,0.152,-1,-1,-0.998,1,-1,-0.972,0.879,-1,-1,-1,0.986,-0.816,1,0.996,-0.937,0.999,1,0.266,-1,1,1,-1,1,1,1,0.818,1,-0.999,1,-1,0.0238,-1,-1,1,-1,-0.998,1,1
0.988,-0.989,0.863,0.314,-0.998,-1,-1,1,1,-0.796,-0.999,-0.0916,1,1,-1,1,-0.983,-1,1,-0.993,0.356,-0.635,0.236,0.997,1,-1,0.584,-1,-1,-0.995,1,-1,-0.984,0.972,-1,-1,-1,0.991,-0.929,1,0.999,-0.968,1,1,0.258,-1,1,1,-1,1,1,1,0.835,1,-1,1,-1,-0.321,-1,-1,1,-1,-0.998,1,1
0.985,0.434,0.725,0.798,-1,-1,-1,1,1,-0.68,-1,-0.0887,1,1,-1,1,-0.999,-1,1,-0.995,0.89,-0.914,-0.58,0.994,0.999,-1,0.977,-1,-1,-0.994,1,-1,-0.983,0.994,-1,-1,-1,0.998,-0.986,1,0.999,-0.997,1,1,0.485,-0.999,1,1,-1,1,1,1,0.83,1,-1,1,-1,-0.873,-1,-1,1,-1,-0.996,1,1
0.987,0.999,0.707,0.966,-1,-1,-1,1,1,-0.668,-1,-0.147,1,1,-1,1,-1,-1,1,-0.998,0.991,-0.993,-0.926,0.997,-0.306,-1,0.998,-1,-1,-0.994,1,-1,-0.979,0.998,-1,-1,-1,1,-0.999,1,1,-0.999,1,1,0.694,-1,1,1,-1,1,1,1,0.722,1,-1,1,-1,-0.983,-1,-1,1,-1,-0.995,1,1
0.982,-0.907,0.701,0.66,-0.999,-1,-1,1,1,-0.773,-0.999,-0.343,1,1,-1,1,-0.979,-1,1,-0.993,0.689,-0.719,0.0276,0.996,1,-1,0.735,-1,-1,-0.994,1,-1,-0.974,0.961,-1,-1,-1,0.993,-0.935,1,0.997,-0.979,0.999,1,0.234,-1,1,1,-1,1,1,1,0.732,1,-0.999,1,-1,-0.532,-1,-1,1,-1,-0.998,1,1
0.987,1,0.744,0.983,-1,-1,-1,1,1,-0.72,-1,-0.184,1,1,-1,1,-1,-1,1,-0.994,0.997,-0.992,-0.946,0.995,-0.994,-1,0.994,-1,-1,-0.994,1,-1,-0.949,0.984,-0.998,-1,-1,0.999,-0.999,1,1,-0.999,0.999,0.999,0.477,-1,1,1,-1,1,1,1,0.497,1,-0.999,1,-1,-0.979,-0.999,-1,1,-1,-0.978,1,1
0.874,-0.978,0.608,0.0783,-0.0803,0.251,-0.873,0.832,0.998,-0.6,-0.852,0.116,0.858,-0.5,-0.914,0.741,0.631,-0.696,0.885,-0.979,-0.295,-0.425,0.739,0.979,1,-0.83,-0.83,-0.999,-0.111,-0.902,0.991,0.14,-0.307,-0.539,-0.974,0.812,0.247,-0.937,0.618,0.994,0.0842,0.649,0.496,0.966,-0.892,-0.898,0.246,0.862,-0.935,-0.884,1,0.891,0.233,0.877,-0.958,-0.904,-0.879,0.291,-0.973,-0.973,0.838,-0.982,0.058,0.964,1
0.9895,-0.85722,0.8147,0.60048,-0.99961,-0.99967,-0.99992,1,0.99992,-0.79768,-0.9998,0.10517,0.99992,0.99997,-0.99984,1,-0.99842,-0.99998,0.99999,-0.99473,0.72567,-0.83018,-0.32345,0.99609,0.99986,-0.99991,0.86911,-1,-1,-0.99673,1,-0.99999,-0.97174,0.97011,-0.99987,-0.99995,-0.99999,0.99378,-0.96096,1,0.99959,-0.98402,0.99967,0.99982,0.45884,-0.99974,0.99997,0.99996,-1,0.99994,1,0.99998,0.86011,0.99981,-0.99954,0.99982,-0.99991,-0.68928,-0.99981,-0.99997,0.99999,-0.99999,-0.99647,1,1
0.98697,-0.0039281,0.76638,0.68897,-0.99988,-0.9999,-0.99991,1,0.99991,-0.67136,-0.99992,-0.11893,0.99997,1,-0.99982,1,-0.99943,-0.99997,0.99998,-0.99649,0.87899,-0.92553,-0.41626,0.99775,0.99958,-0.99995,0.94363,-1,-1,-0.99232,1,-1,-0.98448,0.99006,-0.99991,-0.99999,-1,0.99753,-0.98684,1,0.99964,-0.99151,0.99979,0.99984,0.3459,-0.99978,1,0.99999,-1,0.99999,1,0.99999,0.73322,0.99988,-0.99976,0.99991,-0.99984,-0.84965,-0.99984,-0.99999,0.99999,-1,-0.99764,1,1
0.82486,-0.99999,0.76752,-0.53913,0.39953,0.26775,-0.99462,0.98003,0.99985,-0.51516,0.50412,-0.65689,0.99675,-0.907,-0.98782,0.96366,0.99958,0.84839,0.98422,-0.70275,-0.95946,0.32902,0.974,0.96338,1,-0.67796,-0.77088,-0.99999,-0.91349,-0.69644,0.39612,0.52112,-0.81279,-0.067369,-0.99982,-0.3714,0.083046,-0.88125,0.98444,0.99998,-0.99531,-0.036631,0.94109,0.99969,-0.79643,-0.32641,-0.21803,0.96984,-0.96843,-0.79886,1,0.93009,0.67472,0.99275,-0.92455,-0.98447,-0.94465,0.9618,-0.99953,-0.99288,0.9987,-0.99914,-0.84416,0.98392,1
0.94676,0.24983,0.71704,0.58228,-0.99379,-0.96743,-0.99771,0.99967,0.99969,-0.48334,-0.98862,-0.40885,0.99898,0.98805,-0.99153,0.99921,-0.81704,-0.98319,0.9979,-0.99343,0.60604,-0.73905,-0.2668,0.98857,0.97715,-0.99731,0.65518,-0.99999,-0.99839,-0.99012,0.99904,-0.96591,-0.33558,0.76631,-0.99769,-0.93919,-0.99497,0.60411,-0.74886,0.99981,0.78704,-0.86913,0.9716,0.99867,-0.24478,-0.98732,0.9578,0.99784,-0.9998,0.95428,0.99999,0.99704,0.45598,0.99706,-0.98743,0.74837,-0.98661,-0.50278,-0.99746,-0.99971,0.99916,-0.99975,-0.76432,0.99992,1
0.98709,-0.99907,0.76093,0.17701,-0.99382,-0.99866,-0.99987,0.99998,0.99987,-0.82374,-0.99691,-0.35443,0.99989,0.9999,-0.9995,1,-0.45959,-0.99994,0.99998,-0.98689,0.30979,-0.23047,0.55741,0.9966,1,-0.99993,-0.28453,-1,-1,-0.99663,1,-1,-0.97452,0.83526,-0.99992,-0.99997,-0.99997,0.98483,-0.64485,1,0.98617,-0.88347,0.9995,0.99991,0.10239,-0.9997,0.99994,0.99994,-0.99999,0.99995,1,0.99996,0.78746,0.99966,-0.99884,0.99995,-0.99992,0.25326,-0.9996,-0.9999,0.99999,-0.99999,-0.99847,0.99999,1
0.98697,0.98672,0.68659,0.95216,-0.99999,-0.99977,-0.99984,1,0.99974,-0.7074,-0.99991,-0.059687,0.99985,1,-0.99963,1,-0.99992,-0.99999,0.99997,-0.99359,0.98945,-0.96646,-0.87959,0.99707,-0.38609,-0.99998,0.96447,-1,-1,-0.99633,1,-1,-0.93432,0.96135,-0.99874,-0.99999,-1,0.99803,-0.99409,0.99997,0.99971,-0.99472,0.99929,0.9993,0.32761,-0.99984,0.99999,0.99998,-1,0.99999,1,0.99998,0.43582,0.99935,-0.99914,0.99999,-0.99965,-0.93523,-0.99881,-0.99993,0.99999,-0.99999,-0.98408,1,1
0.96451,0.99996,0.88139,0.97331,-0.99999,-0.99867,-0.99914,0.99999,0.99961,-0.59948,-0.99997,0.4202,0.99942,0.99998,-0.99895,0.99998,-1,-0.99998,0.99983,-0.99777,0.9916,-0.98586,-0.94581,0.99616,-0.99922,-0.99992,0.97161,-0.99999,-0.99997,-0.99847,1,-0.99991,-0.73365,0.95705,-0.99178,-0.99963,-0.99998,0.99505,-0.99832,0.99944,0.99994,-0.99598,0.9921,0.99702,0.18144,-0.99919,0.99997,0.99971,-1,0.99983,0.99998,0.99964,0.12028,0.99828,-0.99764,0.9998,-0.99891,-0.99132,-0.99661,-0.99987,0.99987,-0.99997,-0.90447,1,1
0.99238,-0.5006,0.8068,0.70719,-0.99988,-0.99987,-0.99994,1,0.99994,-0.80374,-0.99992,0.17804,0.99994,0.99999,-0.99992,1,-0.99973,-0.99999,0.99999,-0.99564,0.86609,-0.88878,-0.57819,0.99625,0.99948,-0.99993,0.9506,-1,-1,-0.99714,1,-0.99999,-0.9818,0.98223,-0.99989,-0.99998,-0.99999,0.99724,-0.98346,1,0.99984,-0.99283,0.99981,0.99987,0.62346,-0.99983,0.99999,0.99998,-1,0.99997,1,0.99999,0.87645,0.99987,-0.99978,0.99992,-0.99993,-0.80767,-0.99987,-0.99998,1,-1,-0.99709,1,1
0.98619,0.98946,0.7436,0.9435,-0.99999,-0.99995,-0.99995,1,0.99992,-0.74879,-0.99998,-0.14519,0.99996,1,-0.99991,1,-0.99998,-0.99999,0.99999,-0.998,0.98316,-0.9811,-0.8409,0.9961,0.78354,-0.99996,0.99067,-1,-1,-0.99504,1,-1,-0.97466,0.99433,-0.9998,-0.99999,-1,0.99912,-0.99693,1,0.99994,-0.99812,0.99975,0.99974,0.64925,-0.99976,1,0.99999,-1,0.99999,1,0.99998,0.68852,0.99983,-0.99981,0.99996,-0.99978,-0.95722,-0.99973,-0.99999,1,-1,-0.99697,1,1
0.98134,-0.95394,0.72114,0.62,-0.9989,-0.99941,-0.99989,0.99999,0.99988,-0.79378,-0.99971,-0.36121,0.99989,0.99996,-0.99971,1,-0.98552,-0.99997,0.99998,-0.99217,0.66237,-0.70879,0.0078458,0.99635,0.99996,-0.99993,0.54954,-1,-1,-0.99597,1,-1,-0.97405,0.91822,-0.99984,-0.99998,-0.99998,0.9922,-0.921,1,0.99844,-0.95981,0.9994,0.9998,0.27105,-0.99951,0.99998,0.99995,-1,0.99996,1,0.99995,0.70034,0.9996,-0.99923,0.99993,-0.99989,-0.58243,-0.99957,-0.99993,0.99999,-0.99999,-0.99777,1,1
0.98581,0.99459,0.69266,0.93246,-0.99999,-0.99996,-0.99996,1,0.99996,-0.75594,-0.99997,-0.042466,0.99997,1,-0.99997,1,-0.99998,-0.99997,1,-0.9974,0.97302,-0.97982,-0.87982,0.99143,0.70589,-0.99992,0.99529,-1,-1,-0.99501,1,-0.99998,-0.98496,0.9971,-0.99987,-0.99999,-1,0.99961,-0.99736,1,0.9999,-0.99954,0.99977,0.9998,0.74797,-0.99958,1,0.99999,-1,0.99999,1,0.99998,0.82088,0.99989,-0.99983,0.99988,-0.99977,-0.96843,-0.99981,-0.99999,1,-1,-0.99474,1,1
0.98382,0.99728,0.74277,0.95248,-0.99999,-0.99994,-0.99995,1,0.99995,-0.70308,-0.99999,-0.13548,0.99996,1,-0.99996,1,-0.99999,-0.99997,0.99999,-0.99665,0.98207,-0.98477,-0.89206,0.99425,0.4071,-0.99992,0.99576,-1,-1,-0.99484,1,-0.99999,-0.97977,0.99555,-0.99981,-0.99999,-1,0.99948,-0.99738,0.99999,0.99994,-0.99926,0.9996,0.99975,0.66045,-0.99955,1,0.99999,-1,0.99999,1,0.99996,0.77042,0.99985,-0.99984,0.99988,-0.99971,-0.97578,-0.99975,-0.99999,1,-1,-0.99558,1,1
0.96724,0.99992,0.86275,0.96029,-0.99999,-0.99865,-0.99925,1,0.99961,-0.64839,-0.99993,0.21402,0.99954,0.99998,-0.99882,0.99998,-0.99999,-0.99995,0.99983,-0.99799,0.98825,-0.97931,-0.94746,0.99609,-0.99803,-0.99987,0.97633,-0.99999,-0.99997,-0.9977,0.99999,-0.99985,-0.72943,0.97513,-0.99316,-0.99957,-0.99998,0.99495,-0.99837,0.99957,0.99984,-0.99655,0.99386,0.99811,0.3262,-0.99894,0.99992,0.99974,-1,0.99983,0.99998,0.99974,0.20311,0.99883,-0.99692,0.99954,-0.99856,-0.98833,-0.99745,-0.99989,0.99989,-0.99997,-0.88045,1,1
0.97189,0.99992,0.84182,0.96107,-1,-0.99975,-0.99973,1,0.99963,-0.73468,-0.99997,-0.10681,0.99979,1,-0.99898,1,-0.99999,-0.99999,0.99993,-0.9962,0.99444,-0.98164,-0.95087,0.99726,-0.9955,-0.99996,0.9744,-0.99999,-1,-0.99845,1,-1,-0.86707,0.97886,-0.99757,-0.99998,-1,0.99879,-0.99864,0.99987,0.99992,-0.99768,0.99829,0.99806,0.45701,-0.99942,0.99999,0.9999,-1,0.99999,0.99999,0.99992,0.19417,0.99916,-0.99872,0.99998,-0.99947,-0.99049,-0.99813,-0.99996,0.99997,-0.99999,-0.9744,1,1
0.9858,0.99975,0.73259,0.97735,-1,-0.99996,-0.99996,1,0.99993,-0.71476,-0.99999,-0.2097,0.99995,1,-0.99996,1,-1,-0.99999,0.99999,-0.99806,0.99083,-0.99465,-0.93922,0.9959,-0.78263,-0.99994,0.9983,-1,-1,-0.99476,1,-0.99999,-0.97817,0.99735,-0.99976,-1,-1,0.99976,-0.99892,0.99999,0.99998,-0.99962,0.9998,0.99963,0.71375,-0.99971,1,0.99999,-1,0.99999,1,0.99998,0.7417,0.99987,-0.99991,0.99997,-0.99977,-0.98702,-0.99975,-0.99999,1,-1,-0.99397,1,1
0.9878,0.99811,0.70671,0.94841,-1,-0.99996,-0.99996,1,0.99994,-0.71278,-0.99998,-0.15879,0.99997,1,-0.99996,1,-0.99999,-0.99998,0.99999,-0.99784,0.98668,-0.98634,-0.9018,0.99517,0.19954,-0.99994,0.99738,-1,-1,-0.99254,1,-0.99999,-0.98239,0.99737,-0.99982,-1,-1,0.99969,-0.99813,1,0.99994,-0.99946,0.99982,0.99975,0.72726,-0.9996,1,0.99999,-1,0.99999,1,0.99999,0.74734,0.9999,-0.99985,0.99994,-0.99973,-0.9819,-0.99981,-0.99999,1,-1,-0.99445,1,1
0.98863,-0.94445,0.74158,0.54431,-0.9993,-0.9998,-0.99993,1,0.99993,-0.78068,-0.99944,-0.33714,0.99997,0.99999,-0.99976,1,-0.9845,-0.99992,0.99999,-0.99435,0.73603,-0.68657,-0.047173,0.997,0.99998,-0.99994,0.771,-1,-1,-0.99346,1,-1,-0.98281,0.97504,-0.99994,-0.99999,-0.99999,0.99557,-0.95397,1,0.99731,-0.98263,0.99974,0.99991,0.34189,-0.99967,0.99999,0.99999,-1,0.99998,1,0.99999,0.72979,0.99984,-0.99935,0.99992,-0.99986,-0.55833,-0.99983,-0.99998,1,-1,-0.99821,1,1
0.98364,-0.67233,0.72916,0.7586,-0.99965,-0.99959,-0.9999,0.99999,0.99986,-0.80098,-0.99988,-0.26989,0.99986,0.99998,-0.9998,1,-0.99729,-0.99998,0.99999,-0.99196,0.81804,-0.83143,-0.29238,0.9958,0.99952,-0.99994,0.76084,-1,-1,-0.99718,1,-1,-0.97102,0.92172,-0.99977,-0.99999,-0.99999,0.99512,-0.96301,1,0.99946,-0.97948,0.99947,0.99971,0.34088,-0.99957,0.99999,0.99994,-1,0.99996,1,0.99995,0.74864,0.99961,-0.99938,0.99996,-0.99991,-0.72956,-0.99946,-0.99993,0.99999,-0.99999,-0.99797,1,1
0.93904,0.99991,0.82338,0.97377,-0.99999,-0.99764,-0.99836,0.99999,0.99942,-0.68217,-0.99995,0.20077,0.99865,0.99996,-0.99804,0.99995,-0.99997,-0.99998,0.99975,-0.99691,0.98784,-0.98118,-0.94865,0.996,-0.99851,-0.99992,0.89583,-0.99998,-0.99996,-0.99866,1,-0.99993,-0.6223,0.90511,-0.98938,-0.99964,-0.99995,0.98887,-0.99539,0.99903,0.99982,-0.99154,0.99366,0.99475,0.094299,-0.99907,0.99992,0.99957,-0.99999,0.99977,0.99996,0.99941,0.12934,0.99699,-0.99625,0.99982,-0.99883,-0.98652,-0.99296,-0.99977,0.99988,-0.99995,-0.82136,1,1
0.982,1,0.661,0.981,-1,-1,-1,1,1,-0.536,-1,-0.413,1,1,-1,1,-1,-1,1,-0.997,0.995,-0.992,-0.963,0.995,-0.992,-1,0.997,-1,-1,-0.986,1,-1,-0.954,0.998,-0.999,-1,-1,0.999,-0.998,1,1,-1,0.999,0.999,0.568,-0.999,1,1,-1,1,1,1,0.497,1,-0.999,1,-0.999,-0.982,-0.999,-1,1,-1,-0.95,1,0
0.987,1,0.819,0.992,-1,-1,-1,1,1,-0.635,-1,-0.0877,1,1,-1,1,-1,-1,1,-0.998,0.998,-0.998,-0.981,0.995,-1,-1,0.999,-1,-1,-0.991,1,-1,-0.963,0.998,-0.999,-1,-1,1,-1,1,1,-1,1,1,0.807,-1,1,1,-1,1,1,1,0.596,1,-1,1,-0.999,-0.995,-1,-1,1,-1,-0.964,1,0
0.97583,-0.98619,0.77205,0.61185,-0.99741,-0.99878,-0.99993,0.99999,0.99998,-0.81427,-0.99726,-0.38433,0.99992,0.99935,-0.99987,1,-0.72072,-0.9995,0.99997,-0.97985,0.18842,-0.53388,0.17651,0.99054,0.99999,-0.99984,0.61481,-1,-0.99999,-0.9948,0.99997,-0.99989,-0.96807,0.94722,-0.99995,-0.99988,-0.99989,0.96344,-0.83847,1,0.97088,-0.98579,0.99915,0.99991,0.29607,-0.99886,0.99928,0.99994,-0.99999,0.99951,1,0.99984,0.89734,0.99968,-0.9991,0.99681,-0.99973,0.26062,-0.99984,-0.99995,0.99999,-0.99999,-0.99726,1,0
0.98211,-0.99986,0.74713,-0.074507,-0.95427,-0.99361,-0.99979,0.99993,0.99982,-0.83219,-0.9654,-0.52203,0.9998,0.99917,-0.9988,1,0.82674,-0.99954,0.99991,-0.96984,-0.03769,0.029863,0.78563,0.99388,1,-0.99985,-0.79511,-1,-0.99998,-0.99434,0.99996,-0.99999,-0.95438,0.71064,-0.9999,-0.99989,-0.99984,0.93726,-0.15424,1,0.86772,-0.73296,0.99851,0.9999,0.014343,-0.99936,0.99927,0.99972,-0.99992,0.99962,1,0.99986,0.78626,0.99937,-0.99667,0.99964,-0.99977,0.68425,-0.9992,-0.9998,0.99998,-0.99996,-0.99776,0.99998,0
0.977,1,0.812,0.991,-1,-1,-1,1,1,-0.485,-1,-0.155,1,1,-1,1,-1,-1,1,-0.997,0.999,-0.998,-0.986,0.996,-1,-1,0.999,-1,-1,-0.989,1,-1,-0.952,0.998,-0.999,-1,-1,1,-1,1,1,-1,0.999,0.999,0.686,-0.999,1,1,-1,1,1,1,0.53,1,-1,1,-0.999,-0.997,-0.999,-1,1,-1,-0.941,1,0
0.991,0.0352,0.793,0.739,-1,-1,-1,1,1,-0.779,-1,0.232,1,1,-1,1,-1,-1,1,-0.995,0.87,-0.917,-0.667,0.995,0.999,-1,0.974,-1,-1,-0.997,1,-1,-0.98,0.991,-1,-1,-1,0.998,-0.988,1,1,-0.997,1,1,0.657,-1,1,1,-1,1,1,1,0.903,1,-1,1,-1,-0.832,-1,-1,1,-1,-0.997,1,0
0.987,0.872,0.721,0.893,-1,-1,-1,1,1,-0.738,-1,-0.112,1,1,-1,1,-1,-1,1,-0.997,0.96,-0.956,-0.74,0.996,0.981,-1,0.979,-1,-1,-0.997,1,-1,-0.979,0.984,-1,-1,-1,0.999,-0.993,1,1,-0.996,1,1,0.499,-1,1,1,-1,1,1,1,0.784,1,-1,1,-1,-0.933,-1,-1,1,-1,-0.997,1,0
0.979,1,0.812,0.991,-1,-1,-1,1,1,-0.503,-1,-0.166,1,1,-1,1,-1,-1,1,-0.997,0.999,-0.998,-0.986,0.995,-1,-1,0.999,-1,-1,-0.989,1,-1,-0.953,0.998,-0.999,-1,-1,1,-1,1,1,-1,0.999,1,0.728,-0.999,1,1,-1,1,1,1,0.578,1,-1,1,-0.999,-0.996,-1,-1,1,-1,-0.938,1,0
0.98774,0.99999,0.70784,0.98864,-1,-0.99995,-0.99991,1,0.99989,-0.73503,-0.99998,-0.075542,0.99989,1,-0.99984,1,-1,-0.99999,0.99999,-0.99434,0.99797,-0.99625,-0.9614,0.99176,-0.9993,-0.99997,0.99734,-1,-1,-0.99313,1,-1,-0.94882,0.99263,-0.99824,-1,-1,0.99957,-0.99915,0.99991,0.99993,-0.99977,0.99933,0.99923,0.71565,-0.99962,1,0.99999,-1,1,1,0.99998,0.62536,0.99963,-0.99957,0.99999,-0.99949,-0.98722,-0.99893,-0.99997,1,-1,-0.96737,1,0
0.985,1,0.793,0.989,-1,-1,-1,1,1,-0.641,-1,-0.0145,1,1,-1,1,-1,-1,1,-0.997,0.999,-0.997,-0.978,0.997,-0.999,-1,0.998,-1,-1,-0.995,1,-1,-0.951,0.995,-0.999,-1,-1,1,-0.999,1,1,-1,1,1,0.663,-1,1,1,-1,1,1,1,0.394,1,-1,1,-0.999,-0.993,-1,-1,1,-1,-0.977,1,0
0.9838,1,0.85091,0.99248,-1,-0.99997,-0.99991,1,0.99993,-0.58199,-0.99999,0.0061425,0.99997,1,-0.99994,1,-1,-0.99998,0.99999,-0.99686,0.99886,-0.99793,-0.98996,0.99544,-0.99998,-0.99995,0.99962,-1,-1,-0.99261,1,-0.99998,-0.95098,0.99809,-0.999,-0.99999,-1,0.99985,-0.99974,0.99988,0.99997,-0.9999,0.99928,0.99952,0.75221,-0.99921,1,0.99999,-1,1,1,0.99998,0.64583,0.99984,-0.99955,0.99998,-0.99922,-0.99689,-0.99952,-0.99999,1,-1,-0.91728,1,0
0.987,1,0.845,0.991,-1,-1,-1,1,1,-0.67,-1,0.213,1,1,-1,1,-1,-1,1,-0.996,0.999,-0.997,-0.987,0.995,-1,-1,0.999,-1,-1,-0.995,1,-1,-0.953,0.997,-0.999,-1,-1,1,-1,1,1,-1,0.999,1,0.773,-1,1,1,-1,1,1,1,0.665,1,-1,1,-0.999,-0.996,-1,-1,1,-1,-0.934,1,0
0.98792,1,0.78134,0.99068,-1,-0.99997,-0.99994,1,0.99993,-0.71909,-0.99999,0.067046,0.99994,1,-0.99994,1,-1,-0.99999,0.99999,-0.99711,0.99828,-0.99725,-0.98077,0.99224,-0.99982,-0.99997,0.99933,-1,-1,-0.99305,1,-0.99999,-0.95184,0.99715,-0.99884,-1,-1,0.99971,-0.99962,0.99994,0.99997,-0.99988,0.99952,0.99951,0.83314,-0.99962,1,0.99999,-1,1,1,0.99998,0.68372,0.99981,-0.99976,0.99999,-0.99952,-0.99442,-0.99953,-0.99999,1,-1,-0.95529,1,0
0.98861,0.99954,0.77663,0.97233,-1,-0.99996,-0.99996,1,0.99995,-0.71143,-0.99999,-0.010893,0.99996,1,-0.99998,1,-1,-0.99999,1,-0.99825,0.9883,-0.99176,-0.94572,0.99555,-0.56173,-0.99993,0.99858,-1,-1,-0.99628,1,-0.99999,-0.98171,0.99735,-0.99982,-1,-1,0.99977,-0.99891,1,0.99998,-0.99966,0.99979,0.99976,0.73258,-0.9997,1,0.99999,-1,0.99999,1,0.99998,0.80908,0.99992,-0.99991,0.99994,-0.99982,-0.98689,-0.99984,-0.99999,1,-1,-0.99347,1,0
0.98166,1,0.82063,0.99154,-1,-0.99996,-0.99989,1,0.99993,-0.52808,-0.99999,-0.13664,0.99997,1,-0.99993,1,-1,-0.99997,0.99999,-0.99687,0.99868,-0.99775,-0.98711,0.99482,-0.99997,-0.99994,0.99954,-1,-1,-0.98959,1,-0.99997,-0.95191,0.99847,-0.99899,-0.99999,-1,0.99984,-0.99969,0.99987,0.99996,-0.9999,0.9993,0.99948,0.74296,-0.99896,1,0.99999,-1,1,1,0.99998,0.61165,0.99983,-0.99944,0.99997,-0.99896,-0.99632,-0.9995,-0.99999,1,-1,-0.92503,1,0
0.9875,0.99871,0.72105,0.96481,-1,-0.99997,-0.99997,1,0.99994,-0.71523,-0.99999,-0.083268,0.99997,1,-0.99996,1,-1,-0.99999,0.99999,-0.99857,0.99115,-0.99228,-0.93123,0.99649,0.10021,-0.99996,0.99802,-1,-1,-0.99489,1,-0.99999,-0.98087,0.99809,-0.99985,-1,-1,0.99978,-0.99872,1,0.99997,-0.9995,0.99989,0.9998,0.71625,-0.99978,1,0.99999,-1,1,1,0.99999,0.758,0.99992,-0.99992,0.99996,-0.99979,-0.9807,-0.99983,-0.99999,1,-1,-0.99562,1,0
0.983,0.999,0.712,0.964,-1,-1,-1,1,1,-0.696,-1,-0.165,1,1,-1,1,-1,-1,1,-0.998,0.987,-0.992,-0.907,0.996,-0.214,-1,0.997,-1,-1,-0.995,1,-1,-0.977,0.996,-1,-1,-1,1,-0.998,1,1,-0.999,1,1,0.675,-1,1,1,-1,1,1,1,0.738,1,-1,1,-1,-0.981,-1,-1,1,-1,-0.996,1,0
0.976,-0.812,0.696,0.652,-0.999,-1,-1,1,1,-0.713,-1,-0.491,1,1,-1,1,-0.986,-1,1,-0.992,0.676,-0.792,0.0819,0.997,1,-1,0.802,-1,-1,-0.991,1,-1,-0.972,0.956,-1,-1,-1,0.992,-0.95,1,0.997,-0.98,0.999,1,0.0737,-0.999,1,1,-1,1,1,1,0.768,1,-0.999,1,-1,-0.574,-1,-1,1,-1,-0.998,1,0
0.98,0.988,0.7,0.932,-1,-1,-1,1,1,-0.725,-1,-0.204,1,1,-1,1,-1,-1,1,-0.996,0.968,-0.976,-0.795,0.994,0.756,-1,0.991,-1,-1,-0.995,1,-1,-0.975,0.992,-1,-1,-1,0.999,-0.996,1,1,-0.999,1,1,0.613,-1,1,1,-1,1,1,1,0.763,1,-1,1,-1,-0.953,-1,-1,1,-1,-0.997,1,0
0.989,0.998,0.714,0.964,-1,-1,-1,1,1,-0.729,-1,-0.0905,1,1,-1,1,-1,-1,1,-0.998,0.991,-0.99,-0.941,0.997,0.123,-1,0.998,-1,-1,-0.996,1,-1,-0.983,0.997,-1,-1,-1,1,-0.999,1,1,-1,1,1,0.752,-1,1,1,-1,1,1,1,0.785,1,-1,1,-1,-0.983,-1,-1,1,-1,-0.995,1,0
0.987,0.997,0.755,0.961,-1,-1,-1,1,1,-0.739,-1,-0.103,1,1,-1,1,-1,-1,1,-0.998,0.984,-0.987,-0.896,0.997,0.291,-1,0.996,-1,-1,-0.996,1,-1,-0.978,0.994,-1,-1,-1,0.999,-0.998,1,1,-0.999,1,1,0.618,-1,1,1,-1,1,1,1,0.804,1,-1,1,-1,-0.973,-1,-1,1,-1,-0.996,1,0
0.98562,0.99998,0.73383,0.98562,-1,-0.99991,-0.99988,1,0.99991,-0.68459,-0.99994,-0.007889,0.99995,1,-0.99989,1,-1,-0.99996,0.99998,-0.99585,0.99673,-0.99235,-0.97201,0.99397,-0.99883,-0.99996,0.99727,-1,-1,-0.99504,0.99999,-0.99998,-0.94585,0.99573,-0.99881,-0.99999,-1,0.9996,-0.99888,0.99996,0.9998,-0.99972,0.99923,0.99946,0.66121,-0.99936,1,0.99999,-1,0.99999,1,0.99997,0.53993,0.99981,-0.99927,0.99996,-0.99917,-0.99133,-0.99959,-0.99998,1,-1,-0.93047,1,0
0.98315,0.99999,0.7396,0.98248,-1,-0.9999,-0.99987,1,0.99992,-0.63601,-0.99994,0.12879,0.99995,1,-0.99991,1,-1,-0.99994,0.99998,-0.99678,0.9966,-0.99363,-0.97987,0.99216,-0.9997,-0.99994,0.99883,-1,-1,-0.99401,0.99998,-0.99993,-0.90546,0.99658,-0.999,-0.99998,-1,0.99956,-0.99888,0.99994,0.99983,-0.99979,0.99898,0.99952,0.77709,-0.99925,0.99999,0.99999,-1,0.99999,1,0.99997,0.67296,0.99978,-0.99929,0.99994,-0.9991,-0.99162,-0.99957,-0.99998,1,-1,-0.87223,1,0
0.98132,1,0.81125,0.99091,-1,-0.99996,-0.9999,1,0.99991,-0.55269,-0.99999,-0.14279,0.99996,1,-0.99992,1,-1,-0.99997,0.99999,-0.99634,0.99859,-0.99754,-0.98758,0.99431,-0.99996,-0.99995,0.99943,-1,-1,-0.98993,1,-0.99998,-0.95164,0.9981,-0.99891,-0.99999,-1,0.99984,-0.99966,0.99987,0.99995,-0.99988,0.99931,0.99941,0.7424,-0.99906,1,0.99999,-1,1,1,0.99998,0.60344,0.99981,-0.99946,0.99998,-0.99901,-0.99578,-0.99941,-0.99999,1,-1,-0.93272,1,0
0.986,1,0.67,0.971,-1,-1,-1,1,1,-0.76,-1,0.0398,1,1,-1,1,-1,-1,1,-0.992,0.993,-0.979,-0.943,0.992,-0.993,-1,0.987,-1,-1,-0.995,1,-1,-0.898,0.984,-0.999,-1,-1,0.999,-0.995,1,0.999,-0.999,0.998,0.999,0.528,-0.999,1,1,-1,1,1,1,0.695,1,-0.999,1,-0.999,-0.955,-0.999,-1,1,-1,-0.894,1,0
0.977,-0.962,0.74,0.683,-0.997,-0.998,-1,1,1,-0.717,-0.999,-0.306,1,1,-1,1,-0.961,-1,1,-0.99,0.547,-0.642,0.176,0.996,1,-1,0.545,-1,-1,-0.996,1,-1,-0.958,0.897,-1,-1,-1,0.984,-0.85,1,0.996,-0.95,0.998,1,0.0279,-0.999,1,1,-1,1,1,1,0.702,1,-0.999,1,-1,-0.45,-1,-1,1,-1,-0.997,1,0
0.974,0.0752,0.45,0.73,-1,-1,-1,1,1,-0.733,-0.999,-0.202,1,1,-1,1,-0.995,-1,1,-0.984,0.857,-0.879,-0.334,0.98,0.998,-1,0.929,-1,-1,-0.989,1,-1,-0.961,0.977,-1,-1,-1,0.996,-0.958,1,0.995,-0.997,0.999,1,0.623,-0.999,1,1,-1,1,1,1,0.842,1,-0.999,1,-0.999,-0.564,-1,-1,1,-1,-0.996,1,0
0.985,0.982,0.65,0.9,-1,-1,-1,1,1,-0.736,-1,-0.154,1,1,-1,1,-1,-1,1,-0.998,0.971,-0.981,-0.762,0.995,0.912,-1,0.99,-1,-1,-0.993,1,-1,-0.979,0.995,-1,-1,-1,0.999,-0.996,1,1,-0.999,1,1,0.587,-1,1,1,-1,1,1,1,0.692,1,-1,1,-1,-0.964,-1,-1,1,-1,-0.997,1,0
0.9657,0.98554,0.58048,0.92797,-0.99996,-0.99961,-0.99976,1,0.9998,-0.60658,-0.99945,-0.51094,0.9999,1,-0.99949,1,-0.99874,-0.99977,0.99993,-0.99253,0.97952,-0.94634,-0.76327,0.99332,0.3294,-0.99996,0.94894,-1,-1,-0.98421,0.99998,-0.99999,-0.94933,0.98576,-0.99921,-0.99998,-0.99999,0.998,-0.98713,0.99996,0.99653,-0.99746,0.99891,0.99938,0.097498,-0.99939,0.99999,0.99999,-1,0.99997,1,0.99996,0.43072,0.99946,-0.99899,0.99995,-0.99871,-0.8864,-0.99854,-0.99995,0.99998,-1,-0.98059,1,0
0.98422,0.99994,0.73441,0.98234,-1,-0.99996,-0.99996,1,0.99995,-0.66738,-0.99999,-0.16243,0.99997,1,-0.99998,1,-1,-0.99999,1,-0.99833,0.99474,-0.99486,-0.96564,0.99545,-0.94759,-0.99994,0.99932,-1,-1,-0.99483,1,-0.99999,-0.97999,0.99808,-0.99981,-1,-1,0.99986,-0.99927,0.99999,0.99998,-0.99979,0.99977,0.9997,0.76354,-0.99966,1,0.99999,-1,0.99999,1,0.99998,0.7582,0.99989,-0.99992,0.99995,-0.99971,-0.99183,-0.99979,-0.99999,1,-1,-0.99201,1,0
0.987,0.999,0.76,0.968,-1,-1,-1,1,1,-0.706,-1,0.00664,1,1,-1,1,-1,-1,1,-0.998,0.988,-0.99,-0.939,0.995,-0.496,-1,0.998,-1,-1,-0.996,1,-1,-0.982,0.997,-1,-1,-1,1,-0.999,1,1,-1,1,1,0.753,-1,1,1,-1,1,1,1,0.819,1,-1,1,-1,-0.986,-1,-1,1,-1,-0.993,1,0
0.98755,1,0.80831,0.99264,-1,-0.99996,-0.99994,1,0.99992,-0.66329,-0.99999,-0.10569,0.99996,1,-0.99993,1,-1,-0.99999,0.99999,-0.99745,0.99832,-0.99753,-0.97994,0.9961,-0.9996,-0.99997,0.99927,-1,-1,-0.99118,1,-0.99999,-0.96292,0.99764,-0.99908,-1,-1,0.99978,-0.99957,0.99995,0.99997,-0.99982,0.99966,0.99958,0.75551,-0.99959,1,0.99999,-1,1,1,0.99999,0.56498,0.99986,-0.99974,0.99999,-0.99951,-0.99444,-0.99964,-0.99999,1,-1,-0.96779,1,0
0.98986,1,0.83233,0.99243,-1,-0.99998,-0.99994,1,0.99995,-0.72464,-0.99999,0.20058,0.99997,1,-0.99996,1,-1,-0.99999,0.99999,-0.99742,0.9986,-0.99693,-0.9876,0.99436,-0.99994,-0.99997,0.99951,-1,-1,-0.99548,1,-0.99999,-0.95998,0.99779,-0.99917,-1,-1,0.99982,-0.99971,0.99995,0.99997,-0.99991,0.99959,0.99967,0.84077,-0.99961,1,0.99999,-1,1,1,0.99999,0.70849,0.99989,-0.99976,0.99999,-0.99958,-0.99572,-0.99972,-0.99999,1,-1,-0.93478,1,0
0.987,1,0.776,0.988,-1,-1,-1,1,1,-0.67,-1,0.141,1,1,-1,1,-1,-1,1,-0.995,0.998,-0.994,-0.973,0.994,-1,-1,0.998,-1,-1,-0.995,1,-1,-0.944,0.995,-0.999,-1,-1,1,-0.999,1,1,-1,0.999,0.999,0.685,-0.999,1,1,-1,1,1,1,0.68,1,-0.999,1,-0.999,-0.991,-0.999,-1,1,-1,-0.952,1,0
0.98062,-0.27211,0.75527,0.77716,-0.99981,-0.99971,-0.99992,1,0.99986,-0.78365,-0.99994,-0.24093,0.99985,0.99998,-0.99984,1,-0.99938,-0.99999,0.99999,-0.99183,0.86656,-0.88339,-0.41375,0.99618,0.99868,-0.99995,0.85827,-1,-1,-0.99768,1,-1,-0.97201,0.95419,-0.99979,-0.99999,-0.99999,0.99669,-0.98009,1,0.99982,-0.98601,0.99949,0.99968,0.37897,-0.99977,0.99999,0.99996,-1,0.99997,1,0.99996,0.80044,0.99964,-0.99968,0.99996,-0.99991,-0.7594,-0.99951,-0.99994,0.99999,-0.99999,-0.9982,1,0
0.987,1,0.775,0.988,-1,-1,-1,1,1,-0.668,-1,0.138,1,1,-1,1,-1,-1,1,-0.994,0.998,-0.994,-0.974,0.994,-1,-1,0.998,-1,-1,-0.995,1,-1,-0.943,0.995,-0.999,-1,-1,1,-0.999,1,1,-1,0.999,0.999,0.684,-0.999,1,1,-1,1,1,1,0.677,1,-0.999,1,-0.999,-0.991,-0.999,-1,1,-1,-0.95,1,0
0.981,1,0.751,0.986,-1,-1,-1,1,1,-0.459,-1,-0.328,1,1,-1,1,-1,-1,1,-0.998,0.997,-0.996,-0.973,0.996,-0.999,-1,0.999,-1,-1,-0.984,1,-1,-0.966,0.999,-0.999,-1,-1,1,-0.999,1,1,-1,0.999,1,0.656,-0.999,1,1,-1,1,1,1,0.588,1,-0.999,1,-0.999,-0.993,-1,-1,1,-1,-0.958,1,0
0.982,1,0.678,0.963,-1,-1,-1,1,1,-0.665,-1,-0.461,1,1,-1,1,-1,-1,1,-0.996,0.993,-0.992,-0.94,0.986,-0.981,-1,0.996,-1,-1,-0.981,1,-1,-0.967,0.997,-0.999,-1,-1,1,-0.999,1,1,-1,0.999,0.999,0.677,-1,1,1,-1,1,1,1,0.571,1,-0.999,1,-0.999,-0.977,-0.999,-1,1,-1,-0.974,1,0
0.979,0.974,0.669,0.933,-1,-1,-1,1,1,-0.72,-1,-0.183,1,1,-1,1,-1,-1,1,-0.995,0.96,-0.972,-0.727,0.996,0.823,-1,0.979,-1,-1,-0.996,1,-1,-0.965,0.969,-1,-1,-1,0.998,-0.994,1,1,-0.996,0.999,1,0.37,-1,1,1,-1,1,1,1,0.736,1,-1,1,-1,-0.943,-0.999,-1,1,-1,-0.997,1,0
0.981,0.637,0.748,0.886,-1,-1,-1,1,1,-0.757,-1,-0.0607,1,1,-1,1,-1,-1,1,-0.996,0.924,-0.938,-0.664,0.997,0.996,-1,0.954,-1,-1,-0.998,1,-1,-0.971,0.974,-1,-1,-1,0.997,-0.991,1,1,-0.991,1,1,0.518,-1,1,1,-1,1,1,1,0.715,1,-1,1,-1,-0.908,-1,-1,1,-1,-0.998,1,0
0.986,1,0.785,0.99,-1,-1,-1,1,1,-0.663,-1,0.141,1,1,-1,1,-1,-1,1,-0.997,0.998,-0.996,-0.983,0.995,-1,-1,0.999,-1,-1,-0.995,1,-1,-0.955,0.997,-0.999,-1,-1,1,-1,1,1,-1,0.999,1,0.785,-0.999,1,1,-1,1,1,1,0.582,1,-1,1,-0.999,-0.995,-1,-1,1,-1,-0.931,1,0
0.99,0.0769,0.813,0.757,-1,-1,-1,1,1,-0.783,-1,0.124,1,1,-1,1,-1,-1,1,-0.994,0.862,-0.913,-0.681,0.995,0.998,-1,0.964,-1,-1,-0.997,1,-1,-0.979,0.985,-1,-1,-1,0.998,-0.987,1,1,-0.996,1,1,0.574,-1,1,1,-1,1,1,1,0.884,1,-1,1,-1,-0.834,-1,-1,1,-1,-0.997,1,0
0.985,1,0.82,0.99,-1,-1,-1,1,1,-0.676,-1,0.194,1,1,-1,1,-1,-1,1,-0.995,0.998,-0.996,-0.983,0.995,-1,-1,0.999,-1,-1,-0.996,1,-1,-0.93,0.992,-0.998,-1,-1,1,-0.999,1,1,-1,0.999,0.999,0.64,-0.999,1,1,-1,1,1,1,0.627,1,-0.999,1,-0.999,-0.994,-0.999,-1,1,-1,-0.924,1,0
0.98,1,0.829,0.991,-1,-1,-1,1,1,-0.501,-1,-0.137,1,1,-1,1,-1,-1,1,-0.998,0.999,-0.998,-0.986,0.996,-1,-1,1,-1,-1,-0.989,1,-1,-0.957,0.999,-0.999,-1,-1,1,-1,1,1,-1,0.999,1,0.741,-0.999,1,1,-1,1,1,1,0.582,1,-1,1,-0.999,-0.996,-1,-1,1,-1,-0.946,1,0
0.99,1,0.842,0.992,-1,-1,-1,1,1,-0.707,-1,0.204,1,1,-1,1,-1,-1,1,-0.997,0.999,-0.997,-0.988,0.995,-1,-1,1,-1,-1,-0.994,1,-1,-0.962,0.998,-0.999,-1,-1,1,-1,1,1,-1,1,1,0.827,-1,1,1,-1,1,1,1,0.737,1,-1,1,-0.999,-0.997,-1,-1,1,-1,-0.922,1,0
0.991,1,0.808,0.99,-1,-1,-1,1,1,-0.671,-1,0.117,1,1,-1,1,-1,-1,1,-0.997,0.998,-0.997,-0.979,0.995,-1,-1,0.999,-1,-1,-0.993,1,-1,-0.966,0.998,-0.999,-1,-1,1,-1,1,1,-1,1,1,0.783,-1,1,1,-1,1,1,1,0.728,1,-1,1,-1,-0.994,-1,-1,1,-1,-0.959,1,0
0.983,0.665,0.779,0.892,-1,-1,-1,1,1,-0.748,-1,-0.0279,1,1,-1,1,-1,-1,1,-0.995,0.93,-0.934,-0.673,0.996,0.983,-1,0.949,-1,-1,-0.998,1,-1,-0.961,0.958,-1,-1,-1,0.997,-0.988,1,1,-0.992,0.999,1,0.464,-1,1,1,-1,1,1,1,0.801,1,-1,1,-1,-0.894,-1,-1,1,-1,-0.997,1,0
0.98657,0.97728,0.71747,0.93795,-0.99999,-0.99992,-0.99996,1,0.9999,-0.7476,-0.99998,-0.18215,0.99994,1,-0.99993,1,-0.99998,-0.99999,0.99999,-0.99663,0.97681,-0.97575,-0.8355,0.99701,0.85593,-0.99996,0.99134,-1,-1,-0.99549,1,-1,-0.97618,0.98999,-0.9998,-1,-1,0.99929,-0.9961,1,0.99994,-0.99793,0.9998,0.99975,0.56165,-0.99973,1,0.99998,-1,0.99999,1,0.99998,0.73942,0.99983,-0.99983,0.99997,-0.99986,-0.95079,-0.9997,-0.99998,1,-1,-0.99733,1,0
0.981,0.526,0.757,0.866,-1,-1,-1,1,1,-0.762,-1,-0.0115,1,1,-1,1,-1,-1,1,-0.997,0.916,-0.936,-0.615,0.997,0.998,-1,0.957,-1,-1,-0.997,1,-1,-0.973,0.979,-1,-1,-1,0.997,-0.991,1,1,-0.992,1,1,0.502,-1,1,1,-1,1,1,1,0.747,1,-1,1,-1,-0.883,-1,-1,1,-1,-0.998,1,0
0.99351,0.6178,0.79762,0.80469,-0.99997,-0.99997,-0.99997,1,0.99995,-0.80576,-0.99997,0.2054,0.99996,1,-0.99996,1,-0.99998,-0.99999,1,-0.99719,0.94641,-0.94858,-0.85247,0.99677,0.9967,-0.99992,0.98931,-1,-1,-0.9973,1,-1,-0.98786,0.99614,-0.99991,-0.99999,-1,0.99933,-0.99537,1,0.99995,-0.99822,0.99992,0.99989,0.76875,-0.9999,1,0.99999,-1,0.99999,1,0.99999,0.87601,0.99992,-0.99992,0.99994,-0.99993,-0.93031,-0.99992,-0.99999,1,-1,-0.9976,1,0
0.98933,0.99999,0.77778,0.98624,-1,-0.99997,-0.99994,1,0.99993,-0.67625,-0.99996,-0.15544,0.99998,1,-0.99994,1,-1,-0.99997,0.99999,-0.99685,0.99792,-0.99461,-0.97668,0.99462,-0.99855,-0.99998,0.99911,-1,-1,-0.99021,1,-0.99999,-0.97186,0.99857,-0.99951,-1,-1,0.99978,-0.99936,0.99997,0.99991,-0.99988,0.99968,0.99971,0.77815,-0.9996,1,1,-1,1,1,0.99999,0.68446,0.99989,-0.99973,0.99998,-0.99936,-0.98982,-0.99968,-0.99999,1,-1,-0.96901,1,0
0.974,0.936,0.657,0.925,-1,-1,-1,1,1,-0.701,-1,-0.235,1,1,-1,1,-1,-1,1,-0.996,0.961,-0.967,-0.726,0.996,0.944,-1,0.969,-1,-1,-0.996,1,-1,-0.963,0.972,-1,-1,-1,0.998,-0.991,1,1,-0.995,0.999,1,0.435,-1,1,1,-1,1,1,1,0.626,1,-1,1,-1,-0.935,-0.999,-1,1,-1,-0.997,1,0
0.98905,0.975,0.73532,0.91599,-0.99998,-0.99992,-0.99994,1,0.99994,-0.73627,-0.99998,-0.048013,0.99996,1,-0.99994,1,-0.99998,-0.99998,0.99999,-0.99775,0.97371,-0.97568,-0.82846,0.9965,0.92012,-0.99994,0.99073,-1,-1,-0.99675,1,-0.99999,-0.9802,0.99343,-0.99984,-0.99999,-1,0.99922,-0.99637,1,0.99993,-0.99828,0.99976,0.99974,0.58545,-0.99966,1,0.99998,-1,0.99998,1,0.99998,0.77141,0.99989,-0.99976,0.99991,-0.99984,-0.96194,-0.99984,-0.99999,1,-1,-0.99642,1,0
0.987,0.997,0.685,0.949,-1,-1,-1,1,1,-0.692,-1,-0.212,1,1,-1,1,-1,-1,1,-0.998,0.986,-0.992,-0.883,0.997,0.58,-1,0.997,-1,-1,-0.993,1,-1,-0.982,0.997,-1,-1,-1,1,-0.998,1,1,-0.999,1,1,0.665,-1,1,1,-1,1,1,1,0.679,1,-1,1,-1,-0.98,-1,-1,1,-1,-0.996,1,0
0.988,0.991,0.753,0.941,-1,-1,-1,1,1,-0.759,-1,-0.0694,1,1,-1,1,-1,-1,1,-0.998,0.975,-0.985,-0.91,0.996,0.775,-1,0.996,-1,-1,-0.997,1,-1,-0.981,0.996,-1,-1,-1,1,-0.998,1,1,-0.999,1,1,0.693,-1,1,1,-1,1,1,1,0.832,1,-1,1,-1,-0.965,-1,-1,1,-1,-0.996,1,0
0.978,-0.936,0.782,0.568,-0.999,-0.999,-1,1,1,-0.801,-1,-0.315,1,1,-1,1,-0.98,-1,1,-0.985,0.627,-0.614,-0.0636,0.995,1,-1,0.373,-1,-1,-0.997,1,-1,-0.972,0.87,-1,-1,-1,0.992,-0.919,1,0.998,-0.964,0.999,1,0.183,-1,1,1,-1,1,1,1,0.822,1,-0.999,1,-1,-0.337,-0.999,-1,1,-1,-0.998,1,0
0.98771,0.99999,0.78675,0.98835,-1,-0.99996,-0.99991,1,0.99992,-0.70864,-0.99997,0.089115,0.99995,1,-0.99988,1,-1,-0.99999,0.99999,-0.99501,0.99808,-0.99455,-0.97773,0.99545,-0.99969,-0.99997,0.99791,-1,-1,-0.99605,1,-0.99999,-0.94889,0.9943,-0.99885,-1,-1,0.99971,-0.99923,0.99994,0.99991,-0.99974,0.99938,0.9995,0.70594,-0.99954,1,0.99999,-1,1,1,0.99998,0.6012,0.9998,-0.99942,0.99999,-0.99942,-0.99138,-0.99938,-0.99998,1,-1,-0.94981,1,0
0.98463,0.99991,0.75145,0.98017,-1,-0.99997,-0.99997,1,0.99995,-0.69023,-0.99999,-0.11886,0.99997,1,-0.99998,1,-1,-0.99999,1,-0.9984,0.99089,-0.99565,-0.96598,0.99603,-0.87301,-0.99994,0.99924,-1,-1,-0.99612,1,-0.99999,-0.98547,0.99868,-0.99984,-1,-1,0.99989,-0.99933,0.99999,0.99999,-0.99981,0.99985,0.99974,0.76876,-0.99975,1,0.99999,-1,0.99999,1,0.99999,0.78776,0.99993,-0.99994,0.99994,-0.99978,-0.99165,-0.99983,-0.99999,1,-1,-0.99145,1,0
0.98515,0.99999,0.80095,0.98596,-1,-0.99996,-0.99993,1,0.99993,-0.70728,-0.99998,0.0019039,0.99996,1,-0.99993,1,-1,-0.99998,0.99999,-0.99552,0.99754,-0.99459,-0.97315,0.99286,-0.99964,-0.99997,0.99881,-1,-1,-0.99488,1,-0.99999,-0.94786,0.99648,-0.99917,-1,-1,0.99978,-0.99925,0.99995,0.99992,-0.99983,0.9994,0.99964,0.77982,-0.99943,1,0.99999,-1,1,1,0.99998,0.6802,0.99983,-0.99963,0.99999,-0.99945,-0.99141,-0.99955,-0.99999,1,-1,-0.95498,1,0
0.98792,1,0.80764,0.99091,-1,-0.99996,-0.99993,1,0.99994,-0.68288,-0.99998,0.01721,0.99997,1,-0.99994,1,-1,-0.99998,0.99999,-0.99645,0.99828,-0.99642,-0.98479,0.99486,-0.99983,-0.99997,0.99922,-1,-1,-0.99453,1,-0.99999,-0.95922,0.99744,-0.99916,-1,-1,0.99978,-0.99953,0.99995,0.99996,-0.99988,0.99945,0.99955,0.77426,-0.99954,1,0.99999,-1,1,1,0.99998,0.64767,0.99986,-0.99965,0.99998,-0.99943,-0.99438,-0.99966,-0.99999,1,-1,-0.94544,1,0
0.982,1,0.807,0.991,-1,-1,-1,1,1,-0.567,-1,-0.174,1,1,-1,1,-1,-1,1,-0.996,0.999,-0.997,-0.987,0.994,-1,-1,0.999,-1,-1,-0.989,1,-1,-0.954,0.998,-0.999,-1,-1,1,-1,1,1,-1,0.999,0.999,0.757,-0.999,1,1,-1,1,1,1,0.63,1,-0.999,1,-0.999,-0.996,-0.999,-1,1,-1,-0.932,1,0
0.99054,0.92881,0.80886,0.92853,-0.99999,-0.99995,-0.99997,1,0.99993,-0.78882,-0.99998,-0.025595,0.99995,1,-0.99996,1,-0.99999,-1,1,-0.99677,0.96985,-0.96865,-0.87861,0.99712,0.94638,-0.99996,0.99028,-1,-1,-0.99785,1,-1,-0.98014,0.99402,-0.99986,-1,-1,0.99944,-0.99605,1,0.99996,-0.99829,0.99989,0.99984,0.74078,-0.99986,1,0.99999,-1,0.99999,1,0.99999,0.82381,0.9999,-0.9999,0.99997,-0.99992,-0.94109,-0.99987,-0.99998,1,-1,-0.99775,1,0
0.988,1,0.7,0.969,-1,-1,-1,1,1,-0.752,-1,0.00794,1,1,-1,1,-1,-1,1,-0.994,0.994,-0.986,-0.957,0.991,-0.996,-1,0.995,-1,-1,-0.993,1,-1,-0.927,0.994,-0.999,-1,-1,0.999,-0.997,1,1,-1,0.999,0.999,0.675,-0.999,1,1,-1,1,1,1,0.715,1,-0.999,1,-0.999,-0.974,-0.999,-1,1,-1,-0.911,1,0
0.98645,0.67647,0.74035,0.8249,-0.99993,-0.99984,-0.99993,1,0.99993,-0.73848,-0.99996,0.0032733,0.99993,0.99999,-0.99992,1,-0.99989,-0.99999,0.99999,-0.996,0.93203,-0.94962,-0.66335,0.99582,0.99428,-0.99994,0.96103,-1,-1,-0.99709,1,-0.99999,-0.97862,0.98734,-0.99981,-0.99998,-0.99999,0.99822,-0.9917,1,0.9999,-0.99552,0.99972,0.99975,0.51378,-0.99975,0.99999,0.99998,-1,0.99997,1,0.99998,0.78017,0.99978,-0.9998,0.99991,-0.9999,-0.90727,-0.99978,-0.99997,1,-1,-0.99754,1,0
0.971,-0.765,0.725,0.711,-0.999,-0.999,-1,1,1,-0.775,-1,-0.343,1,1,-1,1,-0.993,-1,1,-0.987,0.758,-0.758,-0.111,0.995,1,-1,0.479,-1,-1,-0.998,1,-1,-0.964,0.841,-1,-1,-1,0.992,-0.945,1,0.999,-0.962,0.999,1,0.0958,-0.999,1,1,-1,1,1,1,0.754,0.999,-0.999,1,-1,-0.567,-0.999,-1,1,-1,-0.998,1,0
0.983,1,0.769,0.985,-1,-1,-1,1,1,-0.696,-1,0.0322,1,1,-1,1,-1,-1,1,-0.993,0.997,-0.991,-0.96,0.995,-0.999,-1,0.994,-1,-1,-0.997,1,-1,-0.918,0.984,-0.998,-1,-1,0.999,-0.999,1,1,-0.999,0.999,0.999,0.477,-0.999,1,1,-1,1,1,1,0.576,1,-0.999,1,-0.999,-0.987,-0.999,-1,1,-1,-0.939,1,0
0.986,1,0.737,0.98,-1,-1,-1,1,1,-0.679,-1,-0.157,1,1,-1,1,-1,-1,1,-0.999,0.995,-0.995,-0.975,0.995,-0.918,-1,1,-1,-1,-0.995,1,-1,-0.985,0.999,-1,-1,-1,1,-0.999,1,1,-1,1,1,0.801,-1,1,1,-1,1,1,1,0.813,1,-1,1,-1,-0.994,-1,-1,1,-1,-0.988,1,0
0.98699,1,0.84298,0.99153,-1,-0.99997,-0.99993,1,0.99995,-0.69251,-0.99999,0.28439,0.99996,1,-0.99995,1,-1,-0.99999,0.99999,-0.99705,0.99867,-0.99732,-0.98851,0.99405,-0.99998,-0.99996,0.99953,-1,-1,-0.99585,1,-0.99998,-0.95117,0.9974,-0.99876,-1,-1,0.9998,-0.99971,0.99992,0.99997,-0.99991,0.99932,0.99962,0.81812,-0.99951,1,0.99999,-1,1,1,0.99998,0.6652,0.99986,-0.99962,0.99998,-0.99946,-0.99685,-0.99962,-0.99999,1,-1,-0.90595,1,0
0.99,1,0.853,0.993,-1,-1,-1,1,1,-0.716,-1,0.212,1,1,-1,1,-1,-1,1,-0.998,0.999,-0.997,-0.991,0.995,-1,-1,1,-1,-1,-0.995,1,-1,-0.962,0.998,-0.999,-1,-1,1,-1,1,1,-1,1,1,0.857,-1,1,1,-1,1,1,1,0.711,1,-1,1,-1,-0.997,-1,-1,1,-1,-0.921,1,0
0.98518,0.99938,0.70486,0.97258,-1,-0.99994,-0.99995,1,0.99993,-0.73954,-0.99999,-0.19832,0.99995,1,-0.99995,1,-1,-0.99999,0.99999,-0.99748,0.98938,-0.99114,-0.92791,0.99546,-0.5924,-0.99995,0.9975,-1,-1,-0.99466,1,-0.99999,-0.97607,0.99495,-0.99975,-1,-1,0.9996,-0.99853,0.99999,0.99997,-0.99941,0.99968,0.99961,0.66402,-0.9996,1,0.99999,-1,0.99999,1,0.99998,0.75166,0.99984,-0.99983,0.99996,-0.99977,-0.98359,-0.99968,-0.99999,1,-1,-0.99414,1,0
0.98584,0.97813,0.70834,0.89855,-0.99999,-0.99997,-0.99997,1,0.99996,-0.75119,-0.99997,-0.12994,0.99998,1,-0.99996,1,-0.99999,-0.99998,1,-0.9966,0.96903,-0.97711,-0.84202,0.99398,0.95181,-0.99994,0.99335,-1,-1,-0.99499,1,-0.99999,-0.98889,0.99752,-0.99989,-1,-1,0.99963,-0.99725,1,0.99993,-0.99936,0.99987,0.99984,0.6846,-0.99976,1,0.99999,-1,0.99999,1,0.99999,0.8125,0.99991,-0.99991,0.99993,-0.99983,-0.95547,-0.99986,-0.99999,1,-1,-0.9968,1,0
0.985,1,0.798,0.989,-1,-1,-1,1,1,-0.668,-1,-0.109,1,1,-1,1,-1,-1,1,-0.998,0.995,-0.996,-0.975,0.995,-0.993,-1,1,-1,-1,-0.994,1,-1,-0.977,0.998,-1,-1,-1,1,-1,1,1,-1,1,1,0.799,-1,1,1,-1,1,1,1,0.772,1,-1,1,-1,-0.994,-1,-1,1,-1,-0.986,1,0
0.98537,1,0.78835,0.98922,-1,-0.99995,-0.99988,1,0.99991,-0.67253,-0.99998,0.096321,0.99994,1,-0.99986,1,-1,-0.99998,0.99998,-0.99446,0.99816,-0.99535,-0.97961,0.99458,-0.99988,-0.99997,0.998,-1,-1,-0.99578,1,-0.99999,-0.94098,0.99326,-0.99862,-1,-1,0.99969,-0.99927,0.9999,0.9999,-0.99976,0.99908,0.99938,0.67139,-0.99942,1,0.99999,-1,1,1,0.99997,0.6043,0.99975,-0.99927,0.99999,-0.99932,-0.99219,-0.99914,-0.99998,1,-1,-0.93357,1,0
0.988,0.998,0.727,0.96,-1,-1,-1,1,1,-0.742,-1,-0.0816,1,1,-1,1,-1,-1,1,-0.998,0.989,-0.988,-0.929,0.996,0.0998,-1,0.997,-1,-1,-0.996,1,-1,-0.981,0.998,-1,-1,-1,1,-0.998,1,1,-0.999,1,1,0.762,-1,1,1,-1,1,1,1,0.746,1,-1,1,-1,-0.981,-1,-1,1,-1,-0.995,1,0
0.981,1,0.675,0.973,-1,-1,-1,1,1,-0.617,-1,-0.048,1,1,-1,1,-1,-1,1,-0.998,0.993,-0.991,-0.965,0.995,-0.696,-1,0.999,-1,-1,-0.995,1,-1,-0.983,0.998,-1,-1,-1,1,-0.999,1,1,-1,1,1,0.768,-1,1,1,-1,1,1,1,0.797,1,-1,1,-1,-0.989,-1,-1,1,-1,-0.993,1,0
0.9872,1,0.81129,0.99212,-1,-0.99997,-0.99993,1,0.99995,-0.69081,-0.99999,0.13707,0.99996,1,-0.99995,1,-1,-0.99998,0.99999,-0.99602,0.99859,-0.99701,-0.98704,0.99384,-0.99996,-0.99996,0.99951,-1,-1,-0.99368,1,-0.99998,-0.9555,0.99737,-0.99885,-1,-1,0.99979,-0.99967,0.99993,0.99995,-0.99991,0.99935,0.99956,0.79748,-0.99942,1,0.99999,-1,1,1,0.99998,0.66295,0.99985,-0.9996,0.99998,-0.99936,-0.99618,-0.99958,-0.99999,1,-1,-0.92248,1,0
0.991,0.992,0.436,0.906,-1,-1,-1,1,1,-0.842,-0.979,-0.12,1,1,-1,1,-0.986,-0.999,1,-0.975,0.993,-0.933,-0.774,0.972,-0.689,-1,0.936,-1,-1,-0.992,1,-1,-0.899,0.991,-0.999,-1,-1,0.998,-0.969,1,0.966,-0.999,0.999,1,0.748,-0.999,1,1,-1,1,1,1,0.735,1,-0.998,1,-0.998,-0.717,-0.999,-1,1,-1,-0.915,1,0
0.979,1,0.816,0.991,-1,-1,-1,1,1,-0.507,-1,-0.158,1,1,-1,1,-1,-1,1,-0.997,0.999,-0.998,-0.986,0.995,-1,-1,0.999,-1,-1,-0.989,1,-1,-0.953,0.998,-0.999,-1,-1,1,-1,1,1,-1,0.999,1,0.729,-0.999,1,1,-1,1,1,1,0.576,1,-1,1,-0.999,-0.996,-0.999,-1,1,-1,-0.938,1,0
0.99143,0.99998,0.76247,0.98751,-1,-0.99995,-0.99994,1,0.99993,-0.70947,-0.99998,-0.083876,0.99996,1,-0.99994,1,-1,-0.99998,0.99999,-0.99776,0.99765,-0.99515,-0.96699,0.9943,-0.99756,-0.99997,0.99884,-1,-1,-0.99179,1,-0.99999,-0.97106,0.99779,-0.99934,-1,-1,0.9997,-0.99936,0.99997,0.99995,-0.99983,0.99964,0.99961,0.76623,-0.99968,1,1,-1,1,1,0.99999,0.65458,0.99985,-0.99974,0.99998,-0.99951,-0.9907,-0.9997,-0.99999,1,-1,-0.97471,1,0
0.98618,0.13618,0.76652,0.84656,-0.9999,-0.9998,-0.99994,1,0.99988,-0.79683,-0.99996,-0.096079,0.99987,0.99999,-0.99987,1,-0.99974,-0.99999,0.99999,-0.99455,0.91271,-0.91467,-0.58492,0.99696,0.99569,-0.99996,0.89745,-1,-1,-0.99843,1,-1,-0.9683,0.95647,-0.99972,-0.99999,-0.99999,0.99744,-0.98563,1,0.99986,-0.9879,0.99969,0.99972,0.48794,-0.99978,0.99999,0.99996,-1,0.99998,1,0.99997,0.75298,0.99968,-0.99967,0.99998,-0.99993,-0.846,-0.99963,-0.99995,0.99999,-0.99999,-0.99833,1,0
0.982,0.996,0.73,0.957,-1,-1,-1,1,1,-0.685,-1,-0.0347,1,1,-1,1,-1,-1,1,-0.996,0.972,-0.985,-0.863,0.994,0.24,-1,0.995,-1,-1,-0.997,1,-1,-0.971,0.991,-1,-1,-1,0.999,-0.997,1,1,-0.999,1,1,0.606,-1,1,1,-1,1,1,1,0.815,1,-1,1,-1,-0.966,-1,-1,1,-1,-0.996,1,0
0.98536,0.99999,0.75463,0.98409,-1,-0.99995,-0.99992,1,0.99991,-0.69107,-0.99996,-0.19067,0.99996,1,-0.9999,1,-1,-0.99996,0.99999,-0.99694,0.99687,-0.99442,-0.96681,0.99258,-0.99885,-0.99996,0.99844,-1,-1,-0.99066,0.99999,-0.99999,-0.95837,0.99752,-0.99939,-1,-1,0.99976,-0.99917,0.99995,0.99989,-0.99982,0.99945,0.99957,0.79113,-0.99937,1,0.99999,-1,1,1,0.99998,0.61983,0.99983,-0.99955,0.99998,-0.99924,-0.9858,-0.99943,-0.99999,1,-1,-0.96171,1,0
0.98826,0.90459,0.80795,0.87747,-0.99997,-0.99994,-0.99996,1,0.99995,-0.72953,-0.99998,0.046602,0.99996,1,-0.99996,1,-0.99997,-0.99999,1,-0.99621,0.93836,-0.96966,-0.77101,0.99705,0.98851,-0.99994,0.98741,-1,-1,-0.99688,1,-0.99999,-0.98197,0.99443,-0.99987,-0.99999,-1,0.99931,-0.99616,1,0.99994,-0.99779,0.99985,0.99982,0.54696,-0.9998,1,0.99999,-1,0.99998,1,0.99999,0.82071,0.99992,-0.9999,0.99993,-0.9999,-0.93336,-0.99986,-0.99999,1,-1,-0.9977,1,0
0.991,1,0.824,0.991,-1,-1,-1,1,1,-0.691,-1,0.0893,1,1,-1,1,-1,-1,1,-0.997,0.998,-0.997,-0.985,0.995,-1,-1,1,-1,-1,-0.993,1,-1,-0.965,0.998,-0.999,-1,-1,1,-1,1,1,-1,1,1,0.808,-1,1,1,-1,1,1,1,0.708,1,-1,1,-0.999,-0.995,-1,-1,1,-1,-0.94,1,0
0.989,0.999,0.784,0.979,-1,-1,-1,1,1,-0.763,-1,-0.0553,1,1,-1,1,-1,-1,1,-0.998,0.991,-0.992,-0.946,0.997,-0.656,-1,0.998,-1,-1,-0.996,1,-1,-0.975,0.997,-1,-1,-1,1,-0.999,1,1,-0.999,1,1,0.762,-1,1,1,-1,1,1,1,0.755,1,-1,1,-1,-0.985,-1,-1,1,-1,-0.994,1,0
0.99086,0.9982,0.77811,0.95488,-1,-0.99997,-0.99997,1,0.99996,-0.74124,-0.99999,0.12192,0.99997,1,-0.99998,1,-1,-0.99999,1,-0.99808,0.98442,-0.98854,-0.94261,0.99593,0.2786,-0.99993,0.99792,-1,-1,-0.99705,1,-0.99999,-0.9865,0.99836,-0.99986,-1,-1,0.99978,-0.99878,1,0.99998,-0.99966,0.99987,0.99984,0.7621,-0.99978,1,0.99999,-1,0.99999,1,0.99999,0.8286,0.99993,-0.99993,0.99992,-0.99986,-0.98409,-0.99989,-0.99999,1,-1,-0.99485,1,0
0.985,1,0.768,0.988,-1,-1,-1,1,1,-0.592,-1,-0.283,1,1,-1,1,-1,-1,1,-0.998,0.998,-0.996,-0.98,0.995,-1,-1,0.999,-1,-1,-0.988,1,-1,-0.966,0.999,-0.999,-1,-1,1,-0.999,1,1,-1,1,1,0.778,-0.999,1,1,-1,1,1,1,0.643,1,-1,1,-0.999,-0.994,-1,-1,1,-1,-0.95,1,0
0.991,1,0.801,0.988,-1,-1,-1,1,1,-0.708,-1,-0.0108,1,1,-1,1,-1,-1,1,-0.998,0.998,-0.994,-0.98,0.995,-0.999,-1,0.999,-1,-1,-0.994,1,-1,-0.972,0.999,-1,-1,-1,1,-0.999,1,1,-1,1,1,0.817,-1,1,1,-1,1,1,1,0.759,1,-1,1,-1,-0.992,-1,-1,1,-1,-0.97,1,0
0.98533,-0.99941,0.77578,-0.14857,-0.98067,-0.99694,-0.99981,0.99996,0.99979,-0.87842,-0.98248,-0.30397,0.99981,0.9992,-0.99922,1,0.052793,-0.99974,0.99995,-0.95855,-0.014794,-0.17749,0.59148,0.98955,1,-0.99971,-0.54672,-0.99999,-0.99998,-0.99493,0.99996,-0.99998,-0.97404,0.81407,-0.99988,-0.99987,-0.99988,0.96425,-0.37006,1,0.95942,-0.90111,0.99922,0.99985,0.31155,-0.99908,0.99926,0.99971,-0.99995,0.99956,1,0.9999,0.86234,0.99962,-0.9983,0.99952,-0.99983,0.48612,-0.99938,-0.99985,0.99998,-0.99997,-0.99694,0.99999,0
0.97959,1,0.82847,0.99241,-1,-0.99996,-0.9999,1,0.99991,-0.51306,-0.99999,-0.22373,0.99997,1,-0.99993,1,-1,-0.99998,0.99999,-0.99772,0.99869,-0.99808,-0.98798,0.99561,-0.99995,-0.99994,0.99949,-1,-1,-0.98919,1,-0.99998,-0.95845,0.99856,-0.99907,-0.99999,-1,0.99987,-0.99967,0.9999,0.99997,-0.99988,0.99946,0.99949,0.74149,-0.99901,1,0.99999,-1,1,1,0.99998,0.56147,0.99984,-0.99955,0.99997,-0.99912,-0.99693,-0.99954,-0.99999,1,-1,-0.9435,1,0
0.988,0.999,0.71,0.962,-1,-1,-1,1,1,-0.687,-1,-0.152,1,1,-1,1,-1,-1,1,-0.999,0.989,-0.993,-0.91,0.997,0.198,-1,0.998,-1,-1,-0.993,1,-1,-0.983,0.998,-1,-1,-1,1,-0.999,1,1,-0.999,1,1,0.695,-1,1,1,-1,1,1,1,0.701,1,-1,1,-1,-0.986,-1,-1,1,-1,-0.994,1,0
0.984,1,0.765,0.986,-1,-1,-1,1,1,-0.677,-1,0.0356,1,1,-1,1,-1,-1,1,-0.994,0.997,-0.993,-0.977,0.992,-1,-1,0.998,-1,-1,-0.995,1,-1,-0.931,0.994,-0.999,-1,-1,1,-0.999,1,1,-1,0.999,0.999,0.66,-0.999,1,1,-1,1,1,1,0.639,1,-0.999,1,-0.999,-0.99,-0.999,-1,1,-1,-0.922,1,0
0.97798,0.89839,0.70528,0.90872,-0.99996,-0.99984,-0.99993,1,0.99992,-0.69202,-0.99998,-0.11875,0.99993,0.99999,-0.99992,1,-0.9999,-0.99998,0.99999,-0.9958,0.9525,-0.95682,-0.74883,0.9961,0.9694,-0.99994,0.97445,-1,-1,-0.99713,1,-0.99999,-0.96894,0.98356,-0.99979,-0.99999,-1,0.99817,-0.99104,1,0.99986,-0.99514,0.99952,0.99974,0.52578,-0.99963,1,0.99998,-1,0.99998,1,0.99995,0.70469,0.99973,-0.99971,0.99991,-0.99982,-0.93707,-0.99974,-0.99997,1,-1,-0.99652,1,0
0.987,0.996,0.736,0.958,-1,-1,-1,1,1,-0.753,-1,-0.101,1,1,-1,1,-1,-1,1,-0.997,0.983,-0.983,-0.89,0.996,0.354,-1,0.993,-1,-1,-0.997,1,-1,-0.976,0.994,-1,-1,-1,0.999,-0.997,1,1,-0.999,1,1,0.675,-1,1,1,-1,1,1,1,0.732,1,-1,1,-1,-0.97,-1,-1,1,-1,-0.996,1,0
0.97893,1,0.82221,0.99153,-1,-0.99995,-0.9999,1,0.99991,-0.49734,-0.99999,-0.25996,0.99997,1,-0.99994,1,-1,-0.99997,0.99999,-0.99784,0.9985,-0.9979,-0.98576,0.99571,-0.99991,-0.99994,0.99947,-1,-1,-0.98766,1,-0.99998,-0.96,0.99867,-0.99918,-0.99999,-1,0.99987,-0.99963,0.99991,0.99997,-0.99987,0.99951,0.99955,0.73959,-0.99901,1,0.99999,-1,1,1,0.99998,0.58772,0.99985,-0.99959,0.99996,-0.99912,-0.99649,-0.99958,-0.99999,1,-1,-0.9491,1,0
0.98385,0.90243,0.71668,0.89705,-0.99996,-0.9999,-0.99994,1,0.99991,-0.73677,-0.99998,-0.16658,0.99993,1,-0.99992,1,-0.99996,-0.99999,0.99999,-0.99633,0.96083,-0.96455,-0.74767,0.99563,0.969,-0.99996,0.98062,-1,-1,-0.99673,1,-1,-0.97632,0.98682,-0.9998,-0.99999,-1,0.99871,-0.99342,1,0.99994,-0.99655,0.99964,0.99969,0.60128,-0.99975,1,0.99998,-1,0.99999,1,0.99997,0.77054,0.99976,-0.9998,0.99995,-0.99987,-0.93625,-0.9997,-0.99998,1,-1,-0.9976,1,0
0.98315,0.99955,0.66996,0.9746,-1,-0.99985,-0.99987,1,0.99984,-0.71209,-0.99977,-0.2908,0.99993,1,-0.99975,1,-0.99993,-0.99995,0.99996,-0.9934,0.99449,-0.98015,-0.93745,0.99403,-0.97288,-0.99997,0.98603,-1,-1,-0.99463,0.99999,-1,-0.94194,0.99184,-0.99899,-0.99999,-1,0.99925,-0.99647,0.99995,0.99933,-0.99921,0.99917,0.99939,0.57757,-0.99956,0.99999,0.99999,-1,0.99999,1,0.99997,0.47867,0.99969,-0.99898,0.99998,-0.99917,-0.96073,-0.99915,-0.99997,0.99999,-1,-0.96566,1,0
0.983,1,0.69,0.969,-1,-1,-1,1,1,-0.676,-1,-0.387,1,1,-1,1,-1,-1,1,-0.995,0.994,-0.992,-0.95,0.986,-0.994,-1,0.998,-1,-1,-0.981,1,-1,-0.962,0.998,-0.999,-1,-1,1,-0.999,1,1,-1,0.999,0.999,0.711,-0.999,1,1,-1,1,1,1,0.62,1,-0.999,1,-0.999,-0.979,-0.999,-1,1,-1,-0.957,1,0
0.979,1,0.806,0.991,-1,-1,-1,1,1,-0.494,-1,-0.165,1,1,-1,1,-1,-1,1,-0.997,0.998,-0.998,-0.984,0.995,-1,-1,0.999,-1,-1,-0.988,1,-1,-0.952,0.998,-0.999,-1,-1,1,-1,1,1,-1,0.999,1,0.695,-0.999,1,1,-1,1,1,1,0.554,1,-1,1,-0.999,-0.996,-1,-1,1,-1,-0.943,1,0
0.982,0.999,0.706,0.962,-1,-1,-1,1,1,-0.587,-1,-0.101,1,1,-1,1,-1,-1,1,-0.998,0.991,-0.992,-0.932,0.996,-0.0754,-1,0.998,-1,-1,-0.993,1,-1,-0.981,0.997,-1,-1,-1,1,-0.998,1,1,-0.999,1,1,0.643,-1,1,1,-1,1,1,1,0.704,1,-1,1,-1,-0.986,-1,-1,1,-1,-0.994,1,0
0.977,-0.974,0.652,0.586,-0.998,-0.999,-1,1,1,-0.765,-0.999,-0.481,1,1,-1,1,-0.918,-1,1,-0.99,0.591,-0.571,0.152,0.996,1,-1,0.607,-1,-1,-0.992,1,-1,-0.971,0.949,-1,-1,-1,0.986,-0.931,1,0.991,-0.973,0.999,1,0.135,-0.999,1,1,-1,1,1,1,0.761,1,-0.999,1,-1,-0.317,-1,-1,1,-1,-0.997,1,0
0.972,0.939,0.728,0.88,-1,-1,-1,1,1,-0.665,-1,-0.174,1,1,-1,1,-1,-1,1,-0.991,0.925,-0.953,-0.692,0.991,0.958,-1,0.978,-1,-1,-0.993,1,-1,-0.97,0.986,-1,-1,-1,0.998,-0.989,1,1,-0.998,0.999,0.999,0.461,-0.999,1,1,-1,1,1,1,0.834,1,-1,1,-1,-0.906,-0.999,-1,1,-1,-0.996,1,0
0.99384,0.99963,0.68541,0.96572,-1,-0.99995,-0.99993,1,0.99994,-0.79953,-0.99968,-0.03385,0.99996,1,-0.99994,1,-0.99998,-0.99995,0.99999,-0.99526,0.99359,-0.9851,-0.94526,0.98924,-0.97231,-0.99997,0.99668,-1,-1,-0.99223,0.99998,-0.99999,-0.95726,0.99695,-0.99952,-0.99999,-1,0.99952,-0.99768,0.99999,0.99958,-0.9998,0.99963,0.99969,0.82277,-0.99964,1,1,-1,0.99999,1,0.99999,0.80281,0.99985,-0.99952,0.99998,-0.9995,-0.96347,-0.99975,-0.99998,1,-1,-0.95632,1,0
0.989,1,0.832,0.992,-1,-1,-1,1,1,-0.645,-1,-0.0324,1,1,-1,1,-1,-1,1,-0.998,0.998,-0.997,-0.984,0.995,-1,-1,1,-1,-1,-0.992,1,-1,-0.967,0.998,-0.999,-1,-1,1,-1,1,1,-1,1,1,0.794,-1,1,1,-1,1,1,1,0.665,1,-1,1,-1,-0.995,-1,-1,1,-1,-0.963,1,0
0.985,-0.998,0.843,0.223,-0.996,-0.999,-1,1,1,-0.79,-0.999,-0.39,1,1,-1,1,-0.875,-1,1,-0.99,0.0598,-0.402,0.503,0.997,1,-1,0.116,-1,-1,-0.995,1,-1,-0.976,0.932,-1,-1,-1,0.986,-0.807,1,0.995,-0.944,0.999,1,0.0745,-1,1,1,-1,1,1,1,0.786,1,-0.999,1,-1,0.0137,-1,-1,1,-1,-0.998,1,0
0.98932,-0.55452,0.80874,0.66131,-0.99979,-0.99982,-0.99994,1,0.99993,-0.79796,-0.99987,0.11411,0.99992,0.99998,-0.9999,1,-0.99942,-0.99998,0.99999,-0.99322,0.79724,-0.86739,-0.5147,0.9952,0.99956,-0.99991,0.92183,-1,-1,-0.99656,1,-0.99999,-0.97774,0.97805,-0.99988,-0.99997,-0.99999,0.99679,-0.97674,1,0.99972,-0.99226,0.99973,0.99981,0.51668,-0.99976,0.99999,0.99997,-1,0.99995,1,0.99998,0.8851,0.99983,-0.99972,0.99989,-0.9999,-0.73366,-0.99978,-0.99997,1,-1,-0.99727,1,0
0.99095,1,0.83153,0.99182,-1,-0.99997,-0.99995,1,0.99996,-0.71262,-0.99999,0.19326,0.99998,1,-0.99997,1,-1,-0.99999,0.99999,-0.99723,0.99841,-0.99655,-0.98708,0.99473,-0.99992,-0.99997,0.99963,-1,-1,-0.99421,1,-0.99998,-0.96421,0.99833,-0.99929,-1,-1,0.99981,-0.9997,0.99996,0.99997,-0.99993,0.99958,0.9997,0.83126,-0.99958,1,1,-1,1,1,0.99999,0.74767,0.99991,-0.99974,0.99998,-0.9995,-0.996,-0.99978,-0.99999,1,-1,-0.92852,1,0
0.98,1,0.528,0.971,-1,-1,-1,1,1,-0.676,-1,-0.385,1,1,-1,1,-1,-1,1,-0.991,0.997,-0.987,-0.941,0.98,-0.996,-1,0.996,-1,-1,-0.987,1,-1,-0.955,0.998,-0.999,-1,-1,1,-0.997,1,0.998,-1,0.999,1,0.778,-0.999,1,1,-1,1,1,1,0.575,1,-0.999,1,-0.998,-0.97,-0.999,-1,1,-1,-0.949,1,0
0.987,-0.172,0.859,0.803,-1,-1,-1,1,1,-0.736,-1,0.0503,1,1,-1,1,-1,-1,1,-0.996,0.837,-0.901,-0.6,0.997,1,-1,0.961,-1,-1,-0.998,1,-1,-0.983,0.988,-1,-1,-1,0.997,-0.986,1,1,-0.993,1,1,0.552,-1,1,1,-1,1,1,1,0.858,1,-1,1,-1,-0.867,-1,-1,1,-1,-0.998,1,0
0.986,1,0.841,0.994,-1,-1,-1,1,1,-0.63,-1,-0.0183,1,1,-1,1,-1,-1,1,-0.998,0.999,-0.998,-0.989,0.995,-1,-1,1,-1,-1,-0.992,1,-1,-0.962,0.999,-0.999,-1,-1,1,-1,1,1,-1,1,1,0.839,-1,1,1,-1,1,1,1,0.662,1,-1,1,-0.999,-0.997,-1,-1,1,-1,-0.945,1,0
0.991,0.0429,0.796,0.75,-1,-1,-1,1,1,-0.782,-1,0.165,1,1,-1,1,-1,-1,1,-0.995,0.866,-0.917,-0.635,0.995,0.999,-1,0.966,-1,-1,-0.997,1,-1,-0.978,0.987,-1,-1,-1,0.998,-0.986,1,1,-0.996,1,1,0.602,-1,1,1,-1,1,1,1,0.886,1,-1,1,-1,-0.833,-1,-1,1,-1,-0.997,1,0
0.985,1,0.827,0.989,-1,-1,-1,1,1,-0.644,-1,0.187,1,1,-1,1,-1,-1,1,-0.995,0.998,-0.996,-0.982,0.994,-1,-1,0.999,-1,-1,-0.995,1,-1,-0.944,0.996,-0.999,-1,-1,1,-0.999,1,1,-1,0.999,0.999,0.727,-0.999,1,1,-1,1,1,1,0.7,1,-1,1,-0.999,-0.995,-0.999,-1,1,-1,-0.926,1,0
0.987,1,0.76,0.989,-1,-1,-1,1,1,-0.704,-1,0.0293,1,1,-1,1,-1,-1,1,-0.994,0.998,-0.994,-0.98,0.992,-1,-1,0.999,-1,-1,-0.994,1,-1,-0.951,0.995,-0.999,-1,-1,1,-0.999,1,1,-1,0.999,0.999,0.757,-0.999,1,1,-1,1,1,1,0.639,1,-0.999,1,-0.999,-0.991,-0.999,-1,1,-1,-0.953,1,0
0.98,0.578,0.733,0.767,-1,-1,-1,1,1,-0.67,-1,-0.14,1,1,-1,1,-1,-1,1,-0.996,0.907,-0.953,-0.539,0.997,0.998,-1,0.959,-1,-1,-0.994,1,-1,-0.98,0.992,-1,-1,-1,0.998,-0.991,1,1,-0.994,1,1,0.352,-1,1,1,-1,1,1,1,0.694,1,-1,1,-1,-0.893,-1,-1,1,-1,-0.997,1,0
0.981,1,0.847,0.993,-1,-1,-1,1,1,-0.536,-1,-0.0302,1,1,-1,1,-1,-1,1,-0.997,0.999,-0.998,-0.991,0.995,-1,-1,1,-1,-1,-0.992,1,-1,-0.95,0.998,-0.999,-1,-1,1,-1,1,1,-1,0.999,0.999,0.769,-0.999,1,1,-1,1,1,1,0.634,1,-1,1,-0.999,-0.997,-0.999,-1,1,-1,-0.914,1,0
0.98717,1,0.83869,0.99218,-1,-0.99997,-0.99994,1,0.99991,-0.64924,-0.99999,-0.12026,0.99995,1,-0.99993,1,-1,-0.99999,0.99999,-0.99716,0.99827,-0.99773,-0.9817,0.995,-0.99982,-0.99996,0.99933,-1,-1,-0.99138,1,-0.99999,-0.95457,0.99722,-0.99888,-1,-1,0.99979,-0.9996,0.99994,0.99998,-0.99985,0.99957,0.99945,0.75488,-0.99959,1,0.99999,-1,1,1,0.99999,0.61321,0.99983,-0.99972,0.99999,-0.99945,-0.99422,-0.99954,-0.99999,1,-1,-0.96438,1,0
0.97925,1,0.79658,0.99012,-1,-0.99994,-0.99989,1,0.99989,-0.49711,-0.99998,-0.28065,0.99996,1,-0.99992,1,-1,-0.99996,0.99999,-0.99763,0.99821,-0.99749,-0.98259,0.99541,-0.99982,-0.99994,0.99927,-1,-1,-0.98617,1,-0.99998,-0.9587,0.99845,-0.9991,-0.99999,-1,0.99984,-0.99954,0.99991,0.99996,-0.99984,0.99946,0.99948,0.70746,-0.99898,1,0.99999,-1,1,1,0.99998,0.57514,0.99983,-0.99953,0.99996,-0.99901,-0.9957,-0.99952,-0.99999,1,-1,-0.95101,1,0
0.99312,0.70358,0.77019,0.81278,-0.99997,-0.99996,-0.99996,1,0.99995,-0.79905,-0.99997,0.10547,0.99996,1,-0.99994,1,-0.99998,-0.99999,1,-0.99696,0.95506,-0.95533,-0.83937,0.99657,0.99488,-0.99993,0.98964,-1,-1,-0.9968,1,-1,-0.98887,0.99528,-0.9999,-0.99999,-1,0.99935,-0.99564,1,0.99995,-0.99832,0.99989,0.99986,0.73652,-0.99988,1,0.99999,-1,0.99999,1,0.99999,0.87147,0.99992,-0.9999,0.99994,-0.99992,-0.93162,-0.99991,-0.99999,1,-1,-0.99728,1,0
0.969,-0.999,0.676,0.121,-0.972,-0.99,-1,1,1,-0.84,-0.972,-0.329,0.999,0.997,-0.999,1,0.497,-0.999,1,-0.941,-0.0206,-0.15,0.611,0.984,1,-1,-0.678,-1,-1,-0.994,1,-1,-0.943,0.549,-1,-1,-1,0.93,-0.0681,1,0.898,-0.862,0.997,1,0.0484,-0.998,0.998,0.999,-1,0.999,1,1,0.808,0.999,-0.997,0.999,-1,0.649,-0.999,-1,1,-1,-0.994,1,0
0.991,1,0.793,0.987,-1,-1,-1,1,1,-0.715,-1,0.171,1,1,-1,1,-1,-1,1,-0.996,0.998,-0.994,-0.976,0.995,-1,-1,0.999,-1,-1,-0.996,1,-1,-0.958,0.997,-0.999,-1,-1,1,-0.999,1,1,-1,0.999,1,0.745,-1,1,1,-1,1,1,1,0.681,1,-1,1,-0.999,-0.992,-1,-1,1,-1,-0.94,1,0
0.96698,0.9626,0.1906,0.84847,-0.99992,-0.99896,-0.9997,1,0.99987,-0.44745,-0.98898,-0.66988,0.99993,1,-0.99929,1,-0.98099,-0.9844,0.99984,-0.99183,0.94835,-0.94912,-0.65149,0.98672,0.67479,-0.9998,0.97181,-1,-1,-0.94098,0.99942,-0.99987,-0.89765,0.99479,-0.99958,-0.99996,-0.99999,0.99751,-0.97009,0.99997,0.89717,-0.99844,0.99847,0.99947,0.29643,-0.99709,0.99993,0.99999,-0.99999,0.99994,1,0.99995,0.53166,0.99972,-0.99636,0.9992,-0.99469,-0.71787,-0.99968,-0.99997,0.99998,-0.99999,-0.90446,0.99999,0
0.982,1,0.819,0.991,-1,-1,-1,1,1,-0.53,-1,-0.136,1,1,-1,1,-1,-1,1,-0.997,0.999,-0.998,-0.987,0.995,-1,-1,1,-1,-1,-0.99,1,-1,-0.952,0.998,-0.999,-1,-1,1,-1,1,1,-1,0.999,0.999,0.744,-0.999,1,1,-1,1,1,1,0.61,1,-0.999,1,-0.999,-0.996,-1,-1,1,-1,-0.925,1,0
0.99,0.0769,0.813,0.757,-1,-1,-1,1,1,-0.783,-1,0.124,1,1,-1,1,-1,-1,1,-0.994,0.862,-0.913,-0.681,0.995,0.998,-1,0.964,-1,-1,-0.997,1,-1,-0.979,0.985,-1,-1,-1,0.998,-0.987,1,1,-0.996,1,1,0.574,-1,1,1,-1,1,1,1,0.884,1,-1,1,-1,-0.834,-1,-1,1,-1,-0.997,1,0
0.988,1,0.81,0.993,-1,-1,-1,1,1,-0.717,-1,0.0251,1,1,-1,1,-1,-1,1,-0.998,0.998,-0.997,-0.986,0.993,-1,-1,1,-1,-1,-0.993,1,-1,-0.961,0.998,-0.999,-1,-1,1,-1,1,1,-1,1,1,0.883,-1,1,1,-1,1,1,1,0.691,1,-1,1,-1,-0.996,-1,-1,1,-1,-0.95,1,0
0.983,1,0.729,0.977,-1,-1,-1,1,1,-0.686,-1,-0.344,1,1,-1,1,-1,-1,1,-0.997,0.996,-0.994,-0.967,0.987,-0.999,-1,0.998,-1,-1,-0.984,1,-1,-0.96,0.998,-0.999,-1,-1,1,-0.999,1,1,-1,0.999,0.999,0.776,-0.999,1,1,-1,1,1,1,0.644,1,-0.999,1,-0.999,-0.987,-0.999,-1,1,-1,-0.951,1,0
0.984,1,0.739,0.976,-1,-1,-1,1,1,-0.613,-1,0.000779,1,1,-1,1,-1,-1,1,-0.999,0.994,-0.994,-0.976,0.995,-0.843,-1,0.999,-1,-1,-0.996,1,-1,-0.985,0.999,-1,-1,-1,1,-0.999,1,1,-1,1,1,0.786,-1,1,1,-1,1,1,1,0.787,1,-1,1,-1,-0.992,-1,-1,1,-1,-0.992,1,0
0.99193,-0.092284,0.81165,0.75518,-0.99992,-0.99992,-0.99995,1,0.99996,-0.78677,-0.99993,0.18926,0.99996,0.99999,-0.99993,1,-0.99983,-0.99999,1,-0.99662,0.89369,-0.90649,-0.68049,0.9962,0.99897,-0.99993,0.97254,-1,-1,-0.99704,1,-0.99999,-0.98265,0.99025,-0.99991,-0.99999,-1,0.9983,-0.98878,1,0.99985,-0.99526,0.99986,0.99989,0.67094,-0.99981,0.99999,0.99998,-1,0.99998,1,0.99999,0.86972,0.99991,-0.99981,0.9999,-0.99992,-0.86039,-0.99991,-0.99998,1,-1,-0.99669,1,0
0.956,0.944,0.696,0.85,-1,-1,-1,1,1,-0.576,-1,-0.444,1,1,-1,1,-1,-1,1,-0.99,0.939,-0.966,-0.597,0.993,0.963,-1,0.963,-1,-1,-0.988,1,-1,-0.971,0.987,-0.999,-1,-1,0.999,-0.992,1,1,-0.996,0.999,0.999,0.229,-1,1,1,-1,1,1,1,0.608,0.999,-1,1,-1,-0.904,-0.999,-1,1,-1,-0.998,1,0
0.989,1,0.685,0.972,-1,-1,-1,1,1,-0.744,-1,0.0224,1,1,-1,1,-1,-1,1,-0.997,0.994,-0.989,-0.963,0.993,-0.993,-1,0.996,-1,-1,-0.994,1,-1,-0.932,0.996,-0.999,-1,-1,0.999,-0.998,1,1,-1,0.999,0.999,0.742,-1,1,1,-1,1,1,1,0.704,1,-0.999,1,-0.999,-0.982,-1,-1,1,-1,-0.934,1,0
0.991,0.996,0.739,0.952,-1,-1,-1,1,1,-0.756,-1,0.0991,1,1,-1,1,-1,-1,1,-0.998,0.982,-0.985,-0.932,0.996,0.569,-1,0.998,-1,-1,-0.997,1,-1,-0.984,0.998,-1,-1,-1,1,-0.998,1,1,-1,1,1,0.786,-1,1,1,-1,1,1,1,0.849,1,-1,1,-1,-0.979,-1,-1,1,-1,-0.995,1,0
0.985,1,0.642,0.978,-1,-1,-1,1,1,-0.68,-1,-0.23,1,1,-1,1,-1,-1,1,-0.997,0.996,-0.991,-0.946,0.996,-0.987,-1,0.996,-1,-1,-0.992,1,-1,-0.942,0.996,-0.999,-1,-1,0.999,-0.998,1,1,-1,0.999,1,0.658,-0.999,1,1,-1,1,1,1,0.526,1,-1,1,-0.999,-0.985,-1,-1,1,-1,-0.974,1,0
0.98897,0.99999,0.78714,0.98997,-1,-0.99995,-0.99992,1,0.99993,-0.65694,-0.99999,-0.013749,0.99995,1,-0.99993,1,-1,-0.99999,0.99999,-0.99767,0.99824,-0.99635,-0.97722,0.99527,-0.99945,-0.99997,0.99903,-1,-1,-0.99343,1,-0.99999,-0.96047,0.99673,-0.99903,-1,-1,0.99972,-0.99953,0.99995,0.99997,-0.9998,0.99958,0.99953,0.75529,-0.99964,1,0.99999,-1,1,1,0.99998,0.59587,0.99983,-0.99971,0.99998,-0.99955,-0.99354,-0.99964,-0.99999,1,-1,-0.96731,1,0
0.99,1,0.803,0.99,-1,-1,-1,1,1,-0.721,-1,0.186,1,1,-1,1,-1,-1,1,-0.996,0.998,-0.996,-0.985,0.993,-1,-1,0.999,-1,-1,-0.994,1,-1,-0.961,0.998,-0.999,-1,-1,1,-1,1,1,-1,0.999,1,0.824,-1,1,1,-1,1,1,1,0.725,1,-1,1,-0.999,-0.995,-1,-1,1,-1,-0.922,1,0
0.99144,0.99901,0.49695,0.94352,-0.99999,-0.99994,-0.99992,1,0.99995,-0.77488,-0.99942,-0.18559,0.99996,1,-0.9999,1,-0.99981,-0.99987,0.99999,-0.99542,0.99419,-0.97337,-0.89974,0.98782,-0.76554,-0.99995,0.99056,-1,-1,-0.99211,0.99998,-0.99999,-0.96525,0.99769,-0.9997,-0.99999,-1,0.99935,-0.99613,0.99998,0.99811,-0.99968,0.9996,0.99973,0.81949,-0.99938,0.99999,1,-1,0.99999,1,0.99997,0.78101,0.99982,-0.99952,0.99997,-0.99908,-0.9269,-0.99953,-0.99999,1,-1,-0.97646,1,0
0.9859,0.96246,0.74433,0.93011,-0.99998,-0.99991,-0.99995,1,0.99992,-0.78393,-0.99998,-0.098651,0.99992,1,-0.99994,1,-0.99997,-0.99999,0.99999,-0.99617,0.97019,-0.96927,-0.82175,0.9957,0.85221,-0.99996,0.98279,-1,-1,-0.99774,1,-1,-0.97097,0.98738,-0.99974,-0.99999,-1,0.99907,-0.99499,1,0.99994,-0.99776,0.99972,0.99972,0.66293,-0.99974,1,0.99998,-1,0.99999,1,0.99997,0.75591,0.99975,-0.99981,0.99997,-0.99988,-0.9458,-0.99968,-0.99997,1,-1,-0.9975,1,0
0.976,0.879,0.683,0.91,-1,-1,-1,1,1,-0.704,-1,-0.264,1,1,-1,1,-1,-1,1,-0.992,0.943,-0.938,-0.663,0.995,0.974,-1,0.97,-1,-1,-0.995,1,-1,-0.968,0.973,-1,-1,-1,0.998,-0.989,1,1,-0.996,0.999,1,0.425,-1,1,1,-1,1,1,1,0.748,1,-1,1,-1,-0.903,-0.999,-1,1,-1,-0.997,1,0
0.988,0.968,0.744,0.939,-1,-1,-1,1,1,-0.769,-1,-0.129,1,1,-1,1,-1,-1,1,-0.998,0.982,-0.98,-0.866,0.997,0.903,-1,0.991,-1,-1,-0.997,1,-1,-0.977,0.994,-1,-1,-1,0.999,-0.997,1,1,-0.998,1,1,0.696,-1,1,1,-1,1,1,1,0.674,1,-1,1,-1,-0.953,-1,-1,1,-1,-0.997,1,0
0.985,1,0.839,0.994,-1,-1,-1,1,1,-0.626,-1,-0.0662,1,1,-1,1,-1,-1,1,-0.997,0.999,-0.998,-0.987,0.995,-1,-1,1,-1,-1,-0.991,1,-1,-0.96,0.998,-0.999,-1,-1,1,-1,1,1,-1,1,1,0.794,-0.999,1,1,-1,1,1,1,0.626,1,-1,1,-0.999,-0.996,-1,-1,1,-1,-0.954,1,0
