0.29653,0.76898,0.63038,-0.42348,1.549,0.25588,-3.2991,0.65812,-0.0917,0.67681,-0.81056,-0.13241,-0.67865,0.30266,4.9821,0.20452,0.21563,-4.3986,3.8128,-0.32152,-0.31,2.7974,-0.40067,-1.2931,-0.28818,0.95213,-0.66922,-0.13738,-0.072806,0.64149,5.2571,-0.60092,3.4089,-3.3083,-0.48434,0.39896,-0.37048,-0.26534,-0.44482,1.0855,-0.63334,-1.0333,-0.77287,-0.083513,-0.38698,-0.15703,0.28182,3.5738,0.91165,-4.2759,-0.87267,0.015165,-0.88659,-0.73115,0.38134,0.25835,-0.14194,-1.0054,0.81943,-0.015146,-0.42387,0.67601,-0.067444,0.32902,1
0.25954,0.80138,0.70193,-0.40274,1.5215,0.20321,-3.3259,0.62286,-0.090424,0.71901,-0.75635,-0.10779,-0.69,0.29188,5.0719,0.12582,0.27177,-4.4036,3.7639,-0.3825,-0.31491,2.7261,-0.36022,-1.3038,-0.2405,0.93663,-0.63478,-0.095343,-0.0066919,0.62402,5.24,-0.60889,3.463,-3.3357,-0.45957,0.32677,-0.44067,-0.22735,-0.48163,1.1826,-0.68432,-1.1024,-0.78486,-0.077827,-0.40162,-0.11502,0.20943,3.6048,0.96314,-4.3317,-0.89579,0.042849,-1.0119,-0.7035,0.38099,0.24129,-0.16125,-1.0003,0.81394,-0.027818,-0.34885,0.61573,-0.027414,0.34834,1
0.28055,0.75863,0.68458,-0.39496,1.5835,0.19347,-3.3002,0.63026,-0.061228,0.72304,-0.75923,-0.092753,-0.69727,0.32747,5.1119,0.12912,0.23612,-4.3963,3.7512,-0.37944,-0.33017,2.6416,-0.37855,-1.2936,-0.22935,0.94139,-0.65867,-0.13997,-0.019625,0.61183,5.196,-0.61174,3.4315,-3.2808,-0.5311,0.31782,-0.39835,-0.21616,-0.49735,1.1643,-0.66256,-1.0737,-0.78018,-0.082831,-0.40999,-0.11851,0.26965,3.6307,0.96529,-4.2993,-0.89178,0.041245,-0.96942,-0.75833,0.38333,0.25932,-0.1618,-0.99944,0.8132,0.011132,-0.36838,0.61431,-0.069087,0.3382,1
0.31646,0.76539,0.58528,-0.42401,1.6,0.2653,-3.2694,0.69432,-0.10181,0.65598,-0.84215,-0.11583,-0.74931,0.29838,5.103,0.18457,0.24765,-4.4164,3.7754,-0.31212,-0.30609,2.778,-0.38298,-1.3029,-0.28216,0.89971,-0.64573,-0.12272,-0.030776,0.59864,5.2132,-0.60439,3.4306,-3.1905,-0.44226,0.41223,-0.42292,-0.26493,-0.43058,1.128,-0.67732,-1.0572,-0.74286,-0.090469,-0.38557,-0.15639,0.26581,3.5708,0.86346,-4.2199,-0.9154,0.029566,-0.88646,-0.79257,0.40359,0.26396,-0.12947,-1.0358,0.83781,0.02798,-0.44804,0.65668,-0.043281,0.36963,1
0.37578,0.76979,0.54172,-0.42401,1.6281,0.31162,-3.2315,0.73141,-0.067166,0.60896,-0.84692,-0.16597,-0.74834,0.29453,4.9957,0.19573,0.23445,-4.3505,3.7792,-0.26266,-0.33202,2.706,-0.43463,-1.2654,-0.2802,0.95644,-0.66325,-0.15748,-0.093876,0.65067,5.1667,-0.60054,3.3386,-3.1854,-0.47146,0.41619,-0.38646,-0.26763,-0.436,1.0655,-0.69904,-1.0515,-0.7652,-0.084271,-0.38988,-0.14849,0.27955,3.527,0.85391,-4.0991,-0.87596,-0.019744,-0.85666,-0.82735,0.42727,0.31019,-0.18517,-0.99086,0.85774,0.016544,-0.36306,0.68735,-0.096873,0.33637,1
0.26403,0.72073,0.70507,-0.31554,1.5825,0.22629,-3.0421,0.63533,-0.086944,0.55118,-0.77629,-0.13596,-0.48276,0.2902,4.7375,0.15359,0.26026,-4.0221,3.6346,-0.40704,-0.32153,2.6594,-0.34917,-1.2461,-0.28161,0.98061,-0.56825,-0.16955,-0.12642,0.71213,5.126,-0.52464,3.1931,-3.1593,-0.58893,0.33078,-0.36583,-0.23812,-0.49089,0.98138,-0.56277,-1.0217,-0.70919,-0.043708,-0.30821,-0.051993,0.29009,3.4616,0.89949,-4.2307,-0.76026,0.031747,-0.85225,-0.66536,0.2907,0.18197,-0.41157,-0.89676,0.8707,-0.038983,-0.19617,0.60705,-0.056624,0.15629,1
0.34969,0.75949,0.63342,-0.37729,1.5406,0.2686,-3.152,0.7286,-0.094644,0.62179,-0.84437,-0.17023,-0.74529,0.29397,5.115,0.18733,0.24016,-4.4113,3.7762,-0.35028,-0.29319,2.7638,-0.41859,-1.3724,-0.2498,0.92832,-0.67516,-0.21162,-0.073266,0.62236,5.2576,-0.5928,3.3401,-3.1875,-0.50252,0.38652,-0.37467,-0.24415,-0.42172,1.1174,-0.65463,-1.0727,-0.75006,-0.077373,-0.43534,-0.14117,0.29593,3.5236,0.9034,-4.1843,-0.88709,0.052465,-0.84326,-0.83303,0.3477,0.29841,-0.16576,-1.0679,0.8256,0.045809,-0.42969,0.67674,-0.072421,0.35611,1
0.29332,0.7472,0.73893,-0.28276,1.3435,0.18219,-3.1367,0.5436,-0.2528,0.52324,-0.74749,-0.17939,-0.49337,0.21553,4.4594,0.2373,0.20546,-4.2104,3.7148,-0.27835,-0.20547,2.8343,-0.42032,-1.2361,-0.29488,0.98456,-0.59135,-0.16352,-0.11671,0.7051,5.2453,-0.55554,3.182,-3.3094,-0.57675,0.45594,-0.36465,-0.37772,-0.4581,0.96634,-0.52551,-0.98666,-0.78027,-0.15364,-0.2651,-0.16201,0.19905,3.0991,0.80638,-4.3079,-0.84526,0.016399,-0.88209,-0.70112,0.34778,0.23277,-0.37337,-0.95908,0.8691,-0.053676,-0.30615,0.64508,-0.054806,0.23924,1
0.27495,0.72322,0.71358,-0.30077,1.5226,0.20581,-3.0982,0.57235,-0.10045,0.56533,-0.80072,-0.11853,-0.50189,0.29848,4.6899,0.14944,0.24182,-4.0291,3.697,-0.40999,-0.26704,2.7432,-0.3382,-1.22,-0.28676,0.97306,-0.56957,-0.15382,-0.091892,0.70531,5.1469,-0.51181,3.2398,-3.2111,-0.55942,0.36302,-0.42033,-0.22896,-0.48717,0.99285,-0.5628,-1.0122,-0.6998,-0.053903,-0.28651,-0.061091,0.27293,3.4389,0.92027,-4.2694,-0.74308,0.020219,-0.88168,-0.65153,0.27502,0.17699,-0.41327,-0.90953,0.88319,-0.047617,-0.18374,0.62103,-0.047266,0.20526,1
0.29714,0.84621,0.66482,-0.40595,1.5604,0.2384,-3.3037,0.67048,-0.081847,0.67602,-0.80111,-0.14699,-0.66444,0.2632,5.0817,0.15795,0.30809,-4.3749,3.7484,-0.35349,-0.31184,2.7721,-0.37823,-1.294,-0.2539,0.92964,-0.61666,-0.06901,-0.039129,0.67326,5.2924,-0.62723,3.4393,-3.3575,-0.40965,0.36939,-0.46954,-0.29851,-0.45726,1.1598,-0.72337,-1.1145,-0.79643,-0.072407,-0.42699,-0.11717,0.18867,3.5792,0.94795,-4.3325,-0.89636,0.026553,-0.99075,-0.7055,0.38897,0.2637,-0.18457,-1.0378,0.83896,-0.034916,-0.36491,0.64179,0.0040124,0.34086,1
0.23551,0.80286,0.65014,-0.42259,1.5361,0.26974,-3.3453,0.65117,-0.067873,0.66734,-0.79048,-0.15727,-0.63235,0.28674,4.9333,0.20386,0.23951,-4.4016,3.8382,-0.32818,-0.30724,2.7816,-0.37193,-1.2671,-0.30233,0.98242,-0.6591,-0.13067,-0.090548,0.7039,5.3076,-0.6038,3.3955,-3.3478,-0.48764,0.36128,-0.40757,-0.28385,-0.45849,1.0929,-0.69181,-1.0295,-0.79363,-0.079709,-0.3814,-0.14193,0.25191,3.6244,0.90531,-4.313,-0.81911,0.0076988,-0.93639,-0.70084,0.40093,0.26433,-0.17752,-0.98013,0.86543,-0.040256,-0.36685,0.67636,-0.059873,0.29505,1
0.30344,0.75738,0.64783,-0.31155,1.6019,0.21884,-3.1339,0.62343,-0.066617,0.56832,-0.82584,-0.12889,-0.5621,0.31395,4.8009,0.14424,0.26328,-4.0689,3.7173,-0.35626,-0.30132,2.7263,-0.32909,-1.2155,-0.28406,0.96761,-0.55286,-0.12116,-0.064964,0.72046,5.1318,-0.56289,3.2772,-3.2089,-0.55358,0.37528,-0.41761,-0.2584,-0.46373,1.0502,-0.61496,-1.04,-0.70878,-0.058115,-0.30965,-0.044528,0.2603,3.5142,0.91612,-4.1954,-0.76267,-0.0014827,-0.89457,-0.69399,0.30789,0.20663,-0.30413,-0.94811,0.8783,-0.053362,-0.27841,0.58413,-0.049597,0.22643,1
0.30344,0.75738,0.64783,-0.31155,1.6019,0.21884,-3.1339,0.62343,-0.066617,0.56832,-0.82584,-0.12889,-0.5621,0.31395,4.8009,0.14424,0.26328,-4.0689,3.7173,-0.35626,-0.30132,2.7263,-0.32909,-1.2155,-0.28406,0.96761,-0.55286,-0.12116,-0.064964,0.72046,5.1318,-0.56289,3.2772,-3.2089,-0.55358,0.37528,-0.41761,-0.2584,-0.46373,1.0502,-0.61496,-1.04,-0.70878,-0.058115,-0.30965,-0.044528,0.2603,3.5142,0.91612,-4.1954,-0.76267,-0.0014827,-0.89457,-0.69399,0.30789,0.20663,-0.30413,-0.94811,0.8783,-0.053362,-0.27841,0.58413,-0.049597,0.22643,1
0.35115,0.78804,0.60855,-0.40929,1.5981,0.26518,-3.2555,0.68557,-0.077872,0.64405,-0.82053,-0.14125,-0.69003,0.2753,5.0746,0.158,0.27531,-4.3185,3.758,-0.32621,-0.32525,2.7079,-0.3996,-1.2703,-0.26128,0.93993,-0.62985,-0.10561,-0.039066,0.65296,5.1931,-0.60046,3.4045,-3.2697,-0.44212,0.37421,-0.42077,-0.26778,-0.46049,1.1277,-0.71144,-1.0938,-0.76968,-0.080027,-0.3988,-0.10894,0.25055,3.5613,0.90441,-4.2173,-0.90327,0.0040432,-0.94601,-0.77888,0.39878,0.2796,-0.2051,-1.0044,0.83653,0.0007224,-0.32793,0.67375,-0.056073,0.34142,1
0.30017,0.79499,0.65356,-0.37849,1.5641,0.25268,-3.2805,0.66711,-0.11908,0.66434,-0.82917,-0.13232,-0.68466,0.27801,5.0895,0.14767,0.28868,-4.2981,3.7291,-0.34245,-0.29726,2.7763,-0.34958,-1.2746,-0.25082,0.92711,-0.61094,-0.075153,-0.029635,0.63583,5.2353,-0.59639,3.425,-3.2912,-0.46171,0.36496,-0.45835,-0.27322,-0.44698,1.1371,-0.68795,-1.0965,-0.76981,-0.08252,-0.40012,-0.10192,0.21891,3.5464,0.91358,-4.2639,-0.89465,0.034095,-0.96386,-0.72798,0.40175,0.2474,-0.19015,-1.0159,0.83852,-0.0093835,-0.36606,0.66623,-0.0042118,0.35225,1
0.32206,0.79248,0.6135,-0.413,1.6195,0.26013,-3.2844,0.68736,-0.072805,0.66988,-0.82688,-0.12479,-0.73268,0.32231,5.101,0.1748,0.25834,-4.3926,3.7795,-0.30516,-0.33124,2.7717,-0.38947,-1.2769,-0.27149,0.93625,-0.65722,-0.13522,-0.06313,0.64378,5.2163,-0.62182,3.4079,-3.2673,-0.48013,0.41635,-0.41377,-0.2531,-0.44144,1.1209,-0.68177,-1.0536,-0.75743,-0.073906,-0.39817,-0.14875,0.26086,3.6086,0.9075,-4.2097,-0.88367,0.012447,-0.90381,-0.78652,0.39554,0.26833,-0.14381,-1.0313,0.84765,-0.010769,-0.41895,0.64628,-0.055431,0.35096,1
0.25883,0.69105,0.73584,-0.29494,1.3057,0.21586,-3.1326,0.58626,-0.27126,0.53636,-0.75281,-0.18971,-0.51894,0.20586,4.5053,0.24236,0.20061,-4.1507,3.6289,-0.25705,-0.25165,2.811,-0.41322,-1.2724,-0.25517,0.98925,-0.65821,-0.13566,-0.14341,0.69242,5.2541,-0.55934,3.2048,-3.2537,-0.63142,0.4222,-0.28196,-0.33964,-0.47806,0.92627,-0.49262,-0.98451,-0.77715,-0.145,-0.29696,-0.14919,0.20501,3.1316,0.76493,-4.2245,-0.85102,0.058665,-0.84865,-0.69811,0.41652,0.22057,-0.3628,-0.90814,0.83171,-0.040494,-0.29963,0.6906,-0.028063,0.22164,1
0.26663,0.83297,0.66159,-0.39014,1.5798,0.24902,-3.3318,0.65698,-0.094609,0.69675,-0.7986,-0.11831,-0.68634,0.29547,5.055,0.15743,0.2765,-4.3624,3.8003,-0.34793,-0.34331,2.7667,-0.35125,-1.2589,-0.26062,0.95149,-0.63689,-0.111,-0.052796,0.65821,5.2298,-0.62353,3.4221,-3.3464,-0.50153,0.35933,-0.45055,-0.23579,-0.46302,1.1383,-0.69439,-1.0813,-0.77042,-0.058808,-0.3927,-0.12267,0.22884,3.6424,0.95309,-4.264,-0.86491,0.0044037,-0.98533,-0.7023,0.38117,0.24649,-0.1809,-0.99413,0.84252,-0.049192,-0.36183,0.64508,-0.045084,0.31892,1
0.26403,0.72073,0.70507,-0.31554,1.5825,0.22629,-3.0421,0.63533,-0.086944,0.55118,-0.77629,-0.13596,-0.48276,0.2902,4.7375,0.15359,0.26026,-4.0221,3.6346,-0.40704,-0.32153,2.6594,-0.34917,-1.2461,-0.28161,0.98061,-0.56825,-0.16955,-0.12642,0.71213,5.126,-0.52464,3.1931,-3.1593,-0.58893,0.33078,-0.36583,-0.23812,-0.49089,0.98138,-0.56277,-1.0217,-0.70919,-0.043708,-0.30821,-0.051993,0.29009,3.4616,0.89949,-4.2307,-0.76026,0.031747,-0.85225,-0.66536,0.2907,0.18197,-0.41157,-0.89676,0.8707,-0.038983,-0.19617,0.60705,-0.056624,0.15629,1
0.34059,0.77882,0.63696,-0.42009,1.5626,0.25438,-3.2192,0.68179,-0.10096,0.62598,-0.81732,-0.16084,-0.69211,0.2706,5.0213,0.17634,0.27283,-4.3529,3.6979,-0.30288,-0.29832,2.709,-0.42098,-1.2897,-0.2565,0.92122,-0.6421,-0.13343,-0.079889,0.64114,5.229,-0.60015,3.3702,-3.1972,-0.4341,0.40632,-0.42154,-0.29258,-0.46374,1.0967,-0.69216,-1.0819,-0.77069,-0.095646,-0.40703,-0.1369,0.2344,3.4342,0.87623,-4.2144,-0.90581,0.023659,-0.9069,-0.78799,0.39275,0.26743,-0.23227,-1.0205,0.84181,0.019923,-0.34294,0.6548,-0.044169,0.33033,1
0.29332,0.7472,0.73893,-0.28276,1.3435,0.18219,-3.1367,0.5436,-0.2528,0.52324,-0.74749,-0.17939,-0.49337,0.21553,4.4594,0.2373,0.20546,-4.2104,3.7148,-0.27835,-0.20547,2.8343,-0.42032,-1.2361,-0.29488,0.98456,-0.59135,-0.16352,-0.11671,0.7051,5.2453,-0.55554,3.182,-3.3094,-0.57675,0.45594,-0.36465,-0.37772,-0.4581,0.96634,-0.52551,-0.98666,-0.78027,-0.15364,-0.2651,-0.16201,0.19905,3.0991,0.80638,-4.3079,-0.84526,0.016399,-0.88209,-0.70112,0.34778,0.23277,-0.37337,-0.95908,0.8691,-0.053676,-0.30615,0.64508,-0.054806,0.23924,1
0.33056,0.77192,0.6461,-0.38733,1.5336,0.25687,-3.2127,0.66593,-0.087896,0.60135,-0.80081,-0.16807,-0.70044,0.29104,4.9446,0.16348,0.24319,-4.3191,3.7507,-0.32564,-0.29219,2.7408,-0.42412,-1.2862,-0.25345,0.97534,-0.62844,-0.15326,-0.092204,0.6604,5.2028,-0.55213,3.3544,-3.2697,-0.44957,0.36834,-0.41129,-0.26957,-0.46066,1.0854,-0.6588,-1.0814,-0.79915,-0.10036,-0.38441,-0.1316,0.25135,3.4473,0.90477,-4.2056,-0.84376,0.016412,-0.91693,-0.74518,0.38727,0.26112,-0.25362,-0.97792,0.8462,-0.015364,-0.29292,0.6801,-0.044135,0.34172,1
0.26969,0.7415,0.73978,-0.39496,1.4035,0.17081,-3.2474,0.62607,-0.1358,0.71495,-0.70822,-0.1518,-0.65938,0.3009,5.0202,0.16023,0.21214,-4.3649,3.7044,-0.32611,-0.28308,2.7516,-0.37718,-1.3667,-0.2439,0.94111,-0.68984,-0.14133,-0.050418,0.61448,5.2672,-0.64123,3.4235,-3.3039,-0.52285,0.36629,-0.32526,-0.27832,-0.48518,1.1867,-0.60459,-1.0437,-0.80182,-0.11673,-0.42032,-0.12149,0.20799,3.4547,0.95446,-4.254,-0.92439,0.082104,-0.93316,-0.75364,0.36237,0.22666,-0.087534,-1.0368,0.75021,-0.018739,-0.47749,0.63112,-0.0040073,0.34026,1
0.39487,0.45884,0.56256,-0.21879,1.7838,0.20761,-2.5769,0.71208,-0.04442,0.37218,-0.87254,-0.090622,-0.49814,0.37607,4.3929,0.11149,0.1832,-3.7597,3.429,-0.32166,-0.3351,2.6831,-0.52002,-1.278,-0.28256,1.0318,-0.53401,-0.1897,-0.21587,0.70721,4.7045,-0.4341,2.8217,-2.7278,-0.53495,0.57675,-0.12745,-0.38303,-0.39285,0.64391,-0.28142,-0.8474,-0.57879,-0.10912,-0.16378,-0.1342,0.34098,3.1974,0.7006,-3.8858,-0.6499,-0.0022836,-0.43126,-0.84654,0.37448,0.26007,-0.44233,-0.73501,0.88712,-0.065788,-0.32099,0.41188,-0.15511,-0.030954,1
0.31029,0.79372,0.61206,-0.41975,1.5913,0.27236,-3.3159,0.69735,-0.079153,0.66432,-0.81225,-0.1454,-0.71318,0.28967,5.0629,0.17114,0.26264,-4.4106,3.795,-0.31546,-0.344,2.7547,-0.40558,-1.3028,-0.26787,0.95706,-0.65998,-0.11719,-0.066004,0.662,5.2484,-0.60502,3.4336,-3.2926,-0.46661,0.37832,-0.40046,-0.25294,-0.46556,1.1095,-0.70153,-1.0703,-0.77774,-0.082072,-0.39737,-0.13973,0.25896,3.6117,0.89565,-4.2429,-0.88771,0.017361,-0.93454,-0.76205,0.42199,0.27968,-0.16736,-0.99815,0.84234,-0.016613,-0.36731,0.65856,-0.05824,0.32426,1
0.42041,0.52963,0.54658,-0.18793,1.6865,0.28494,-2.631,0.67075,-0.056141,0.39302,-0.84218,-0.11788,-0.55364,0.34369,4.3547,0.11029,0.12451,-3.7342,3.3656,-0.25725,-0.26848,2.6352,-0.48082,-1.3226,-0.20382,1.073,-0.51761,-0.17975,-0.14291,0.71089,4.7202,-0.3911,2.78,-2.8271,-0.57423,0.50938,-0.17365,-0.35785,-0.37173,0.72777,-0.33479,-0.90393,-0.6568,-0.11144,-0.17677,-0.069419,0.34217,3.0944,0.73824,-3.9474,-0.66481,0.0014363,-0.50328,-0.82367,0.39302,0.34126,-0.42029,-0.77289,0.89226,-0.027363,-0.28808,0.44952,-0.13682,0.075322,1
0.30625,0.72854,0.7822,-0.35068,1.3785,0.15135,-3.2642,0.62121,-0.17363,0.75776,-0.72754,-0.12979,-0.67525,0.29057,5.0501,0.10944,0.25725,-4.3461,3.6006,-0.32612,-0.27982,2.7126,-0.37807,-1.3519,-0.2087,0.9151,-0.70886,-0.097682,-0.044288,0.58802,5.2369,-0.65296,3.4354,-3.2498,-0.52448,0.383,-0.36236,-0.22748,-0.52053,1.213,-0.63634,-1.0552,-0.81452,-0.11028,-0.46529,-0.10992,0.16704,3.3933,0.9483,-4.2433,-0.97205,0.084296,-0.9681,-0.7604,0.40016,0.26191,-0.12323,-1.0385,0.74166,0.01519,-0.44502,0.60518,0.011739,0.33104,1
0.36991,0.73644,0.59735,-0.43184,1.6014,0.23484,-3.206,0.6816,-0.062172,0.67129,-0.81593,-0.10841,-0.74801,0.33068,5.0882,0.16146,0.20575,-4.3583,3.7053,-0.31387,-0.32218,2.7031,-0.42513,-1.3068,-0.24669,0.91663,-0.64426,-0.13073,-0.01469,0.60949,5.139,-0.58315,3.4053,-3.2283,-0.4629,0.39698,-0.35839,-0.23818,-0.44542,1.1257,-0.63469,-1.0549,-0.73572,-0.09345,-0.37133,-0.15354,0.29306,3.5317,0.91217,-4.2127,-0.92273,0.042124,-0.86744,-0.80012,0.37783,0.26363,-0.11895,-1.0276,0.80541,0.03001,-0.40274,0.67005,-0.066004,0.39137,1
0.37829,0.72264,0.6322,-0.38946,1.5607,0.24642,-3.2266,0.68661,-0.097943,0.61384,-0.85276,-0.15244,-0.73908,0.33084,4.9573,0.17775,0.21344,-4.3538,3.7902,-0.33,-0.29198,2.7709,-0.44803,-1.3057,-0.28491,0.95023,-0.63453,-0.14681,-0.091753,0.62347,5.1821,-0.54568,3.3628,-3.2377,-0.44878,0.433,-0.38383,-0.26478,-0.42618,1.0734,-0.61092,-1.0525,-0.76361,-0.10671,-0.37964,-0.14596,0.30248,3.433,0.8925,-4.1711,-0.87565,0.02712,-0.86441,-0.77167,0.40296,0.26514,-0.19961,-0.99176,0.81734,0.01456,-0.36335,0.66838,-0.081677,0.35528,1
0.32467,0.75449,0.64894,-0.41806,1.516,0.24932,-3.2864,0.66816,-0.15076,0.68255,-0.83502,-0.10572,-0.72082,0.28451,5.0115,0.19094,0.23186,-4.4037,3.7439,-0.31355,-0.29302,2.8056,-0.39736,-1.3376,-0.26944,0.90205,-0.71085,-0.13897,-0.061163,0.58009,5.2382,-0.62928,3.4006,-3.1911,-0.46655,0.43804,-0.35934,-0.29388,-0.44303,1.1165,-0.61288,-1.0432,-0.78168,-0.090348,-0.41755,-0.1655,0.23561,3.4776,0.86682,-4.2224,-0.94673,0.050929,-0.85181,-0.77187,0.42361,0.28681,-0.12673,-1.037,0.79651,0.029733,-0.4788,0.67463,-0.050075,0.33978,1
0.332,0.76828,0.64655,-0.38913,1.5349,0.2564,-3.2118,0.66614,-0.087001,0.60354,-0.79947,-0.16701,-0.70245,0.29262,4.9495,0.16232,0.24174,-4.3234,3.7484,-0.32424,-0.29229,2.7372,-0.42619,-1.2892,-0.25291,0.97522,-0.63208,-0.15508,-0.092626,0.65962,5.2023,-0.55193,3.3559,-3.2656,-0.45115,0.36873,-0.40595,-0.26776,-0.46203,1.0851,-0.65755,-1.0795,-0.80011,-0.10136,-0.38618,-0.13227,0.25377,3.4481,0.9027,-4.2057,-0.84571,0.01896,-0.9123,-0.75125,0.39146,0.26414,-0.25138,-0.97827,0.84462,-0.012489,-0.29414,0.6789,-0.045464,0.34356,1
0.27414,0.74005,0.70195,-0.33631,1.4763,0.2274,-3.0441,0.57183,-0.10947,0.53729,-0.79992,-0.15136,-0.49748,0.27193,4.6016,0.15901,0.24183,-4.0012,3.6504,-0.38029,-0.25432,2.7319,-0.33872,-1.216,-0.27581,0.97447,-0.57901,-0.13717,-0.093488,0.72055,5.1019,-0.50695,3.1713,-3.165,-0.50777,0.38763,-0.43402,-0.27279,-0.46983,0.97467,-0.5738,-1.0452,-0.70129,-0.043987,-0.27059,-0.060873,0.22712,3.3413,0.89495,-4.2186,-0.75012,0.0057551,-0.87826,-0.66246,0.28745,0.20333,-0.43834,-0.89574,0.89051,-0.046012,-0.15578,0.61816,-0.044972,0.20449,1
0.26128,0.7362,0.71237,-0.30704,1.5487,0.21698,-3.1038,0.58457,-0.093261,0.56489,-0.79912,-0.12765,-0.49412,0.3046,4.6987,0.15196,0.24689,-4.0478,3.6997,-0.40094,-0.2842,2.7544,-0.33952,-1.2254,-0.28767,0.97773,-0.56064,-0.14783,-0.09695,0.72226,5.1562,-0.51804,3.2377,-3.2121,-0.56871,0.35601,-0.40998,-0.24209,-0.4772,0.98858,-0.56488,-1.0184,-0.69077,-0.048254,-0.27622,-0.059772,0.27175,3.4582,0.91565,-4.271,-0.74363,0.024708,-0.87972,-0.64426,0.28166,0.17307,-0.39559,-0.90582,0.89093,-0.051365,-0.19763,0.61302,-0.056358,0.18744,1
0.30625,0.72854,0.7822,-0.35068,1.3785,0.15135,-3.2642,0.62121,-0.17363,0.75776,-0.72754,-0.12979,-0.67525,0.29057,5.0501,0.10944,0.25725,-4.3461,3.6006,-0.32612,-0.27982,2.7126,-0.37807,-1.3519,-0.2087,0.9151,-0.70886,-0.097682,-0.044288,0.58802,5.2369,-0.65296,3.4354,-3.2498,-0.52448,0.383,-0.36236,-0.22748,-0.52053,1.213,-0.63634,-1.0552,-0.81452,-0.11028,-0.46529,-0.10992,0.16704,3.3933,0.9483,-4.2433,-0.97205,0.084296,-0.9681,-0.7604,0.40016,0.26191,-0.12323,-1.0385,0.74166,0.01519,-0.44502,0.60518,0.011739,0.33104,1
0.33583,0.79217,0.57299,-0.45676,1.6599,0.25944,-3.2825,0.70179,-0.027059,0.71051,-0.8399,-0.12914,-0.73609,0.33317,5.1026,0.18658,0.22665,-4.3733,3.784,-0.29408,-0.35082,2.7547,-0.3861,-1.2953,-0.28157,0.9389,-0.63932,-0.075762,-0.025833,0.66576,5.1739,-0.6142,3.4064,-3.3262,-0.43101,0.4342,-0.39219,-0.25965,-0.4122,1.1195,-0.68409,-1.0442,-0.72915,-0.060988,-0.36098,-0.13411,0.2864,3.6695,0.94315,-4.2199,-0.88385,-0.00021515,-0.90272,-0.75741,0.39614,0.26261,-0.066259,-1.0403,0.82507,-0.027525,-0.44146,0.62481,-0.064743,0.36582,1
0.34343,0.69123,0.54805,-0.36077,1.5747,0.26021,-3.0376,0.66505,-0.068011,0.51168,-0.82242,-0.13186,-0.59264,0.29687,4.5995,0.19392,0.19875,-4.0405,3.6111,-0.29854,-0.33602,2.6089,-0.39853,-1.2219,-0.29493,0.97553,-0.64234,-0.15794,-0.14435,0.6823,4.994,-0.56478,3.1199,-3.0194,-0.50316,0.46696,-0.33498,-0.24688,-0.47518,0.93049,-0.54626,-0.98417,-0.68033,-0.070186,-0.26923,-0.12747,0.27474,3.394,0.81117,-3.9865,-0.76452,-0.047435,-0.77448,-0.74268,0.33305,0.23875,-0.34097,-0.88574,0.87289,-0.052066,-0.2558,0.57193,-0.10433,0.15046,1
0.31636,0.76266,0.73839,-0.36355,1.4809,0.18592,-3.202,0.61728,-0.14244,0.74637,-0.75208,-0.10425,-0.69251,0.2603,5.0807,0.10675,0.27052,-4.3698,3.6647,-0.36568,-0.28683,2.6868,-0.40075,-1.3283,-0.19149,0.92993,-0.63334,-0.11131,0.0099049,0.58304,5.1923,-0.60338,3.4204,-3.2949,-0.4905,0.3173,-0.37882,-0.23759,-0.46944,1.1757,-0.65091,-1.0975,-0.80542,-0.10203,-0.45273,-0.11106,0.20374,3.4538,0.97112,-4.3496,-0.95903,0.078058,-0.95503,-0.7538,0.39257,0.29452,-0.17109,-1.0105,0.75206,0.031926,-0.37933,0.62734,-0.031413,0.38122,1
0.24764,0.63233,0.7707,-0.2392,1.5927,0.13753,-3.0359,0.57454,-0.19405,0.58379,-0.71858,-0.093358,-0.51559,0.33398,4.6712,0.14526,0.2065,-4.0396,3.5794,-0.325,-0.32274,2.7192,-0.41198,-1.3069,-0.21065,0.98959,-0.58103,-0.14114,-0.096043,0.67503,5.0498,-0.54343,3.2018,-3.1981,-0.70455,0.35942,-0.20357,-0.32021,-0.48996,0.93888,-0.40978,-0.92068,-0.71788,-0.1066,-0.30658,-0.10644,0.33854,3.2824,0.85293,-4.24,-0.77899,0.071476,-0.76029,-0.69396,0.41844,0.20742,-0.32896,-0.85066,0.81053,-0.051522,-0.355,0.5156,-0.046959,0.13134,1
0.21571,0.70821,0.69047,-0.34778,1.5078,0.24731,-2.7868,0.54076,-0.042989,0.50083,-0.74086,-0.20584,-0.3888,0.27466,4.4377,0.14858,0.20748,-3.8095,3.5629,-0.38373,-0.28691,2.6313,-0.29916,-1.1768,-0.25946,1.0045,-0.54358,-0.19026,-0.13087,0.76532,4.9453,-0.47842,3.0549,-3.0091,-0.58398,0.32171,-0.37642,-0.29194,-0.48492,0.88074,-0.5144,-1.0036,-0.63144,-0.038175,-0.20316,-0.043331,0.23614,3.2995,0.89941,-4.1708,-0.64027,0.036565,-0.77748,-0.65979,0.22635,0.17319,-0.49187,-0.81694,0.8911,-0.043385,-0.091974,0.57379,-0.098846,0.13473,1
0.1201,0.68245,0.85545,-0.30263,1.364,0.14839,-2.4943,0.52925,-0.1482,0.44782,-0.66148,-0.26781,-0.19319,0.25733,3.9855,0.079704,0.16665,-3.6908,3.3818,-0.4339,-0.21016,2.6921,-0.32122,-1.0263,-0.29251,1.0416,-0.43078,-0.20787,-0.17079,0.75823,4.7754,-0.46764,2.668,-2.9143,-0.60416,0.40415,-0.28668,-0.42905,-0.32324,0.74806,-0.37511,-0.95952,-0.52724,-0.041072,-0.071786,-0.14604,0.16448,2.9401,0.73522,-4.0499,-0.63412,0.026661,-0.66001,-0.75325,0.17776,0.15875,-0.5271,-0.75521,1.0078,-0.13151,-0.11407,0.4508,-0.080826,0.040266,1
0.21412,0.70715,0.68951,-0.34633,1.5076,0.24804,-2.7847,0.54133,-0.041797,0.50029,-0.74214,-0.20572,-0.38925,0.27584,4.4335,0.14903,0.20569,-3.8028,3.5619,-0.38651,-0.28565,2.6329,-0.29662,-1.1761,-0.25996,1.0044,-0.5439,-0.18925,-0.13227,0.76542,4.9428,-0.47504,3.052,-3.0067,-0.58212,0.32226,-0.37967,-0.29212,-0.48464,0.87899,-0.51353,-1.0007,-0.63307,-0.036923,-0.2023,-0.043233,0.23741,3.3002,0.89969,-4.1703,-0.6359,0.036637,-0.77492,-0.65641,0.2276,0.17386,-0.4938,-0.81536,0.89235,-0.042958,-0.090006,0.57552,-0.096357,0.13566,1
0.24469,0.70474,0.7413,-0.2795,1.3088,0.20196,-3.0537,0.55922,-0.27392,0.50346,-0.72602,-0.20672,-0.45934,0.20853,4.37,0.25675,0.19941,-4.1088,3.6403,-0.2601,-0.23888,2.8067,-0.4078,-1.244,-0.2752,1.0039,-0.60124,-0.15774,-0.15955,0.7112,5.2177,-0.53169,3.1261,-3.265,-0.64288,0.43005,-0.29746,-0.35731,-0.46116,0.87789,-0.46655,-0.9594,-0.74424,-0.15492,-0.23301,-0.17123,0.19514,3.0625,0.76705,-4.2529,-0.81513,0.05019,-0.83915,-0.67244,0.36827,0.18108,-0.42108,-0.90331,0.85612,-0.071343,-0.26248,0.6737,-0.044292,0.20339,1
0.3345,0.73554,0.75341,-0.36202,1.3815,0.16409,-3.2609,0.64234,-0.15413,0.7325,-0.74297,-0.13394,-0.66778,0.27201,5.0055,0.113,0.25857,-4.3597,3.6095,-0.30981,-0.27883,2.6854,-0.40072,-1.3547,-0.2086,0.91407,-0.70523,-0.10867,-0.034721,0.61372,5.2811,-0.65676,3.4237,-3.2215,-0.51042,0.3932,-0.3594,-0.23738,-0.52021,1.2132,-0.66007,-1.0698,-0.81796,-0.1119,-0.45623,-0.088727,0.16306,3.3848,0.9173,-4.2476,-0.97976,0.071769,-0.96615,-0.77961,0.3865,0.28606,-0.12749,-1.0441,0.7567,0.04602,-0.4212,0.60571,-0.021348,0.31348,1
0.1906,0.43724,0.6942,-0.24929,1.7118,0.26091,-2.4043,0.67103,0.0013116,0.39826,-0.85306,-0.2227,-0.1876,0.39293,4.1213,0.051292,0.25626,-3.4609,3.5614,-0.4787,-0.3314,2.8705,-0.24855,-1.0393,-0.4042,1.0551,-0.48172,-0.14335,-0.307,0.78024,4.6444,-0.43262,2.8438,-2.7599,-0.72664,0.55532,-0.23215,-0.28809,-0.30699,0.53546,-0.29389,-0.75904,-0.37192,0.022467,-0.01007,-0.11145,0.2704,3.3788,0.73055,-4.0755,-0.47134,0.066512,-0.4691,-0.68183,0.33956,0.10894,-0.61228,-0.64529,0.99157,-0.070576,-0.11206,0.43039,-0.19871,-0.076225,0
0.11917,0.57857,0.81128,-0.28574,1.679,0.21748,-2.4952,0.64052,-0.031257,0.35153,-0.78348,-0.17641,-0.10242,0.37927,4.1542,0.04433,0.18896,-3.5953,3.4068,-0.56691,-0.20683,2.9134,-0.28795,-1.1504,-0.41691,1.0328,-0.34906,-0.2208,-0.24642,0.79566,4.8711,-0.29644,2.7209,-2.8638,-0.63805,0.45868,-0.27543,-0.32562,-0.25445,0.70173,-0.34799,-0.85179,-0.46861,0.05324,-0.032103,-0.030358,0.23636,3.3175,0.74321,-4.3298,-0.57949,0.15424,-0.46787,-0.70169,0.21194,0.14574,-0.63075,-0.74195,1.0432,-0.065519,-0.082895,0.44687,-0.095457,-0.048443,0
0.12321,0.78609,0.80394,-0.41085,1.4464,0.26549,-2.9905,0.60171,-0.034396,0.50719,-0.83111,-0.14786,-0.36568,0.26509,4.5852,0.159,0.12799,-3.9551,3.6702,-0.6213,-0.20165,2.78,-0.14538,-1.2494,-0.43485,0.94955,-0.53491,-0.25622,-0.10894,0.81259,5.0652,-0.37391,3.2011,-3.1505,-0.50659,0.35843,-0.51371,-0.15889,-0.42086,1.1217,-0.63165,-0.99634,-0.69575,0.046978,-0.22398,0.014945,0.33506,3.6507,0.88334,-4.3986,-0.6611,0.11774,-0.84689,-0.57777,0.17379,0.20543,-0.41554,-0.9451,0.94942,-0.00024105,-0.097545,0.63155,-0.039619,0.20629,0
0.20284,0.5621,0.59193,-0.36639,1.4502,0.27934,-2.2925,0.54963,0.0016386,0.50919,-0.85529,-0.28471,-0.2365,0.2686,4.0758,0.053905,0.21963,-3.3397,3.3412,-0.31902,-0.1924,2.6548,-0.15704,-1.0451,-0.32783,1.0126,-0.44859,-0.075011,-0.2247,0.74928,4.5992,-0.36395,2.738,-2.6039,-0.50584,0.46153,-0.40205,-0.25545,-0.33752,0.68092,-0.45874,-0.92511,-0.45574,0.0075452,-0.060866,-0.003544,0.072188,3.1573,0.85435,-3.8984,-0.52468,0.052636,-0.54454,-0.69199,0.17786,0.12794,-0.54715,-0.75995,0.94466,-0.044538,-0.03574,0.4658,-0.083337,0.12417,0
0.32398,0.6155,0.61611,-0.24799,1.6556,0.24406,-2.655,0.67199,-0.054269,0.46967,-0.91989,-0.1533,-0.42416,0.3238,4.3496,0.12424,0.23388,-3.6972,3.5086,-0.33979,-0.33189,2.7177,-0.34736,-1.1011,-0.32501,0.99309,-0.50937,-0.15027,-0.22344,0.79446,4.7999,-0.46568,2.8881,-2.8841,-0.54819,0.55722,-0.3454,-0.30186,-0.39349,0.74068,-0.43929,-0.88711,-0.55235,-0.034892,-0.09238,-0.084902,0.30084,3.2871,0.82007,-3.9735,-0.62405,-0.019553,-0.63457,-0.71012,0.2792,0.18485,-0.4987,-0.81526,0.94542,-0.070252,-0.16602,0.49855,-0.12932,0.057211,0
0.16854,0.40728,0.77387,-0.32477,1.4888,0.21057,-2.2486,0.52438,0.00023074,0.48222,-0.77423,-0.24988,-0.12814,0.35029,4.0694,-0.018178,0.19581,-3.3737,3.3279,-0.4506,-0.20439,2.7449,-0.28833,-1.0303,-0.33111,1.0252,-0.52474,-0.13997,-0.35331,0.69361,4.5593,-0.36455,2.7511,-2.7209,-0.62612,0.48218,-0.29062,-0.27815,-0.38006,0.5085,-0.35071,-0.77784,-0.34999,0.05083,-0.041477,-0.091011,0.13305,3.1757,0.81424,-4.123,-0.51189,0.12293,-0.4526,-0.74345,0.32212,0.15543,-0.72716,-0.608,1.013,-0.080182,0.085444,0.42285,-0.12337,-0.00073814,0
0.17796,0.49101,0.74238,-0.28325,1.5845,0.32652,-2.3307,0.65933,0.0029317,0.37205,-0.91962,-0.2117,-0.14174,0.39876,3.9798,0.052404,0.12653,-3.4088,3.4986,-0.57033,-0.24337,2.9331,-0.19897,-0.99181,-0.45383,1.03,-0.46372,-0.20026,-0.31788,0.79718,4.564,-0.40096,2.8099,-2.786,-0.71772,0.56575,-0.25789,-0.24701,-0.22995,0.59236,-0.2996,-0.78742,-0.35758,0.097978,-0.0062015,-0.096751,0.29229,3.3604,0.70586,-4.1032,-0.44807,0.064322,-0.42827,-0.69417,0.28993,0.14166,-0.56249,-0.66554,1.0253,-0.016245,-0.12742,0.46149,-0.18164,-0.028443,0
-0.1832,0.75545,1.2843,-0.3944,0.84369,0.13572,-2.8437,0.57957,-0.27323,0.7091,-0.65788,-0.20138,-0.46307,0.096959,4.5925,0.18198,0.12788,-4.2218,3.4052,-0.64264,0.080201,3.0237,-0.2622,-1.3019,-0.10953,0.72872,-0.3159,0.047718,0.29673,0.44319,5.6367,-0.66627,3.432,-3.6161,-0.085493,-0.085839,-0.55577,-0.32426,-0.22979,0.96118,-0.51859,-1.4144,-0.65827,-0.12885,-0.17154,0.055716,-0.16715,3.1722,1.1653,-4.937,-0.7067,0.22273,-0.96111,-0.38437,0.28211,0.040421,0.022836,-0.85836,0.67862,0.13353,-0.47456,0.69915,0.19702,0.53199,0
0.02471,0.61254,0.7941,-0.45623,1.3822,0.34329,-1.9688,0.61631,-0.0078787,0.50126,-0.71892,-0.31471,0.013374,0.27213,3.6482,0.0064491,0.17036,-3.1207,3.0911,-0.50764,-0.33418,2.6435,-0.11725,-1.0067,-0.39864,1.0432,-0.46531,-0.14406,-0.44161,0.81932,4.288,-0.23524,2.3733,-2.5319,-0.55779,0.56101,-0.31347,-0.30487,-0.28367,0.44386,-0.369,-0.80169,-0.37431,0.17008,0.10719,-0.10101,0.096852,3.0058,0.72412,-3.9483,-0.49125,0.1241,-0.41152,-0.71319,0.22024,0.15813,-0.74582,-0.55763,1.0144,-0.15114,0.15229,0.38761,-0.14232,-0.035935,0
0.13385,0.75903,0.8068,-0.30386,1.3497,0.17501,-3.0863,0.48417,-0.13304,0.60929,-0.75756,-0.12491,-0.42523,0.27568,4.5602,0.12797,0.21418,-4.0439,3.5704,-0.45566,-0.18005,2.8196,-0.28704,-1.1836,-0.25131,0.96357,-0.57862,-0.14134,-0.077344,0.72784,5.2014,-0.50268,3.1691,-3.2201,-0.52861,0.35652,-0.47217,-0.33822,-0.45968,0.99343,-0.54983,-1.0187,-0.72384,-0.067925,-0.27942,-0.12458,0.17157,3.3259,0.88303,-4.3981,-0.70136,0.064473,-0.89371,-0.63662,0.28453,0.19675,-0.42714,-0.9118,0.943,-0.063205,-0.22788,0.59141,0.040764,0.23951,0
0.36704,0.52148,0.52938,-0.26593,1.6549,0.32384,-2.5401,0.69608,-0.013213,0.39333,-0.86559,-0.20418,-0.39668,0.31626,4.0996,0.12001,0.15161,-3.6513,3.5061,-0.30471,-0.24824,2.8493,-0.42078,-1.2459,-0.33958,1.1257,-0.44475,-0.10077,-0.13934,0.75157,4.7414,-0.34143,2.6702,-2.9198,-0.47744,0.59413,-0.22204,-0.36209,-0.25072,0.62117,-0.3105,-0.8734,-0.49589,-0.063936,0.018392,-0.090978,0.27249,3.1512,0.76274,-4.0185,-0.6005,-0.03211,-0.50619,-0.69005,0.2511,0.21647,-0.43936,-0.74835,0.94821,-0.11108,-0.19101,0.49326,-0.16391,0.03771,0
0.15754,0.52605,0.74552,-0.51472,1.5559,0.30168,-2.2691,0.64135,0.065002,0.46268,-0.88241,-0.2208,-0.11763,0.25752,4.1561,0.082996,0.12923,-3.3576,3.3941,-0.67174,-0.24331,2.873,-0.15639,-0.99961,-0.54979,0.96785,-0.56993,-0.23906,-0.37059,0.78025,4.5052,-0.28894,2.8039,-2.7093,-0.50572,0.6261,-0.37983,-0.20392,-0.27023,0.57401,-0.40632,-0.75549,-0.36345,0.18881,-0.020472,-0.091676,0.23792,3.4998,0.78076,-4.1246,-0.52059,0.1225,-0.36862,-0.7721,0.18658,0.13669,-0.62998,-0.7586,1.022,-0.060659,0.047363,0.4722,-0.10272,0.06335,0
0.36256,0.6117,0.53211,-0.19183,1.273,0.31328,-2.8001,0.67954,-0.12408,0.51507,-0.68746,-0.25059,-0.64923,0.25232,4.3296,0.12217,0.21613,-3.9213,3.5645,-0.18021,-0.12472,2.6258,-0.38403,-1.2484,-0.22448,0.98559,-0.59056,-0.060677,-0.028042,0.55027,5.0246,-0.58488,2.7734,-2.8532,-0.40917,0.40589,-0.35423,-0.39717,-0.3161,0.92281,-0.43097,-1.0201,-0.71663,-0.17584,-0.23234,-0.12957,0.11579,2.7862,0.73568,-3.7422,-0.74292,-0.095197,-0.76755,-0.77604,0.34921,0.26486,-0.26019,-0.99623,0.8485,-0.0045186,-0.32316,0.57487,-0.018248,0.20873,0
0.00051753,0.42772,0.8758,-0.53293,1.3756,0.22526,-2.1791,0.53435,0.10361,0.53662,-0.696,-0.20064,-0.081534,0.35414,4.0254,-0.079376,-0.00011038,-3.4221,3.1285,-0.66422,-0.13551,2.765,-0.21114,-0.99588,-0.42786,0.96289,-0.53677,-0.33088,-0.32899,0.7667,4.6138,-0.2169,2.7064,-2.5847,-0.54006,0.57698,-0.32817,-0.24184,-0.2867,0.60022,-0.36578,-0.74262,-0.46492,0.10248,-0.030985,-0.13332,0.20586,3.3008,0.70433,-4.2891,-0.50998,0.19417,-0.34178,-0.88443,0.16331,0.22405,-0.61171,-0.63168,1.092,0.01932,0.095573,0.44276,-0.098944,0.13952,0
-0.0034086,0.5149,0.97217,-0.38315,1.4367,0.20323,-2.4473,0.52988,-0.065473,0.49994,-0.84149,-0.11962,-0.064982,0.34694,3.9806,0.0023437,-0.0014354,-3.5637,3.2804,-0.62095,-0.14852,2.9153,-0.18419,-1.0117,-0.45946,0.95537,-0.43037,-0.21674,-0.31192,0.82598,4.6755,-0.29326,2.793,-2.8151,-0.62113,0.51194,-0.34403,-0.35083,-0.25307,0.71965,-0.4098,-0.78477,-0.43266,0.12706,0.043074,-0.073821,0.17865,3.2582,0.66941,-4.3002,-0.55671,0.18114,-0.50893,-0.70091,0.32197,0.16471,-0.52554,-0.62685,1.1253,-0.012924,-0.056884,0.35634,-0.14518,0.021666,0
0.16328,0.47338,0.74759,-0.31739,1.6223,0.29866,-2.3849,0.62047,0.029849,0.43425,-0.86741,-0.21357,-0.14098,0.38229,4.1747,0.046167,0.16656,-3.4492,3.5319,-0.57979,-0.23568,2.9059,-0.19021,-1.0625,-0.45177,1.0386,-0.48204,-0.20494,-0.29991,0.7737,4.6774,-0.35355,2.8881,-2.7567,-0.71036,0.49345,-0.28472,-0.21692,-0.28038,0.61187,-0.33458,-0.79709,-0.40156,0.092621,-0.056432,-0.048258,0.29379,3.4454,0.77457,-4.1716,-0.48298,0.10899,-0.44801,-0.69939,0.24772,0.12648,-0.58101,-0.70029,1.0086,0.0008459,-0.079616,0.48885,-0.15884,0.019669,0
0.1213,0.58158,0.80466,-0.28338,1.6846,0.2194,-2.4963,0.63331,-0.034532,0.33918,-0.77604,-0.17132,-0.10407,0.37585,4.1566,0.051778,0.19017,-3.5894,3.404,-0.56677,-0.21523,2.9136,-0.29024,-1.1607,-0.4151,1.0325,-0.35189,-0.2297,-0.24904,0.79158,4.8628,-0.29303,2.7191,-2.8688,-0.63771,0.45831,-0.26519,-0.32645,-0.25815,0.70361,-0.3446,-0.84558,-0.47124,0.055438,-0.038678,-0.033811,0.24507,3.3199,0.7374,-4.3332,-0.58101,0.15827,-0.46185,-0.69751,0.21136,0.14649,-0.64414,-0.7367,1.0415,-0.079134,-0.079856,0.44633,-0.090321,-0.050131,0
0.086345,0.79149,0.9292,-0.33593,1.2084,0.065095,-3.0769,0.43185,-0.095552,0.76487,-0.56689,-0.14776,-0.47291,0.27564,4.8682,0.07227,0.18644,-4.237,3.4692,-0.43297,-0.1446,2.5635,-0.25273,-1.3317,-0.20103,0.93393,-0.54277,-0.17005,0.052577,0.63433,5.2551,-0.53554,3.2703,-3.3515,-0.50024,0.16787,-0.42772,-0.22368,-0.49825,1.3148,-0.65792,-1.0293,-0.76058,-0.065145,-0.45147,-0.031495,0.15935,3.3497,1.0471,-4.5127,-0.80998,0.14484,-1.0271,-0.63408,0.14018,0.17575,-0.15265,-1.0435,0.75148,-0.039621,-0.36983,0.53143,0.054292,0.3533,0
0.30372,0.39283,0.64535,-0.079851,1.8512,0.21231,-2.7111,0.65962,-0.098007,0.42038,-0.89334,-0.044981,-0.40588,0.46808,4.2912,0.10255,0.12345,-3.6696,3.5127,-0.35932,-0.27037,2.9146,-0.44022,-1.2605,-0.30644,1.1048,-0.49912,-0.19036,-0.21929,0.72066,4.8551,-0.33637,2.8118,-2.9531,-0.71582,0.60588,-0.12232,-0.32715,-0.33209,0.58632,-0.1639,-0.69933,-0.56767,-0.096588,-0.072594,-0.14222,0.50305,3.255,0.72266,-4.1537,-0.55817,0.024647,-0.42421,-0.66986,0.33768,0.1785,-0.51787,-0.69942,0.94646,-0.070195,-0.34254,0.44462,-0.12285,-0.079347,0
0.19649,0.69803,0.78282,-0.39299,1.435,0.20779,-2.6508,0.53287,-0.020315,0.56118,-0.85871,-0.16856,-0.20797,0.30669,4.2306,0.043606,0.13824,-3.6932,3.4046,-0.4806,-0.10721,2.8925,-0.28403,-1.1513,-0.37336,0.97322,-0.41134,-0.11177,-0.11958,0.78916,5.0145,-0.31929,2.8838,-2.9591,-0.41954,0.47062,-0.45622,-0.27949,-0.31785,0.82025,-0.53946,-0.95283,-0.50419,0.069927,-0.057741,-0.015785,0.16293,3.2212,0.88087,-4.3155,-0.6664,0.1006,-0.69323,-0.68535,0.099162,0.14934,-0.47934,-0.88428,1.0525,-0.019982,-0.03443,0.53576,-0.027328,0.173,0
0.29011,0.69019,0.659,-0.32981,1.6663,0.22826,-2.8418,0.65897,0.026166,0.46528,-0.89781,-0.12149,-0.40277,0.35071,4.5659,0.10712,0.21034,-3.8538,3.5398,-0.43916,-0.21367,2.7171,-0.32089,-1.1416,-0.38333,0.93561,-0.43899,-0.18093,-0.12569,0.77141,5.0196,-0.45371,3.0355,-2.9743,-0.52224,0.46238,-0.44936,-0.25937,-0.35712,0.92258,-0.56288,-0.97391,-0.61701,0.0096501,-0.21505,-0.013691,0.28084,3.4412,0.86491,-4.1987,-0.66965,0.019553,-0.71135,-0.72888,0.18534,0.18846,-0.39525,-0.95281,0.99436,0.0083836,-0.20867,0.52315,-0.080428,0.13627,0
0.18072,0.41839,0.71402,-0.28186,1.6576,0.29466,-2.2892,0.68433,-0.014857,0.46791,-0.81415,-0.22616,-0.1327,0.42416,3.7665,0.016188,0.077927,-3.3683,3.3784,-0.45934,-0.289,2.959,-0.31198,-1.0861,-0.37482,1.1468,-0.51379,-0.16806,-0.34633,0.82115,4.5963,-0.29895,2.5315,-2.8179,-0.66672,0.70909,-0.14922,-0.4207,-0.23676,0.3771,-0.18635,-0.65168,-0.39259,0.033143,0.16277,-0.21501,0.28342,3.1268,0.67989,-4.1345,-0.49488,0.084395,-0.30093,-0.74216,0.32975,0.18039,-0.60686,-0.55359,1.0476,-0.10579,-0.10196,0.4565,-0.20711,-0.057275,0
0.33494,0.44788,0.61465,-0.24456,1.7618,0.25331,-2.3773,0.76863,0.041401,0.37529,-0.89354,-0.12425,-0.30598,0.47241,3.8745,0.074661,0.024186,-3.3903,3.3719,-0.41788,-0.3147,2.8391,-0.40689,-1.1094,-0.36131,1.1049,-0.50399,-0.26691,-0.26032,0.78773,4.6015,-0.31056,2.5135,-2.8593,-0.54603,0.76365,-0.1156,-0.34087,-0.26419,0.49191,-0.19122,-0.64136,-0.43669,0.010321,0.098069,-0.20834,0.48618,3.1396,0.70071,-4.0281,-0.48177,-0.041541,-0.32928,-0.70063,0.15642,0.17695,-0.54825,-0.63833,0.99653,-0.11674,-0.1815,0.50853,-0.20271,-0.078888,0
0.24281,0.62668,0.61828,-0.36537,1.4447,0.28638,-2.3484,0.6905,-0.10165,0.49528,-0.89871,-0.30653,-0.28106,0.20894,3.73,0.16119,0.13419,-3.5155,3.2366,-0.24908,-0.30412,2.6232,-0.30352,-1.0554,-0.31368,1.0427,-0.5488,-0.034272,-0.31922,0.80672,4.5231,-0.46965,2.363,-2.7081,-0.51399,0.67182,-0.32744,-0.39348,-0.2964,0.51136,-0.35131,-0.88568,-0.39334,-0.020172,0.13922,-0.18126,0.059823,2.9399,0.74677,-3.7011,-0.60411,-0.067586,-0.53253,-0.68505,0.27393,0.19734,-0.49743,-0.726,1.0168,-0.15755,-0.063083,0.40582,-0.17284,-0.079198,0
0.1299,0.64212,0.82442,-0.29536,1.3733,0.16832,-2.9534,0.49804,-0.10908,0.51972,-0.74252,-0.19001,-0.31764,0.31811,4.523,0.087765,0.16958,-3.8268,3.6488,-0.51646,-0.12694,2.8274,-0.19741,-1.235,-0.31959,0.99208,-0.45811,-0.19108,-0.077888,0.71668,5.2164,-0.33279,3.1954,-3.1574,-0.70348,0.2039,-0.47239,-0.20689,-0.45772,1.0151,-0.52615,-1.0193,-0.70175,-0.031808,-0.24402,0.034201,0.22492,3.3644,0.91979,-4.4144,-0.65254,0.16221,-0.86136,-0.60026,0.18961,0.1271,-0.51735,-0.86953,0.94875,0.025301,-0.045358,0.67356,-0.0099101,0.25057,0
0.16946,0.40079,0.64336,-0.6659,1.0319,0.38542,-0.99261,0.40681,0.25393,0.44804,-0.49144,-0.20897,-0.13571,0.19402,2.966,-0.17738,-0.21228,-2.2451,2.2359,-0.3051,-0.08127,1.9893,-0.12103,-0.82755,-0.23335,0.90949,-0.42208,-0.36021,-0.14939,0.58176,3.3583,-0.235,1.5656,-1.8325,-0.046896,0.77879,-0.21129,-0.049927,-0.11001,0.61059,-0.24572,-0.59226,-0.19626,0.22179,0.22428,-0.064524,0.15233,2.2612,0.70731,-3.2667,-0.28446,-0.07354,-0.12008,-0.98569,-0.25611,0.1435,-0.57594,-0.53157,0.91124,-0.041237,0.30595,0.15357,-0.17085,0.14673,0
0.18238,0.47381,0.77363,-0.40665,1.5498,0.33059,-2.3415,0.58536,0.058882,0.4482,-0.89339,-0.1606,-0.16218,0.37791,4.2926,0.048281,0.050465,-3.4257,3.422,-0.65449,-0.24203,2.8636,-0.14545,-1.0441,-0.4795,0.96078,-0.60264,-0.27174,-0.31002,0.75582,4.5619,-0.36179,2.9441,-2.7474,-0.73443,0.54177,-0.24992,-0.18841,-0.29164,0.66361,-0.33863,-0.7973,-0.44036,0.16821,-0.14105,-0.068718,0.40343,3.4951,0.72517,-4.1488,-0.48168,0.11307,-0.41084,-0.79369,0.28088,0.22367,-0.49154,-0.73705,1.0203,0.041925,-0.1018,0.47201,-0.17795,0.11597,0
0.036684,0.82781,0.93835,-0.32276,1.1777,0.066794,-3.1783,0.44636,-0.13109,0.7157,-0.59568,-0.11898,-0.49946,0.22978,4.731,0.11672,0.16591,-4.3218,3.5217,-0.49772,-0.098619,2.6465,-0.28614,-1.3254,-0.21226,0.92027,-0.45627,-0.16758,0.022012,0.63051,5.4172,-0.47527,3.3189,-3.4976,-0.47104,0.13334,-0.56108,-0.26585,-0.47029,1.2807,-0.62778,-1.0624,-0.83646,-0.12508,-0.39424,-0.068847,0.12195,3.309,1.0705,-4.6664,-0.78661,0.1378,-1.086,-0.48939,0.15123,0.12758,-0.23284,-1.0065,0.79101,-0.046091,-0.30046,0.61308,0.10712,0.35568,0
0.37285,0.44588,0.59059,-0.21336,1.766,0.18059,-2.4178,0.70593,-0.11856,0.34571,-0.8771,-0.11775,-0.38164,0.33567,4.0858,0.20114,0.16565,-3.5329,3.3567,-0.27843,-0.34876,2.6598,-0.42954,-1.1427,-0.35435,1.0059,-0.55374,-0.20717,-0.29692,0.70621,4.5733,-0.50089,2.5656,-2.6709,-0.58361,0.70397,-0.10606,-0.37435,-0.38148,0.55257,-0.2084,-0.69873,-0.47324,-0.089755,-0.0068408,-0.18614,0.32635,3.0342,0.67667,-3.7562,-0.58775,-0.029695,-0.35848,-0.80559,0.32754,0.14876,-0.53543,-0.76061,0.88626,-0.11087,-0.27649,0.40702,-0.17967,-0.10187,0
0.28466,0.5893,0.62373,-0.24351,1.8344,0.30182,-2.6313,0.81927,-0.034834,0.4332,-0.98392,-0.1614,-0.37148,0.33699,4.4255,0.16256,0.21253,-3.6847,3.572,-0.46041,-0.4295,2.7912,-0.33431,-1.144,-0.42491,1.0137,-0.49751,-0.12619,-0.24739,0.85699,4.6932,-0.47378,2.8598,-2.8669,-0.60719,0.56543,-0.28065,-0.33612,-0.32453,0.73036,-0.39759,-0.84772,-0.53307,0.050918,-0.11237,-0.060895,0.43268,3.4936,0.81225,-3.9281,-0.59905,-0.016673,-0.55161,-0.64288,0.33826,0.21124,-0.4009,-0.79635,0.92498,-0.032492,-0.32353,0.48988,-0.19769,-0.081489,0
0.2379,0.46051,0.62233,-0.27422,1.59,0.3024,-2.4707,0.57622,-0.044255,0.47325,-0.89414,-0.20295,-0.29651,0.32893,4.1205,0.11998,0.14369,-3.4948,3.515,-0.33621,-0.22876,2.862,-0.32557,-1.1155,-0.35907,1.09,-0.51799,-0.088139,-0.28756,0.74404,4.6166,-0.37921,2.7946,-2.8659,-0.51952,0.55861,-0.25311,-0.30177,-0.30166,0.55372,-0.29711,-0.79028,-0.44735,-0.026255,-0.014463,-0.12272,0.24404,3.213,0.8265,-4.0173,-0.50708,0.038786,-0.46172,-0.66691,0.31847,0.11861,-0.55398,-0.69856,0.93119,-0.11338,-0.16023,0.47097,-0.12217,0.033899,0
0.21396,0.44414,0.70362,-0.30237,1.6834,0.30903,-2.4955,0.64163,-0.012228,0.44893,-0.86472,-0.20288,-0.22276,0.3725,4.3536,0.077856,0.22041,-3.5181,3.616,-0.53612,-0.2619,2.9145,-0.22625,-1.1073,-0.43707,1.063,-0.52923,-0.17519,-0.25133,0.73476,4.7421,-0.38945,2.9099,-2.7837,-0.73713,0.48625,-0.23009,-0.23384,-0.26697,0.61502,-0.30488,-0.81305,-0.46168,0.061091,-0.11409,-0.042199,0.33557,3.4935,0.77084,-4.0858,-0.54649,0.094736,-0.43233,-0.75753,0.31533,0.14841,-0.52356,-0.75026,0.97903,-0.00077662,-0.15135,0.50883,-0.15604,0.042544,0
0.41263,0.4656,0.42811,-0.29591,1.6597,0.30031,-2.1632,0.71483,-0.032352,0.31886,-0.84967,-0.12279,-0.49005,0.2941,3.9318,0.13694,0.16543,-3.3069,3.0612,-0.25007,-0.39466,2.2983,-0.38196,-1.1272,-0.30585,0.9342,-0.5341,-0.12459,-0.19932,0.6795,4.1587,-0.46708,2.3384,-2.3354,-0.32669,0.72934,-0.18768,-0.30899,-0.33575,0.58979,-0.268,-0.78833,-0.40093,0.024846,-0.022804,-0.10168,0.34122,2.9093,0.62452,-3.3839,-0.57082,-0.15069,-0.34136,-0.80164,0.29505,0.26928,-0.46623,-0.6619,0.83249,-0.070249,-0.21101,0.26444,-0.24674,-0.090776,0
0.28858,0.55933,0.48432,-0.28008,1.7832,0.33158,-2.4941,0.7067,-0.018423,0.4188,-0.89483,-0.18822,-0.46463,0.33748,4.2099,0.14465,0.19319,-3.5675,3.49,-0.27191,-0.35661,2.5869,-0.28902,-1.1063,-0.34268,1.0193,-0.47621,-0.11995,-0.20638,0.77515,4.5653,-0.47694,2.7227,-2.6606,-0.62253,0.59018,-0.30318,-0.34914,-0.31083,0.62054,-0.36702,-0.84012,-0.48757,-0.061738,-0.018177,-0.067951,0.30147,3.2905,0.72087,-3.7388,-0.54187,-0.065201,-0.4825,-0.80791,0.35578,0.22997,-0.38754,-0.73787,0.95404,-0.059716,-0.26047,0.35348,-0.21349,0.0057756,0
0.10404,0.76454,0.80519,-0.36051,1.4271,0.25061,-2.915,0.57939,-0.067418,0.51377,-0.7958,-0.15512,-0.34033,0.29471,4.5172,0.15413,0.12303,-3.8732,3.5957,-0.57064,-0.19114,2.7813,-0.1644,-1.2618,-0.38236,0.97142,-0.47901,-0.24045,-0.15041,0.79295,5.1322,-0.34086,3.1496,-3.1223,-0.60184,0.29601,-0.49463,-0.18738,-0.42778,1.0354,-0.58108,-0.99006,-0.72739,0.025894,-0.22768,0.023192,0.31284,3.4954,0.89666,-4.3754,-0.63802,0.13157,-0.81652,-0.58129,0.1793,0.14918,-0.43801,-0.91907,0.9529,0.012219,-0.11717,0.62699,-0.011505,0.20825,0
0.33024,0.64447,0.58854,-0.25364,1.7034,0.28467,-2.8091,0.69765,-0.066624,0.47245,-0.92815,-0.18484,-0.4406,0.30565,4.4357,0.13019,0.2087,-3.856,3.6073,-0.31989,-0.30079,2.8209,-0.39719,-1.2053,-0.31532,1.0363,-0.48323,-0.095168,-0.15902,0.81534,4.9043,-0.46257,2.9702,-2.9785,-0.58558,0.50702,-0.34682,-0.35618,-0.35275,0.77354,-0.45053,-0.99534,-0.60504,-0.048168,-0.13847,-0.055411,0.26858,3.332,0.82245,-4.0575,-0.69333,-0.018207,-0.67656,-0.69278,0.30939,0.2577,-0.39259,-0.82398,0.95661,-0.044912,-0.25788,0.50259,-0.13578,0.040056,0
-0.17601,0.66424,0.94006,-0.45537,1.1183,0.19932,-2.1522,0.45459,-0.065963,0.53372,-0.62556,-0.16902,-0.1208,0.28842,3.8389,0.05328,0.01163,-3.1861,3.0089,-0.50622,-0.28897,2.4632,-0.027802,-0.84914,-0.25258,0.82813,-0.47995,-0.20118,-0.24593,0.69087,4.3516,-0.38065,2.5387,-2.6554,-0.55087,0.3597,-0.30236,-0.33579,-0.33588,0.80162,-0.42616,-0.87947,-0.49449,0.17403,-0.13503,-0.099287,0.27061,2.9706,0.65939,-3.9008,-0.39655,0.11346,-0.59159,-0.62763,0.29575,0.22421,-0.58642,-0.56686,0.98612,-0.092249,0.028704,0.35567,-0.077535,0.15045,0
0.3646,0.57597,0.593,-0.27837,1.9133,0.28262,-2.7511,0.8221,-0.033228,0.40548,-0.97498,-0.15122,-0.50831,0.31316,4.6078,0.16521,0.1963,-3.9304,3.6176,-0.41777,-0.47179,2.7224,-0.43566,-1.2136,-0.39984,0.96536,-0.55964,-0.1287,-0.20381,0.84513,4.6671,-0.54879,2.9683,-2.865,-0.62837,0.58487,-0.22548,-0.41674,-0.34361,0.79044,-0.40667,-0.93569,-0.57917,0.027397,-0.14819,-0.071428,0.43978,3.529,0.74042,-3.8691,-0.70769,-0.010905,-0.53513,-0.82696,0.47276,0.36551,-0.26999,-0.79827,0.94235,-0.017989,-0.38872,0.39034,-0.26763,-0.049769,0
0.36937,0.55243,0.5662,-0.18156,1.7942,0.22833,-2.7034,0.7346,-0.044536,0.43315,-0.88444,-0.095015,-0.53203,0.37352,4.5219,0.094393,0.2265,-3.7887,3.5101,-0.32978,-0.32817,2.6223,-0.41831,-1.1837,-0.29797,0.98587,-0.46916,-0.18611,-0.16136,0.71956,4.7958,-0.47477,2.9456,-2.7566,-0.59724,0.49977,-0.29062,-0.27422,-0.41374,0.8025,-0.41314,-0.91448,-0.62643,-0.087117,-0.18816,-0.049403,0.37104,3.2967,0.77761,-3.9122,-0.6599,-0.043475,-0.60648,-0.77728,0.30037,0.24359,-0.4143,-0.80591,0.90093,0.0047939,-0.29464,0.44494,-0.12952,0.037751,0
0.26362,0.71451,0.65109,-0.30502,1.5995,0.29274,-2.8303,0.67967,-0.064695,0.46301,-0.9578,-0.24309,-0.36,0.28218,4.3567,0.16517,0.21271,-3.8745,3.6488,-0.39565,-0.23587,2.9214,-0.33085,-1.149,-0.37128,1.0276,-0.47325,-0.082778,-0.19423,0.85449,4.9902,-0.45374,2.9563,-3.0495,-0.57641,0.49176,-0.45642,-0.37704,-0.31471,0.77678,-0.4994,-1.0277,-0.6055,-0.010176,-0.10821,-0.066465,0.19451,3.3554,0.85842,-4.1691,-0.66683,0.0032506,-0.70736,-0.65454,0.27517,0.2251,-0.43042,-0.89367,1.0405,-0.046785,-0.2084,0.55806,-0.085379,0.074051,0
0.21529,0.7232,0.61103,-0.25343,1.6881,0.29745,-2.7782,0.69151,-0.024421,0.44292,-0.9307,-0.24215,-0.38743,0.34558,4.2679,0.13551,0.25314,-3.8193,3.6357,-0.3507,-0.29311,2.8131,-0.25583,-1.0802,-0.35035,1.0451,-0.42923,-0.084858,-0.20188,0.86799,4.9369,-0.48401,2.8493,-2.9142,-0.65313,0.49918,-0.47217,-0.38643,-0.30875,0.72318,-0.49817,-0.97356,-0.55812,-0.051601,-0.026672,-0.070849,0.17191,3.3808,0.80654,-4.0509,-0.57112,-0.014765,-0.69311,-0.68663,0.31318,0.18786,-0.42494,-0.85967,1.0987,-0.079883,-0.19437,0.45505,-0.1406,0.020777,0
0.20469,0.42435,0.70181,-0.34458,1.5701,0.28021,-2.3069,0.62679,-0.050383,0.48506,-0.87638,-0.24287,-0.14878,0.36211,3.8434,0.089143,0.12944,-3.4635,3.3571,-0.38953,-0.3258,2.8809,-0.27375,-1.0617,-0.33786,1.0734,-0.62959,-0.11252,-0.38279,0.79642,4.5957,-0.43874,2.648,-2.766,-0.71227,0.71761,-0.13774,-0.35877,-0.29457,0.38968,-0.21986,-0.67238,-0.30542,0.007645,0.10994,-0.25252,0.15464,3.1781,0.64106,-4.0262,-0.54566,0.12296,-0.32802,-0.79049,0.39957,0.15962,-0.58323,-0.62557,1.0103,-0.10942,-0.12913,0.40246,-0.2365,-0.043619,0
0.26013,0.5677,0.66288,-0.25266,1.7958,0.27144,-2.5854,0.69923,0.024094,0.32187,-0.77695,-0.16999,-0.25669,0.42713,4.2405,0.12846,0.099307,-3.7148,3.4305,-0.44368,-0.29144,2.8279,-0.41397,-1.2248,-0.38617,1.0954,-0.43219,-0.27198,-0.21062,0.84254,4.8243,-0.37419,2.7387,-2.9718,-0.71519,0.53043,-0.133,-0.40464,-0.299,0.70214,-0.32195,-0.79716,-0.61036,0.0042607,-0.11811,-0.093798,0.41804,3.3114,0.71635,-4.2169,-0.58458,0.07234,-0.41345,-0.79379,0.27746,0.29318,-0.43395,-0.76428,1.01,-0.071817,-0.30766,0.47072,-0.14553,0.0029754,0
0.12308,0.51008,0.80595,-0.25308,1.6577,0.32002,-2.5736,0.70149,-0.1338,0.384,-0.9124,-0.2944,-0.12541,0.30595,4.0409,0.089729,0.1566,-3.681,3.6015,-0.47322,-0.26256,3.1357,-0.35138,-1.1109,-0.43821,1.1196,-0.39752,0.00852,-0.27059,0.88234,4.7691,-0.38946,2.7071,-3.0083,-0.64475,0.49829,-0.24025,-0.53272,-0.16414,0.55557,-0.26922,-0.92445,-0.39468,0.042473,0.099016,-0.052886,0.19875,3.2482,0.69129,-4.1303,-0.60362,0.068617,-0.4886,-0.6201,0.40804,0.19419,-0.44495,-0.59499,1.077,-0.091239,-0.21139,0.44,-0.20909,-0.15471,0
0.11827,0.30079,0.75635,-0.41118,1.4864,0.24278,-1.9716,0.52314,0.065085,0.49743,-0.72772,-0.22242,-0.094783,0.32478,4.0329,-0.059881,0.07413,-3.1021,3.1318,-0.5676,-0.2183,2.6303,-0.15311,-1.0002,-0.38839,1.0306,-0.63156,-0.24785,-0.39397,0.6485,4.2845,-0.28174,2.5332,-2.3605,-0.64088,0.5467,-0.17338,-0.20976,-0.32164,0.48275,-0.26142,-0.73501,-0.39116,0.15006,-0.055358,-0.049175,0.26676,3.274,0.71137,-3.8519,-0.46336,0.11186,-0.23922,-0.87358,0.21831,0.182,-0.67497,-0.53882,1.0048,-0.027264,0.090282,0.3774,-0.16519,-0.0051552,0
0.24244,0.59501,0.59983,-0.20048,1.6985,0.29126,-2.6315,0.67593,-0.044181,0.43691,-0.81289,-0.22581,-0.33758,0.32621,4.1656,0.099307,0.2154,-3.7307,3.5249,-0.33109,-0.34816,2.7266,-0.35312,-1.164,-0.32215,1.0795,-0.49941,-0.10959,-0.21151,0.86429,4.7472,-0.47912,2.7322,-2.8105,-0.6449,0.53291,-0.29252,-0.42093,-0.36563,0.64154,-0.36989,-0.88412,-0.54617,-0.073416,-0.0026431,-0.10144,0.21535,3.277,0.74734,-3.997,-0.5897,0.0051601,-0.56795,-0.71163,0.36258,0.26714,-0.45035,-0.72384,1.0111,-0.095523,-0.19517,0.4057,-0.2032,-0.071428,0
0.073445,0.65363,0.83373,-0.42463,1.5089,0.32016,-2.4838,0.55959,0.01271,0.54764,-0.82253,-0.20491,-0.095626,0.33408,4.1497,0.042964,0.16319,-3.5567,3.4304,-0.49615,-0.17507,2.7499,-0.13819,-1.007,-0.42113,0.993,-0.47927,-0.14109,-0.27963,0.80534,4.7929,-0.37363,2.8215,-2.8152,-0.59782,0.4595,-0.35767,-0.27695,-0.25952,0.72784,-0.4552,-0.92391,-0.48763,0.090261,-0.044431,-0.021888,0.12045,3.3502,0.7868,-4.1969,-0.57385,0.12702,-0.53203,-0.78751,0.25994,0.17308,-0.5262,-0.76924,1.0268,-0.017059,-0.031137,0.44095,-0.13116,0.099864,0
0.30687,0.72614,0.6116,-0.33863,1.6074,0.24502,-2.715,0.62703,0.0078826,0.49152,-0.89933,-0.17455,-0.38668,0.34247,4.4436,0.082847,0.22279,-3.7466,3.4744,-0.29572,-0.15708,2.7866,-0.30261,-1.1481,-0.33585,0.97113,-0.38658,-0.077572,-0.064508,0.7847,4.9988,-0.42744,2.8958,-2.9726,-0.48951,0.46036,-0.44548,-0.29148,-0.28922,0.86785,-0.57722,-1.0048,-0.54588,0.020776,-0.13485,0.035893,0.16696,3.3052,0.88598,-4.1039,-0.6538,0.0053553,-0.67228,-0.78675,0.17649,0.18567,-0.34656,-0.97421,1.0184,-0.024393,-0.19835,0.49237,-0.040731,0.19367,0
0.10089,0.58274,0.80704,-0.30541,1.5805,0.28995,-2.3913,0.65192,-0.065031,0.35139,-0.80923,-0.23558,-0.07296,0.33221,3.9795,0.065155,0.10495,-3.5688,3.4525,-0.59684,-0.20046,3.0418,-0.27899,-1.2008,-0.43789,1.1086,-0.35078,-0.21046,-0.22344,0.8332,4.7436,-0.22583,2.7349,-2.856,-0.64975,0.45918,-0.23955,-0.34445,-0.22917,0.65878,-0.33089,-0.8732,-0.44684,0.072424,0.0071837,-0.027115,0.25757,3.2687,0.73004,-4.326,-0.5527,0.15467,-0.43997,-0.65327,0.19033,0.21207,-0.58836,-0.65138,1.0167,-0.061845,-0.10289,0.48521,-0.1304,-0.048719,0
0.21971,0.77474,0.74412,-0.3994,1.5176,0.21939,-3.2073,0.61349,-0.050134,0.72758,-0.76249,-0.1246,-0.60935,0.32659,5.023,0.15973,0.22743,-4.2618,3.7545,-0.41348,-0.30439,2.7313,-0.26354,-1.3378,-0.27582,0.96933,-0.65809,-0.13484,-0.043559,0.67772,5.2177,-0.57786,3.4038,-3.3274,-0.56106,0.32946,-0.38195,-0.20378,-0.46619,1.1499,-0.62648,-1.0241,-0.7873,-0.045394,-0.38368,-0.077097,0.29423,3.6692,1.0067,-4.3505,-0.79241,0.08099,-0.93612,-0.64114,0.34229,0.20899,-0.1374,-1.0402,0.81408,-0.020834,-0.36846,0.62498,-0.031437,0.34834,0
0.17796,0.49101,0.74238,-0.28325,1.5845,0.32652,-2.3307,0.65933,0.0029317,0.37205,-0.91962,-0.2117,-0.14174,0.39876,3.9798,0.052404,0.12653,-3.4088,3.4986,-0.57033,-0.24337,2.9331,-0.19897,-0.99181,-0.45383,1.03,-0.46372,-0.20026,-0.31788,0.79718,4.564,-0.40096,2.8099,-2.786,-0.71772,0.56575,-0.25789,-0.24701,-0.22995,0.59236,-0.2996,-0.78742,-0.35758,0.097978,-0.0062015,-0.096751,0.29229,3.3604,0.70586,-4.1032,-0.44807,0.064322,-0.42827,-0.69417,0.28993,0.14166,-0.56249,-0.66554,1.0253,-0.016245,-0.12742,0.46149,-0.18164,-0.028443,0
0.13401,0.49812,0.76132,-0.40675,1.5738,0.27609,-2.2141,0.64441,0.089627,0.45299,-0.81156,-0.24913,-0.044463,0.4229,4.0006,-0.031979,0.14556,-3.3304,3.3857,-0.59421,-0.25936,2.8404,-0.15713,-0.95217,-0.48609,1.033,-0.50708,-0.22795,-0.35204,0.77552,4.5125,-0.33659,2.7248,-2.6153,-0.64241,0.58902,-0.27782,-0.2266,-0.26824,0.5517,-0.35538,-0.75414,-0.3558,0.15143,0.01994,-0.089973,0.2074,3.4038,0.77869,-4.0642,-0.47415,0.1102,-0.38811,-0.75765,0.2117,0.13634,-0.60451,-0.66629,1.0501,-0.048422,0.033632,0.46008,-0.17033,0.0020973,0
0.097042,0.40406,0.82808,-0.3104,1.4738,0.25578,-2.1536,0.61824,-0.040273,0.41881,-0.84039,-0.22923,-0.017427,0.35149,3.9323,0.0094498,0.063208,-3.1988,3.2919,-0.63679,-0.21946,2.958,-0.18726,-1.0035,-0.48602,0.9919,-0.44657,-0.13661,-0.3969,0.75097,4.542,-0.26566,2.6521,-2.6683,-0.71683,0.48448,-0.28888,-0.34785,-0.24469,0.50587,-0.28307,-0.77427,-0.36449,0.1783,0.025962,-0.019212,0.23568,3.228,0.71481,-3.9743,-0.47381,0.13402,-0.34005,-0.68386,0.30103,0.13251,-0.57824,-0.54112,1.0624,-0.036316,-0.028707,0.41264,-0.14367,-0.040847,0
0.27668,0.45427,0.64921,-0.13921,1.9083,0.26765,-2.5334,0.76166,-0.049509,0.37791,-0.77786,-0.16954,-0.2242,0.41421,3.9417,0.10137,0.10583,-3.5404,3.4824,-0.39345,-0.40403,2.8551,-0.43266,-1.1893,-0.40775,1.1371,-0.49143,-0.16202,-0.27491,0.84392,4.6193,-0.4138,2.5079,-2.9382,-0.74232,0.70906,-0.045369,-0.46019,-0.27698,0.49164,-0.15476,-0.65436,-0.48432,-0.01304,0.092949,-0.18067,0.47542,3.2109,0.64969,-4.0412,-0.54797,0.00056326,-0.35318,-0.69109,0.37448,0.258,-0.49972,-0.60224,0.99898,-0.16249,-0.25596,0.37155,-0.25735,-0.21825,0
0.17715,0.43518,0.71461,-0.3831,1.5504,0.25804,-2.0118,0.56751,0.097872,0.45499,-0.70674,-0.24912,-0.10185,0.35028,4.1562,-0.049172,0.20158,-3.1916,3.137,-0.46084,-0.26134,2.5328,-0.24095,-1.0447,-0.34994,0.98925,-0.4636,-0.20772,-0.30647,0.69709,4.4619,-0.35878,2.5768,-2.4624,-0.55955,0.44774,-0.23928,-0.22384,-0.3512,0.54668,-0.34219,-0.81921,-0.32092,0.11442,-0.074123,0.019693,0.19316,3.184,0.83155,-3.9462,-0.49602,0.11827,-0.34606,-0.80485,0.14493,0.12408,-0.64167,-0.66418,0.97209,-0.027642,0.083072,0.3628,-0.1652,-0.015899,0
0.22792,0.83888,0.86883,-0.31504,1.3742,0.087372,-3.2172,0.55603,-0.15329,0.81668,-0.68608,-0.13555,-0.59737,0.24416,5.1074,0.075043,0.33841,-4.3341,3.5443,-0.35838,-0.26093,2.6508,-0.28741,-1.3661,-0.17647,0.89099,-0.58554,-0.04432,0.067181,0.64337,5.2729,-0.66883,3.4864,-3.3774,-0.52945,0.30015,-0.47628,-0.23007,-0.52332,1.3187,-0.75146,-1.1105,-0.77968,-0.078078,-0.46198,-0.016537,0.068852,3.4704,1.0723,-4.4722,-0.95251,0.10966,-1.1242,-0.66918,0.30147,0.23203,-0.11046,-1.0814,0.74248,-0.014639,-0.41254,0.50319,0.041314,0.32953,0
0.19206,0.55556,0.67478,-0.30855,1.5872,0.30046,-2.4303,0.63284,-0.017189,0.45957,-0.74946,-0.28383,-0.29426,0.2939,4.1033,0.051646,0.18553,-3.6106,3.3678,-0.31205,-0.27912,2.6348,-0.363,-1.1698,-0.29757,1.082,-0.45792,-0.085704,-0.22829,0.77887,4.6378,-0.44017,2.5894,-2.7185,-0.51728,0.44204,-0.27546,-0.39021,-0.33276,0.65977,-0.39358,-0.92597,-0.47974,-0.012234,0.0033463,-0.022321,0.13547,3.1266,0.79401,-3.8995,-0.60503,0.020217,-0.51906,-0.74421,0.2941,0.23247,-0.46602,-0.67072,0.99203,-0.10236,-0.09201,0.36631,-0.16554,-0.074354,0
0.11806,0.45192,0.90898,-0.52002,1.3032,0.27039,-1.9462,0.45621,0.068932,0.5167,-0.79024,-0.18951,-0.024777,0.27469,4.0559,-0.065259,-0.020858,-3.1455,3.0374,-0.66346,-0.18837,2.6873,-0.11273,-0.96112,-0.43608,0.85726,-0.58551,-0.23448,-0.31312,0.73665,4.2162,-0.30505,2.6602,-2.4788,-0.54886,0.49502,-0.31292,-0.1943,-0.31015,0.68935,-0.37732,-0.79848,-0.26395,0.2952,-0.016616,0.024868,0.21961,3.2141,0.75371,-3.9496,-0.50215,0.17023,-0.37341,-0.77967,0.15532,0.20134,-0.51916,-0.64966,1.0556,0.040104,0.13541,0.32816,-0.19637,0.081905,0
0.20129,0.43375,0.7099,-0.2934,1.6916,0.26367,-2.3482,0.62691,0.025415,0.41445,-0.86132,-0.18408,-0.17538,0.40351,4.1537,0.056974,0.1831,-3.444,3.5128,-0.53273,-0.28038,2.8526,-0.24493,-1.0562,-0.42435,1.032,-0.49175,-0.22454,-0.339,0.75129,4.6144,-0.37611,2.8446,-2.732,-0.72239,0.5354,-0.24601,-0.22045,-0.31673,0.53129,-0.28846,-0.74513,-0.37168,0.070142,-0.042876,-0.093318,0.31806,3.4155,0.7566,-4.1335,-0.47169,0.076955,-0.41487,-0.70642,0.27335,0.11307,-0.62828,-0.66103,1.0029,-0.030752,-0.07521,0.45329,-0.17955,-0.034502,0
0.31004,0.47438,0.57049,-0.15016,1.9009,0.25695,-2.6587,0.6884,-0.07697,0.33972,-0.87698,-0.085319,-0.40624,0.43628,4.3945,0.21126,0.13069,-3.7371,3.4941,-0.38097,-0.36274,2.7887,-0.41816,-1.3269,-0.34706,1.0785,-0.56386,-0.29768,-0.25967,0.77983,4.743,-0.36155,2.9374,-2.8035,-0.74373,0.56403,-0.095344,-0.28807,-0.45464,0.66072,-0.26836,-0.68489,-0.62584,-0.066679,-0.15104,-0.15856,0.56271,3.3772,0.71711,-4.0894,-0.5448,0.063359,-0.39902,-0.71451,0.35325,0.24774,-0.50978,-0.75639,0.90707,-0.022507,-0.38728,0.48138,-0.14994,-0.061566,0
0.24639,0.60454,0.64884,-0.22308,1.7082,0.24872,-2.6571,0.69951,-0.081419,0.47724,-0.88762,-0.1882,-0.34146,0.32223,4.2578,0.09558,0.20711,-3.7657,3.4912,-0.32647,-0.3034,2.8503,-0.39178,-1.1876,-0.27124,1.0687,-0.45989,-0.10945,-0.20586,0.82706,4.916,-0.4356,2.8264,-2.8805,-0.65223,0.51428,-0.28514,-0.39522,-0.34289,0.64399,-0.35906,-0.93775,-0.52712,-0.064967,-0.043979,-0.086109,0.21563,3.2341,0.77623,-4.0815,-0.64189,0.024108,-0.59007,-0.69156,0.29021,0.20128,-0.48283,-0.75733,0.98568,-0.071689,-0.2124,0.45311,-0.13936,-0.065151,0
0.1384,0.81263,0.74109,-0.405,1.4613,0.20523,-3.2362,0.54399,-0.07219,0.64097,-0.82919,-0.1034,-0.52928,0.28873,4.6571,0.24409,0.14699,-4.1916,3.8969,-0.48607,-0.23713,2.8728,-0.20651,-1.2222,-0.39917,0.92911,-0.56472,-0.10976,-0.036202,0.78502,5.1491,-0.52343,3.2799,-3.4397,-0.42448,0.4582,-0.53911,-0.29924,-0.36563,1.1298,-0.65008,-0.95533,-0.71687,-0.025048,-0.20704,-0.10308,0.32341,3.6361,0.94157,-4.423,-0.67816,0.02204,-0.97883,-0.51189,0.32459,0.19371,-0.25742,-0.98318,0.92403,-0.06182,-0.26917,0.58095,-0.066302,0.3115,0
0.13133,0.74708,0.73784,-0.31675,1.443,0.24975,-3.0939,0.55785,-0.13017,0.49273,-0.81935,-0.23583,-0.37037,0.2763,4.4272,0.12966,0.27688,-3.9799,3.791,-0.42252,-0.1966,2.8741,-0.221,-1.1519,-0.35479,1.0448,-0.48124,-0.10577,-0.12338,0.78253,5.1633,-0.43753,3.1535,-3.226,-0.60974,0.3301,-0.53287,-0.27125,-0.39955,0.92684,-0.58861,-1.0566,-0.64965,-0.056925,-0.14248,-0.056642,0.12231,3.4425,0.86027,-4.2966,-0.66826,0.059608,-0.92303,-0.58305,0.28973,0.1426,-0.51263,-0.85422,1.0283,-0.095289,-0.048806,0.62634,-0.049688,0.14948,0
0.11761,0.79728,0.77063,-0.34799,1.4492,0.23371,-3.02,0.5813,-0.12008,0.5011,-0.77658,-0.24004,-0.33513,0.23396,4.3494,0.18057,0.19368,-4.0167,3.6715,-0.44957,-0.2759,2.8307,-0.29365,-1.2039,-0.30697,1.0317,-0.50764,-0.14801,-0.16576,0.87389,5.1462,-0.43288,3.153,-3.2472,-0.61297,0.35696,-0.46749,-0.35874,-0.44792,0.91388,-0.554,-1.0236,-0.71945,-0.065603,-0.1569,-0.11663,0.2086,3.3523,0.86534,-4.3937,-0.68881,0.08569,-0.88302,-0.55984,0.27494,0.18668,-0.50223,-0.84442,0.98776,-0.082311,-0.10142,0.61885,-0.046133,0.12198,0
0.27183,0.77469,0.61944,-0.40054,1.5286,0.26512,-3.2189,0.68413,-0.12812,0.53295,-0.86739,-0.16859,-0.54128,0.24609,4.6593,0.24922,0.25046,-4.224,3.7622,-0.30279,-0.31426,2.8575,-0.39223,-1.2342,-0.31771,0.96969,-0.64574,-0.10144,-0.12312,0.75951,5.2783,-0.60574,3.1918,-3.2231,-0.52303,0.47186,-0.36905,-0.34779,-0.42871,0.92273,-0.59039,-1.0036,-0.68943,-0.077714,-0.26378,-0.1537,0.20941,3.4529,0.78837,-4.193,-0.80554,-0.0002336,-0.84407,-0.71185,0.37983,0.22352,-0.30359,-0.9816,0.94011,-0.063867,-0.30529,0.66747,-0.079504,0.16564,0
0.19702,0.65332,0.74694,-0.26113,1.653,0.24677,-2.6931,0.59046,-0.045306,0.43831,-0.77515,-0.18147,-0.20636,0.3218,4.3968,0.12331,0.18484,-3.714,3.5094,-0.50741,-0.23053,2.8637,-0.31793,-1.2562,-0.36786,1.0121,-0.43691,-0.19766,-0.17185,0.82122,4.9761,-0.39701,2.9392,-2.9112,-0.69547,0.40163,-0.31868,-0.34062,-0.36438,0.78445,-0.42441,-0.92218,-0.59635,0.024855,-0.16553,0.0057362,0.3006,3.3349,0.8382,-4.327,-0.64166,0.11951,-0.58488,-0.69779,0.20355,0.1916,-0.49116,-0.84874,0.98742,-0.0047829,-0.20737,0.47568,-0.076961,0.034616,0
0.18501,0.53409,0.66378,-0.27162,1.5982,0.2785,-2.5729,0.63297,-0.028389,0.49911,-0.91174,-0.20042,-0.23584,0.38107,4.0626,0.098432,0.16891,-3.5438,3.5283,-0.43045,-0.24487,2.8855,-0.24612,-1.0781,-0.38184,1.082,-0.50705,-0.13513,-0.30121,0.79298,4.7996,-0.34531,2.8343,-2.8601,-0.62963,0.56011,-0.34237,-0.27057,-0.3401,0.5704,-0.35326,-0.79764,-0.52022,-0.021741,-0.013472,-0.14918,0.23993,3.3181,0.80213,-4.1458,-0.50869,0.05194,-0.55166,-0.61957,0.25761,0.13049,-0.60295,-0.70664,1.0119,-0.081087,-0.10592,0.55448,-0.091512,0.034819,0
0.33185,0.57375,0.63131,-0.12652,1.8344,0.17277,-2.7655,0.64782,-0.088565,0.37127,-0.89038,-0.02438,-0.42448,0.42001,4.3988,0.15481,0.13351,-3.8012,3.5329,-0.38873,-0.27457,2.846,-0.43895,-1.2609,-0.32112,1.0309,-0.4446,-0.26058,-0.15388,0.75999,4.8842,-0.40141,2.9007,-2.9948,-0.66284,0.54833,-0.23712,-0.29847,-0.38569,0.81158,-0.33698,-0.79896,-0.58932,-0.074247,-0.10622,-0.095022,0.43778,3.3462,0.79456,-4.1802,-0.62084,0.0070763,-0.56054,-0.70374,0.22244,0.19818,-0.49017,-0.81562,0.9513,-0.051412,-0.34079,0.45681,-0.095328,-0.020154,0
0.083013,0.7935,0.84458,-0.42863,1.3383,0.18977,-3.1593,0.40138,-0.047333,0.71529,-0.68218,-0.098145,-0.4087,0.28335,4.6722,0.11257,0.18761,-4.1152,3.6308,-0.44113,-0.096303,2.6817,-0.23623,-1.2086,-0.29327,0.95299,-0.56048,-0.11644,-0.032574,0.6869,5.2781,-0.46914,3.2392,-3.4108,-0.3727,0.28306,-0.55436,-0.26908,-0.4549,1.0881,-0.69462,-1.0091,-0.72225,-0.034358,-0.29169,-0.065939,0.111,3.4361,0.97817,-4.5703,-0.70193,0.092851,-0.96389,-0.61271,0.25207,0.18859,-0.38216,-0.91688,0.93944,-0.058189,-0.090936,0.6024,0.0087655,0.36784,0
0.32289,0.60094,0.65763,-0.21144,1.7179,0.22437,-2.7256,0.68183,-0.058897,0.45519,-0.86241,-0.13958,-0.39403,0.32212,4.3158,0.084112,0.21503,-3.7021,3.4524,-0.30265,-0.26913,2.7232,-0.41901,-1.1844,-0.28143,1.0347,-0.44191,-0.1191,-0.13927,0.75686,4.8844,-0.4391,2.8174,-2.9488,-0.53857,0.48966,-0.28611,-0.31367,-0.36375,0.77858,-0.42952,-0.90588,-0.5421,-0.03516,-0.091543,-0.042971,0.28245,3.1847,0.80141,-4.0402,-0.66416,-0.016554,-0.65932,-0.68726,0.22509,0.18007,-0.49175,-0.78715,0.95575,-0.068511,-0.16914,0.4768,-0.10851,-0.02414,0
0.089818,0.7546,0.87838,-0.37638,1.4204,0.22261,-2.9969,0.471,-0.11883,0.59375,-0.77445,-0.082746,-0.27982,0.27393,4.4566,0.14044,0.15529,-3.8926,3.6768,-0.57847,-0.17692,2.8114,-0.13324,-1.1938,-0.37766,0.95092,-0.56154,-0.17161,-0.079653,0.76104,5.0673,-0.41446,3.159,-3.1935,-0.53058,0.36892,-0.44792,-0.24865,-0.42703,1.049,-0.55686,-0.97954,-0.67675,0.023969,-0.20442,-0.017596,0.23031,3.5046,0.85407,-4.5015,-0.6821,0.14611,-0.82399,-0.59641,0.288,0.1992,-0.51178,-0.85062,0.92313,-0.012682,-0.066883,0.58448,-0.044437,0.23576,0
0.33195,0.73379,0.81101,-0.29891,1.2721,0.091743,-3.1727,0.55267,-0.20948,0.69476,-0.62395,-0.16575,-0.62521,0.217,4.7252,0.13935,0.1909,-4.3864,3.5866,-0.23599,-0.2419,2.6018,-0.50719,-1.2963,-0.18256,0.97547,-0.61769,-0.175,-0.031349,0.6312,5.2655,-0.61552,3.402,-3.3649,-0.60681,0.30696,-0.3201,-0.22078,-0.57124,1.1736,-0.63076,-1.0529,-0.86424,-0.1735,-0.43165,-0.11633,0.17561,3.1125,0.95901,-4.3286,-0.94,0.016898,-1.0237,-0.74653,0.28998,0.26288,-0.2175,-0.95966,0.73221,0.016898,-0.3267,0.62355,-0.031222,0.32464,0
0.39039,0.48125,0.63175,-0.1546,1.6926,0.14504,-2.4889,0.58525,-0.14374,0.37245,-0.72284,-0.032356,-0.45929,0.37124,4.3256,0.082973,0.13662,-3.5718,3.2475,-0.24078,-0.2536,2.5568,-0.5025,-1.2745,-0.18705,1.0292,-0.4461,-0.23981,-0.10037,0.66468,4.6217,-0.39492,2.7295,-2.8023,-0.60905,0.44514,-0.044495,-0.32544,-0.43481,0.76622,-0.25924,-0.79975,-0.61192,-0.092119,-0.18932,-0.062065,0.41835,2.9289,0.74711,-3.9294,-0.66594,-0.0004347,-0.44762,-0.83783,0.29592,0.26529,-0.50269,-0.76377,0.83339,-0.048417,-0.27304,0.43032,-0.085329,0.036173,0
0.30522,0.54582,0.65613,-0.16662,1.8878,0.2474,-2.7791,0.8013,-0.097928,0.41184,-0.84132,-0.15691,-0.38808,0.38434,4.4443,0.1287,0.21766,-3.8751,3.5834,-0.35206,-0.4021,2.8213,-0.46226,-1.2499,-0.35266,1.0636,-0.48118,-0.13896,-0.20195,0.83514,4.8899,-0.49899,2.8427,-2.9607,-0.71634,0.55269,-0.15676,-0.4334,-0.35437,0.68181,-0.31783,-0.86248,-0.59206,-0.075447,-0.093286,-0.093667,0.39025,3.3429,0.70199,-4.0312,-0.67964,0.00085876,-0.53815,-0.77585,0.41975,0.2668,-0.36112,-0.75641,0.95142,-0.063362,-0.38346,0.43214,-0.1934,-0.098341,0
0.20062,0.56556,0.74297,-0.28829,1.683,0.17267,-2.4048,0.60107,-0.046554,0.32049,-0.79419,-0.17915,-0.10582,0.39826,3.8753,0.12523,-0.046754,-3.4551,3.2398,-0.46984,-0.30602,2.8969,-0.38273,-1.1293,-0.347,1.079,-0.45536,-0.39572,-0.32103,0.85789,4.638,-0.31133,2.7046,-2.9863,-0.84669,0.63732,-0.033214,-0.45228,-0.27333,0.56607,-0.16222,-0.69849,-0.51414,0.010185,-0.035616,-0.25553,0.46469,3.1072,0.703,-4.3075,-0.54305,0.15386,-0.30951,-0.76178,0.2051,0.20163,-0.58468,-0.69838,0.99982,-0.14993,-0.24056,0.47406,-0.13057,-0.051104,0
0.17918,0.56208,0.7631,-0.40525,1.588,0.28469,-2.365,0.59465,0.053914,0.43545,-0.82396,-0.22846,-0.096231,0.36519,4.0981,0.025011,0.04822,-3.5418,3.3499,-0.57812,-0.25393,2.9353,-0.25708,-1.0344,-0.48788,1.0029,-0.52176,-0.24166,-0.31941,0.86346,4.6018,-0.39617,2.7635,-2.7345,-0.65149,0.62542,-0.26875,-0.36926,-0.26465,0.61125,-0.33817,-0.84133,-0.46051,0.12332,-0.01522,-0.11954,0.23987,3.3267,0.7448,-4.1563,-0.56628,0.10843,-0.37313,-0.84323,0.22017,0.24738,-0.44756,-0.72439,1.1179,-0.059238,-0.14645,0.38917,-0.15215,0.050065,0
0.17978,0.44702,0.74171,-0.22094,1.7173,0.21775,-2.5333,0.63653,-0.046315,0.43259,-0.85013,-0.18754,-0.18325,0.4114,4.2255,0.045017,0.21589,-3.6258,3.5778,-0.48488,-0.23777,2.959,-0.3112,-1.1567,-0.3779,1.0894,-0.4395,-0.1771,-0.27438,0.76988,4.8584,-0.37234,2.8767,-2.8889,-0.7698,0.48792,-0.22996,-0.3124,-0.30679,0.57662,-0.28975,-0.79621,-0.41901,-0.014666,-0.036434,-0.081977,0.24425,3.3925,0.76599,-4.2753,-0.54633,0.11941,-0.4662,-0.71049,0.32055,0.1253,-0.59783,-0.68938,1.0009,-0.046804,-0.15771,0.45382,-0.15299,-0.067277,0
0.1986,0.42357,0.69001,-0.28871,1.7165,0.24394,-2.3798,0.687,0.00080246,0.39163,-0.8233,-0.22494,-0.18768,0.40134,4.0879,0.041397,0.23386,-3.4905,3.5587,-0.47,-0.34311,2.8654,-0.27445,-1.0444,-0.43385,1.0665,-0.4809,-0.16757,-0.32739,0.76962,4.5972,-0.41595,2.7948,-2.7812,-0.7134,0.5982,-0.19195,-0.29357,-0.28867,0.51512,-0.27559,-0.73527,-0.37215,0.018136,0.027126,-0.13994,0.26508,3.3806,0.71262,-4.0573,-0.49147,0.062278,-0.43012,-0.74014,0.35577,0.12596,-0.58924,-0.63304,0.99567,-0.10482,-0.099649,0.41534,-0.21852,-0.068453,0
0.38062,0.59629,0.65071,-0.2465,1.614,0.21428,-2.5765,0.57478,-0.030514,0.42862,-0.75714,-0.10788,-0.44821,0.35163,4.3539,0.055061,0.15858,-3.6998,3.3181,-0.28338,-0.19348,2.6081,-0.43351,-1.2115,-0.1954,0.98244,-0.41252,-0.21523,-0.074806,0.68206,4.8579,-0.41469,2.8036,-2.8377,-0.5625,0.44941,-0.272,-0.30611,-0.36384,0.82511,-0.42551,-0.92774,-0.59118,-0.069125,-0.17292,-0.025577,0.28784,3.0094,0.77903,-4.094,-0.7022,0.029696,-0.57314,-0.87111,0.22011,0.24466,-0.46438,-0.83876,0.94254,0.013186,-0.1778,0.43886,-0.10265,0.15578,0
0.11511,0.46645,0.78732,-0.33661,1.5465,0.21063,-2.3713,0.42345,-0.037633,0.56894,-0.77049,-0.14028,-0.12593,0.40363,4.1358,0.030103,0.045548,-3.429,3.4309,-0.43946,-0.1315,2.8972,-0.23874,-1.0724,-0.38265,1.0104,-0.47854,-0.21924,-0.2958,0.72169,4.6475,-0.3121,2.8174,-2.724,-0.66071,0.50423,-0.28628,-0.24431,-0.33147,0.58564,-0.32204,-0.75664,-0.4514,0.061382,0.00049198,-0.053623,0.24458,3.2213,0.83258,-4.2053,-0.51933,0.12264,-0.41591,-0.81756,0.21279,0.12053,-0.57913,-0.67786,1.0229,0.003082,-0.089648,0.39798,-0.11606,0.12564,0
0.15584,0.55991,0.80865,-0.2587,1.6598,0.29348,-2.4689,0.61983,-0.057296,0.34413,-0.76303,-0.17106,-0.11913,0.34363,4.1678,0.077853,0.082366,-3.6078,3.4566,-0.56944,-0.22087,2.9508,-0.35175,-1.2447,-0.42071,1.086,-0.37913,-0.24062,-0.18928,0.80297,4.7375,-0.29849,2.7734,-2.9325,-0.64128,0.40386,-0.1468,-0.32051,-0.26168,0.75701,-0.31377,-0.82543,-0.47352,0.076118,-0.10001,-0.0065272,0.38522,3.291,0.74631,-4.3196,-0.58018,0.1533,-0.42615,-0.67983,0.23097,0.23589,-0.54035,-0.68506,0.94619,-0.048771,-0.1809,0.47264,-0.14503,-0.049165,0
0.18188,0.51879,0.67712,-0.25111,1.7047,0.28041,-2.4649,0.6521,-0.044437,0.44788,-0.842,-0.20133,-0.25657,0.36653,4.1411,0.071002,0.25671,-3.5197,3.5074,-0.39742,-0.33488,2.7704,-0.24863,-1.091,-0.35008,1.0664,-0.47982,-0.14911,-0.28048,0.77946,4.6872,-0.41938,2.7191,-2.7331,-0.68812,0.51862,-0.25551,-0.30239,-0.30579,0.57701,-0.313,-0.81536,-0.41236,0.0036453,0.021782,-0.071146,0.2404,3.35,0.75574,-3.9822,-0.52757,0.036435,-0.47485,-0.70872,0.31651,0.11707,-0.57099,-0.67755,0.98539,-0.087397,-0.11343,0.40622,-0.19849,-0.095239,0
0.32054,0.63404,0.66077,-0.26638,1.6645,0.24507,-2.5438,0.62889,0.027445,0.34695,-0.80379,-0.16948,-0.34559,0.35002,4.2064,0.066174,0.16634,-3.6743,3.3506,-0.36365,-0.22821,2.6831,-0.37962,-1.1843,-0.28837,0.99441,-0.4014,-0.15524,-0.084252,0.78849,4.7931,-0.46303,2.6916,-2.7634,-0.53353,0.51808,-0.30007,-0.43387,-0.27157,0.78577,-0.40257,-0.97436,-0.52818,-0.022658,-0.059161,-0.023672,0.22132,3.1044,0.75868,-4.0627,-0.64415,0.034439,-0.57447,-0.79566,0.24427,0.23832,-0.41578,-0.83194,1.0226,-0.016869,-0.18792,0.37813,-0.17234,0.027563,0
0.29425,0.59568,0.59127,-0.31916,1.1887,0.28488,-2.7721,0.65857,-0.20617,0.5657,-0.62245,-0.26621,-0.55528,0.15458,3.9636,0.14979,0.2052,-3.656,3.3658,-0.093179,-0.19262,2.46,-0.2931,-1.1811,-0.2416,0.98149,-0.61753,0.011634,-0.032295,0.53909,4.9779,-0.58318,2.6806,-2.9542,-0.4248,0.49624,-0.31241,-0.29118,-0.35026,0.82517,-0.40212,-0.93934,-0.64883,-0.16785,-0.12774,-0.12517,0.13033,2.6265,0.67462,-3.6971,-0.73828,-0.15262,-0.83862,-0.64802,0.26102,0.12979,-0.32805,-0.8712,0.79908,-0.048268,-0.16835,0.52986,-0.012815,0.15335,0
0.051136,0.72819,0.95031,-0.31894,1.1922,0.079578,-3.0207,0.34118,-0.11242,0.73475,-0.58949,-0.12758,-0.41576,0.32542,4.6656,0.067074,0.050026,-4.0369,3.4563,-0.44879,-0.043272,2.6253,-0.18756,-1.3168,-0.23571,0.927,-0.519,-0.20873,0.054272,0.65293,5.1336,-0.39789,3.2012,-3.3305,-0.51423,0.24972,-0.46131,-0.15023,-0.45044,1.2606,-0.59773,-0.9078,-0.69981,-0.052982,-0.32267,-0.042374,0.29204,3.2802,1.0018,-4.5519,-0.72551,0.17559,-0.96003,-0.59928,0.09234,0.14742,-0.24253,-1.0064,0.83383,-0.0048617,-0.26339,0.53163,0.061832,0.38414,0
0.11773,0.53551,0.82931,-0.34195,1.6283,0.20245,-2.587,0.53412,0.0048808,0.42257,-0.78469,-0.077336,-0.32475,0.39411,4.5922,0.055249,0.10309,-3.7219,3.3592,-0.51856,-0.18429,2.7613,-0.30841,-1.2069,-0.33699,0.96979,-0.47493,-0.30037,-0.21116,0.75493,4.8369,-0.31023,3.0002,-2.8051,-0.60796,0.41145,-0.28972,-0.20638,-0.38991,0.83807,-0.42686,-0.80527,-0.57338,0.023873,-0.21343,0.017945,0.44,3.3992,0.80045,-4.262,-0.55148,0.13735,-0.54762,-0.78471,0.24596,0.1841,-0.49575,-0.83271,0.96898,0.03558,-0.17136,0.41497,-0.10952,0.08054,0
0.32394,0.51109,0.51496,-0.34081,1.1542,0.41807,-0.96913,0.72256,0.032656,0.22951,-0.64369,-0.27246,-0.35728,0.093859,2.8043,0.091339,0.24027,-2.2947,2.3336,-0.25935,-0.41879,1.5445,-0.086237,-0.81575,-0.23671,0.83353,-0.41758,-0.10009,-0.26207,0.58831,3.2175,-0.55611,1.3397,-1.4021,0.11304,0.72929,-0.26092,-0.32407,-0.26033,0.47419,-0.24344,-0.83137,-0.26154,0.07963,0.1552,-0.021579,-0.013215,1.927,0.49644,-2.4749,-0.26431,-0.38094,-0.27001,-0.66956,0.02855,0.15043,-0.68614,-0.37745,0.70977,-0.15711,0.17735,0.089844,-0.22399,-0.16063,0
0.1711,0.38747,0.7125,-0.32623,1.4942,0.25348,-1.7018,0.61717,0.0043683,0.38062,-0.61415,-0.27657,0.029021,0.34152,3.532,-0.058415,0.15928,-2.8406,3.0804,-0.44353,-0.27593,2.6403,-0.20897,-1.0109,-0.40219,1.091,-0.40184,-0.22746,-0.31484,0.69654,4.1531,-0.24638,2.2132,-2.4395,-0.55758,0.55242,-0.075252,-0.26658,-0.26504,0.44869,-0.20212,-0.67669,-0.31797,0.14466,0.093816,-0.064461,0.20193,2.8449,0.71803,-3.8255,-0.39669,0.054333,-0.22836,-0.78766,0.15452,0.10289,-0.77176,-0.49352,0.86637,-0.098448,0.088605,0.42681,-0.17258,-0.048082,0
0.33795,0.48912,0.57739,-0.22422,1.6397,0.2557,-2.3293,0.71151,-0.11685,0.26108,-0.8828,-0.12911,-0.33727,0.28345,3.9634,0.25092,0.16446,-3.4198,3.3094,-0.4254,-0.40648,2.6362,-0.36491,-1.1642,-0.37477,1.0148,-0.59961,-0.2567,-0.32526,0.74779,4.4186,-0.45523,2.4874,-2.6335,-0.54167,0.70083,-0.11409,-0.32494,-0.36614,0.59462,-0.22475,-0.66844,-0.43207,-0.014852,-0.023995,-0.16954,0.41318,3.0994,0.63445,-3.7587,-0.54604,-0.032271,-0.32669,-0.71042,0.26211,0.17863,-0.62413,-0.71147,0.85583,-0.13705,-0.25278,0.40933,-0.19346,-0.16505,0
-0.06981,0.4938,0.85988,-0.59386,1.2297,0.30815,-1.7449,0.60079,0.12468,0.59395,-0.67976,-0.2594,0.1351,0.45718,3.3626,-0.15837,-0.055463,-2.8398,2.8771,-0.55065,-0.18386,2.658,-0.054177,-0.81494,-0.40274,0.93344,-0.40372,-0.23947,-0.44219,0.78753,4.2083,-0.12062,2.3913,-2.3429,-0.55947,0.59841,-0.35413,-0.23772,-0.2307,0.40341,-0.35097,-0.67102,-0.30573,0.26329,0.17817,-0.17153,0.0048894,2.9024,0.73407,-3.979,-0.40185,0.17703,-0.2927,-0.77603,0.10277,0.081076,-0.65009,-0.4731,1.1173,-0.060333,0.22423,0.37618,-0.11238,0.08875,0
-0.027448,0.51172,0.81908,-0.62082,1.2218,0.32014,-1.7223,0.48364,0.12432,0.57486,-0.66387,-0.29278,0.066766,0.31381,3.3194,-0.10235,-0.026657,-2.7978,2.8735,-0.43531,-0.19078,2.4653,-0.083017,-0.80005,-0.28064,0.9538,-0.48505,-0.19052,-0.40936,0.657,4.1513,-0.22488,2.2792,-2.2972,-0.51486,0.5958,-0.29082,-0.25715,-0.23092,0.40655,-0.27202,-0.73831,-0.23216,0.16187,0.21295,-0.18185,-0.030591,2.7301,0.73211,-3.8968,-0.45288,0.15885,-0.34332,-0.83639,0.11224,0.090272,-0.76665,-0.47788,1.0429,-0.13525,0.34118,0.30652,-0.1175,0.054592,0
0.18196,0.46504,0.65596,-0.41985,1.4844,0.35624,-2.1382,0.64316,0.019375,0.48167,-0.86065,-0.29711,-0.17034,0.3104,3.7849,0.071274,0.14364,-3.3341,3.3139,-0.3981,-0.33789,2.7319,-0.18806,-1.0172,-0.36832,1.0465,-0.63649,-0.11821,-0.4018,0.80635,4.3904,-0.42101,2.6123,-2.5916,-0.58062,0.7179,-0.21019,-0.26968,-0.27214,0.44265,-0.29742,-0.71499,-0.31698,0.05347,0.10198,-0.22888,0.12724,3.1906,0.66382,-3.8826,-0.50036,0.10477,-0.34111,-0.77926,0.35144,0.17521,-0.59237,-0.62408,0.97824,-0.093211,-0.036233,0.40674,-0.25364,0.0025419,0
0.14525,0.51724,0.98757,-0.57958,0.99229,0.26403,-1.563,0.45622,0.035119,0.54486,-0.59994,-0.24212,0.14698,0.16919,3.3219,-0.24568,-0.12805,-2.754,2.4812,-0.57468,-0.11661,2.6366,-0.14722,-0.83823,-0.40525,0.8453,-0.58421,-0.2611,-0.20131,0.83529,3.6418,-0.20967,2.0838,-2.06,-0.23977,0.79489,-0.21263,-0.18268,-0.18391,0.68153,-0.32877,-0.67094,-0.1086,0.42066,0.21192,-0.069344,0.17536,2.6592,0.68518,-3.6286,-0.60595,0.14548,-0.24625,-0.87985,-0.09693,0.26575,-0.53084,-0.59656,1.0814,-0.10389,0.28921,0.14743,-0.080326,-0.046392,0
0.16806,0.76858,0.70085,-0.27827,1.6218,0.28285,-3.1204,0.66207,-0.1246,0.49191,-0.84363,-0.19478,-0.41414,0.29765,4.5195,0.19497,0.23678,-4.0134,3.7292,-0.41062,-0.35716,2.8265,-0.27415,-1.1935,-0.35673,1.0203,-0.52198,-0.10978,-0.17945,0.83472,5.1306,-0.50879,3.117,-3.2123,-0.68989,0.38514,-0.41227,-0.35111,-0.41511,0.88503,-0.52363,-1.0096,-0.6881,-0.045728,-0.18276,-0.087925,0.30016,3.4958,0.8048,-4.1951,-0.6804,0.01368,-0.85505,-0.57174,0.35887,0.17559,-0.38211,-0.83525,0.99473,-0.1079,-0.23138,0.57049,-0.09149,0.050984,0
0.26578,0.56363,0.60502,-0.29928,1.7131,0.28583,-2.5424,0.71235,0.062923,0.42397,-0.82674,-0.25094,-0.3046,0.38837,4.1489,0.098657,0.14215,-3.6367,3.4995,-0.40354,-0.29705,2.7149,-0.3265,-1.1012,-0.38271,1.059,-0.50537,-0.16991,-0.20198,0.83321,4.7019,-0.48287,2.6759,-2.7676,-0.65721,0.5568,-0.27538,-0.3714,-0.28478,0.67162,-0.34575,-0.86523,-0.52738,-0.0044495,-0.030647,-0.069688,0.28022,3.3669,0.81665,-3.978,-0.56025,-0.0042272,-0.45207,-0.75739,0.26889,0.25686,-0.38715,-0.77984,1.0161,-0.024261,-0.21093,0.45247,-0.19403,-0.02213,0
0.22334,0.50732,0.67096,-0.2,1.8534,0.21764,-2.4209,0.74874,-0.01702,0.27456,-0.80644,-0.11624,-0.20032,0.48219,4.0183,0.077199,0.12662,-3.5358,3.4322,-0.49196,-0.38475,2.8711,-0.35754,-1.1697,-0.40157,1.0859,-0.44408,-0.32221,-0.28812,0.8392,4.6366,-0.367,2.6425,-2.8819,-0.77611,0.63066,-0.074429,-0.33745,-0.31684,0.61203,-0.24029,-0.66576,-0.42985,0.035954,0.026078,-0.1651,0.43531,3.3644,0.63839,-4.1519,-0.4989,0.059877,-0.3545,-0.73993,0.27443,0.21203,-0.59643,-0.6448,1.0101,-0.13732,-0.21637,0.39125,-0.21609,-0.19244,0
0.1411,0.44131,0.81013,-0.46382,1.0939,0.21425,-1.7126,0.53137,0.026407,0.49519,-0.63165,-0.28792,0.10773,0.30977,3.1601,-0.18661,-0.1104,-2.8415,2.7527,-0.471,-0.043541,2.687,-0.2741,-0.93323,-0.37378,1.0013,-0.36026,-0.24746,-0.30052,0.68181,4.0096,-0.12627,2.1006,-2.3803,-0.35126,0.72807,-0.27923,-0.24069,-0.24037,0.4903,-0.31672,-0.69047,-0.28712,0.16105,0.18603,-0.17796,0.062758,2.4955,0.74705,-4.045,-0.51746,0.091414,-0.32252,-0.81928,-0.036618,0.20357,-0.68619,-0.48412,1.0439,-0.13341,0.19548,0.29614,-0.049767,0.021179,0
0.33185,0.57375,0.63131,-0.12652,1.8344,0.17277,-2.7655,0.64782,-0.088565,0.37127,-0.89038,-0.02438,-0.42448,0.42001,4.3988,0.15481,0.13351,-3.8012,3.5329,-0.38873,-0.27457,2.846,-0.43895,-1.2609,-0.32112,1.0309,-0.4446,-0.26058,-0.15388,0.75999,4.8842,-0.40141,2.9007,-2.9948,-0.66284,0.54833,-0.23712,-0.29847,-0.38569,0.81158,-0.33698,-0.79896,-0.58932,-0.074247,-0.10622,-0.095022,0.43778,3.3462,0.79456,-4.1802,-0.62084,0.0070763,-0.56054,-0.70374,0.22244,0.19818,-0.49017,-0.81562,0.9513,-0.051412,-0.34079,0.45681,-0.095328,-0.020154,0
0.2143,0.7837,0.73786,-0.30437,1.5552,0.19766,-3.1542,0.59082,-0.084145,0.51286,-0.74221,-0.15543,-0.46832,0.29339,4.6089,0.15515,0.24244,-4.1312,3.7392,-0.41313,-0.2876,2.7195,-0.32871,-1.2291,-0.31,0.9873,-0.53515,-0.18289,-0.10673,0.79601,5.1989,-0.52868,3.2143,-3.2034,-0.58269,0.35068,-0.43873,-0.30777,-0.49489,1.0429,-0.60302,-1.0177,-0.77078,-0.085027,-0.24381,-0.0684,0.25786,3.4389,0.86368,-4.3093,-0.73048,0.034191,-0.91251,-0.65589,0.30982,0.20937,-0.39824,-0.91195,0.95199,-0.053281,-0.18152,0.56985,-0.067303,0.15719,0
0.17431,0.41569,0.75197,-0.22251,1.6851,0.19769,-2.4754,0.60747,-0.043768,0.44063,-0.83058,-0.18061,-0.1474,0.41412,4.1637,0.037743,0.20243,-3.5702,3.5306,-0.4998,-0.22763,2.943,-0.32094,-1.1293,-0.3787,1.0808,-0.45511,-0.18569,-0.30826,0.75007,4.8071,-0.35662,2.8449,-2.8582,-0.75312,0.5001,-0.23602,-0.30531,-0.33602,0.51587,-0.27647,-0.75794,-0.39738,-0.0032969,-0.02761,-0.10423,0.23147,3.3521,0.76904,-4.2894,-0.52814,0.12107,-0.44339,-0.70276,0.31728,0.11391,-0.65634,-0.64895,1.0111,-0.05705,-0.10795,0.45369,-0.14003,-0.071946,0
0.30745,0.49152,0.652,-0.26812,1.8774,0.20798,-2.5101,0.70765,-0.0041697,0.37248,-0.92329,-0.08967,-0.35142,0.46351,4.2408,0.16704,0.054762,-3.7158,3.431,-0.39501,-0.31345,2.8075,-0.41711,-1.1374,-0.37543,0.98873,-0.53313,-0.28293,-0.32457,0.79319,4.8042,-0.47362,2.7483,-2.8153,-0.74443,0.70024,-0.15557,-0.35596,-0.32187,0.53052,-0.2254,-0.70795,-0.48689,-0.041139,-0.043246,-0.19621,0.41346,3.3096,0.68136,-4.0893,-0.5468,0.051784,-0.31539,-0.89583,0.33429,0.18995,-0.44592,-0.80123,1.022,-0.0062798,-0.32917,0.39193,-0.21892,-0.037428,0
0.15903,0.45903,0.76842,-0.24033,1.672,0.24229,-2.5345,0.62707,-0.046908,0.45435,-0.8451,-0.20614,-0.15586,0.39412,4.2031,0.042908,0.20497,-3.6172,3.59,-0.509,-0.20748,2.9929,-0.28707,-1.1536,-0.39096,1.1004,-0.43917,-0.16861,-0.25966,0.76676,4.8799,-0.35556,2.8926,-2.9051,-0.76221,0.4691,-0.24192,-0.30178,-0.28431,0.59128,-0.30296,-0.81334,-0.42674,-0.0021839,-0.038352,-0.067779,0.2312,3.3858,0.77522,-4.3149,-0.55151,0.13364,-0.47285,-0.70196,0.30211,0.12767,-0.59123,-0.69313,0.99874,-0.030157,-0.14737,0.48171,-0.13796,-0.032932,0
0.21243,0.67048,0.71537,-0.34778,1.6733,0.25962,-2.6,0.65022,0.028925,0.42196,-0.87164,-0.123,-0.26491,0.35786,4.2926,0.12323,0.094742,-3.7205,3.4512,-0.50296,-0.2379,2.7728,-0.30134,-1.1194,-0.46605,0.95628,-0.4235,-0.26297,-0.1841,0.85631,4.8127,-0.37671,2.8946,-2.9035,-0.5321,0.54811,-0.36252,-0.2343,-0.32453,0.82239,-0.4795,-0.84639,-0.53206,0.075739,-0.084721,-0.05348,0.41012,3.4077,0.81282,-4.2153,-0.57686,0.037419,-0.59081,-0.69566,0.13261,0.18788,-0.44554,-0.85886,1.0192,-0.003057,-0.16344,0.48708,-0.12588,0.05559,0
0.09639,0.47991,0.7824,-0.39087,1.4709,0.30528,-2.3189,0.73782,-0.031662,0.39337,-0.94974,-0.28798,-0.10276,0.2591,3.8208,0.074105,0.07437,-3.4375,3.4522,-0.63716,-0.27837,3.0664,-0.1797,-0.99396,-0.55526,1.04,-0.48558,-0.065822,-0.38312,0.88456,4.4857,-0.30788,2.6939,-2.7714,-0.56789,0.62746,-0.36449,-0.40008,-0.17736,0.56361,-0.35092,-0.80585,-0.3641,0.1358,0.1692,-0.084205,0.15689,3.3812,0.69363,-3.9447,-0.50294,0.085515,-0.43847,-0.60764,0.3509,0.19573,-0.48176,-0.56455,1.1089,-0.112,-0.056275,0.39943,-0.18466,-0.075608,0
0.41416,0.56866,0.5154,-0.23127,1.7777,0.26703,-2.6465,0.72066,0.0091009,0.38058,-0.8704,-0.095346,-0.54151,0.3576,4.4121,0.10482,0.21588,-3.7459,3.487,-0.33834,-0.34919,2.5284,-0.41893,-1.1636,-0.32858,0.95607,-0.48884,-0.15966,-0.1349,0.70299,4.6474,-0.50196,2.8257,-2.6887,-0.49187,0.54511,-0.27756,-0.31572,-0.37201,0.78792,-0.40945,-0.94123,-0.57219,-0.047285,-0.15895,-0.044273,0.33616,3.2944,0.73585,-3.8197,-0.65665,-0.086184,-0.55499,-0.81198,0.32239,0.30302,-0.37584,-0.77273,0.90405,-0.02338,-0.2693,0.38686,-0.20741,0.029866,0
0.26015,0.63065,0.77263,-0.40576,1.3904,0.29321,-2.2202,0.60806,0.036157,0.48208,-0.94705,-0.18353,-0.10998,0.22736,4.1483,0.070694,0.06607,-3.4071,3.1373,-0.50459,-0.20158,2.6611,-0.24853,-0.97967,-0.49637,0.8357,-0.50505,-0.12987,-0.17044,0.88309,4.489,-0.42451,2.7706,-2.6697,-0.33963,0.59714,-0.38475,-0.18765,-0.33174,0.79554,-0.49457,-0.93562,-0.37177,0.21651,-0.086338,-0.0054727,0.28959,3.2158,0.87069,-3.9769,-0.56114,0.030573,-0.56195,-0.6896,0.063171,0.22508,-0.40706,-0.85874,0.96956,0.052758,-0.074076,0.44792,-0.13134,0.065902,0
0.17886,0.73989,0.9074,-0.27516,1.3714,0.12947,-3.249,0.43524,-0.14103,0.65167,-0.68149,-0.066487,-0.51013,0.32637,4.663,0.135,0.087833,-4.199,3.7587,-0.46945,-0.21383,2.7017,-0.2915,-1.3122,-0.29576,0.95089,-0.53644,-0.23404,-0.031102,0.67927,5.1744,-0.46106,3.3803,-3.3841,-0.64705,0.29157,-0.43328,-0.062926,-0.5034,1.1957,-0.57091,-0.95288,-0.6909,-0.076948,-0.21802,-0.041003,0.39251,3.4462,0.98163,-4.4464,-0.76662,0.09071,-1.0343,-0.53353,0.15098,0.079468,-0.31259,-0.92793,0.86005,-0.045985,-0.16635,0.57087,-0.096434,0.24522,0
0.29783,0.73388,0.65385,-0.27485,1.5921,0.19412,-2.8464,0.5716,-0.0044168,0.52847,-0.89858,-0.16553,-0.35281,0.33326,4.5555,0.09648,0.24319,-3.7962,3.5403,-0.37974,-0.16233,2.7377,-0.29659,-1.1015,-0.37151,0.92456,-0.43231,-0.096019,-0.14022,0.79781,5.0296,-0.4763,3.0483,-2.9882,-0.52708,0.43114,-0.55536,-0.28539,-0.42565,0.8863,-0.64196,-1.0139,-0.61545,0.023967,-0.23447,0.025975,0.16873,3.3845,0.94246,-4.1782,-0.65448,-0.0023857,-0.76291,-0.73175,0.19773,0.19521,-0.42382,-0.96578,1.0359,-0.026889,-0.16968,0.49075,-0.012482,0.16533,0
0.44814,0.43544,0.52931,-0.16879,1.7544,0.24227,-2.6147,0.68982,-0.14564,0.4126,-0.91447,-0.072858,-0.51369,0.36847,4.3974,0.16657,0.11943,-3.6846,3.377,-0.18278,-0.27078,2.7348,-0.48239,-1.2623,-0.23683,1.0235,-0.56529,-0.1705,-0.18126,0.66569,4.7691,-0.45384,2.8014,-2.7782,-0.64104,0.60625,-0.068762,-0.33131,-0.38278,0.65863,-0.23637,-0.77615,-0.57554,-0.13742,-0.15317,-0.14686,0.41955,3.0534,0.67786,-3.8539,-0.69096,0.019275,-0.39583,-0.8715,0.3912,0.25033,-0.4102,-0.83096,0.85059,-0.00074573,-0.39945,0.50213,-0.13307,0.057178,0
-0.031032,0.45845,0.84138,-0.48774,1.4042,0.27046,-2.15,0.55535,0.058543,0.51908,-0.66525,-0.26382,-0.019266,0.38901,3.9787,-0.099369,0.051464,-3.295,3.2537,-0.63448,-0.14203,2.9988,-0.21405,-1.075,-0.41343,1.0571,-0.43446,-0.22156,-0.29943,0.76875,4.645,-0.17614,2.7168,-2.578,-0.52334,0.52316,-0.31791,-0.29459,-0.23563,0.54479,-0.37461,-0.74257,-0.42878,0.12906,0.024407,-0.066121,0.182,3.1599,0.76887,-4.2539,-0.50243,0.22969,-0.35425,-0.81263,0.17836,0.14772,-0.62766,-0.61901,1.0667,0.01839,0.044561,0.47957,-0.08417,0.13743,0
0.050092,0.33356,0.85181,-0.30023,1.3969,0.22932,-2.0335,0.53559,-0.043137,0.42585,-0.76407,-0.20629,-0.098029,0.39112,3.899,-0.047788,0.020013,-3.1599,3.2194,-0.56145,-0.19945,2.8851,-0.23085,-0.95107,-0.36545,0.98996,-0.39798,-0.2133,-0.35758,0.65723,4.394,-0.26629,2.6428,-2.5852,-0.69395,0.40298,-0.19861,-0.32201,-0.25927,0.56134,-0.26544,-0.73194,-0.38588,0.13582,-0.01058,-0.04275,0.27801,3.0288,0.69884,-3.9564,-0.39924,0.13557,-0.30479,-0.75662,0.34077,0.16342,-0.5961,-0.48502,1.0233,-0.0030732,-0.061324,0.41228,-0.1654,0.048069,0
0.39031,0.57462,0.58732,-0.16641,1.8378,0.21175,-2.7297,0.78689,-0.10225,0.38965,-1.0333,-0.12722,-0.41994,0.30398,4.3864,0.16673,0.23545,-3.7342,3.608,-0.41477,-0.3843,2.8013,-0.39357,-1.124,-0.44015,0.9799,-0.45012,-0.10099,-0.22491,0.80061,4.6753,-0.4971,2.8494,-2.9113,-0.56966,0.61492,-0.30999,-0.35028,-0.32075,0.78158,-0.38083,-0.88297,-0.50892,-0.0067788,-0.095189,-0.067017,0.37129,3.3899,0.78891,-3.8581,-0.6678,-0.053674,-0.59612,-0.63379,0.29875,0.1971,-0.41612,-0.80948,0.91702,-0.096694,-0.32858,0.44057,-0.17927,-0.10233,0
0.33363,0.64538,0.63244,-0.25415,1.702,0.21478,-2.6038,0.6483,-0.0087159,0.42758,-0.84821,-0.12994,-0.37982,0.37487,4.338,0.077944,0.20331,-3.6054,3.3459,-0.30704,-0.22715,2.6522,-0.33609,-1.1449,-0.27835,0.9697,-0.3956,-0.15629,-0.1186,0.75046,4.8961,-0.44191,2.7423,-2.8446,-0.563,0.5007,-0.33049,-0.32417,-0.31886,0.80096,-0.4444,-0.9158,-0.54528,-0.024292,-0.11184,-0.00626,0.26319,3.1672,0.80186,-4.0246,-0.639,0.010023,-0.58349,-0.80158,0.20048,0.17615,-0.44359,-0.8914,0.98703,-0.022258,-0.19228,0.44086,-0.083631,0.093184,0
0.22644,0.64425,0.69988,-0.38097,1.6527,0.37842,-2.68,0.77569,-0.0017816,0.47481,-0.94905,-0.26189,-0.29406,0.27907,4.3335,0.1281,0.19285,-3.7906,3.639,-0.52257,-0.33313,2.8842,-0.24796,-1.0755,-0.53214,1.0326,-0.54999,-0.09312,-0.23296,0.90047,4.723,-0.48472,2.894,-2.9017,-0.58416,0.57319,-0.36222,-0.30317,-0.24701,0.77903,-0.49668,-0.93032,-0.5451,0.12238,-0.089422,-0.036756,0.30172,3.5742,0.77125,-3.9585,-0.63421,-0.010771,-0.57732,-0.71931,0.33139,0.29416,-0.28988,-0.82175,1.0341,-0.010709,-0.2386,0.50264,-0.20571,0.011411,0
0.19307,0.58849,0.7878,-0.2065,1.702,0.23735,-2.7782,0.63409,-0.14976,0.54981,-0.80939,-0.17217,-0.29768,0.35107,4.3606,0.073835,0.22917,-3.8158,3.5001,-0.31884,-0.29287,2.8208,-0.36333,-1.2157,-0.26599,1.058,-0.47837,-0.11034,-0.18788,0.81534,5.0068,-0.45647,2.9151,-2.981,-0.78041,0.44576,-0.23691,-0.34631,-0.37679,0.69794,-0.39118,-0.89001,-0.56228,-0.047642,-0.097258,-0.059624,0.27,3.2395,0.75011,-4.1932,-0.69241,0.082614,-0.63236,-0.74938,0.39132,0.20436,-0.47312,-0.74877,0.98892,-0.024822,-0.21707,0.44505,-0.12498,-0.019285,0
0.099781,0.60377,0.75119,-0.42717,1.6025,0.30443,-2.56,0.57384,0.04443,0.52507,-0.81247,-0.18192,-0.23041,0.36121,4.2932,0.054656,0.15928,-3.634,3.4356,-0.46949,-0.21065,2.7325,-0.19676,-1.0924,-0.39271,1.0244,-0.50139,-0.23069,-0.29315,0.79625,4.8368,-0.3389,2.9115,-2.8542,-0.62101,0.47499,-0.37161,-0.25927,-0.32688,0.71913,-0.47935,-0.83525,-0.55361,0.048855,-0.097831,-0.074018,0.21755,3.4067,0.78854,-4.2329,-0.56287,0.126,-0.54998,-0.77533,0.27021,0.17277,-0.55007,-0.77423,1.0472,-0.025173,-0.047927,0.49244,-0.10627,0.12463,0
0.36824,0.45272,0.62333,-0.14809,1.7526,0.19205,-2.594,0.61078,-0.070079,0.37406,-0.81171,-0.041768,-0.40144,0.41847,4.2189,0.11125,0.058492,-3.665,3.4084,-0.33739,-0.24786,2.8039,-0.51199,-1.3265,-0.26636,1.0891,-0.48148,-0.24397,-0.12896,0.73545,4.741,-0.34453,2.7816,-2.9193,-0.64529,0.58906,-0.098004,-0.33227,-0.38136,0.65923,-0.21454,-0.76024,-0.55455,-0.077789,-0.10571,-0.093748,0.47917,3.1107,0.73931,-4.1411,-0.59804,-0.0090098,-0.44256,-0.74447,0.23553,0.25982,-0.49123,-0.70937,0.91276,-0.063566,-0.31809,0.39045,-0.13821,-0.056248,0
0.043742,0.37567,0.77741,-0.4096,1.3882,0.3612,-1.8676,0.67413,-0.023965,0.38309,-0.76881,-0.34672,0.033935,0.26998,3.5123,-0.082961,0.073867,-3.034,3.2243,-0.60877,-0.25768,2.9555,-0.18299,-0.88605,-0.48033,1.0941,-0.38221,-0.13188,-0.42303,0.76567,4.176,-0.21731,2.366,-2.5026,-0.52348,0.55981,-0.27426,-0.34285,-0.12192,0.34982,-0.22779,-0.73714,-0.21761,0.18639,0.18944,-0.11252,0.10818,3.0173,0.61925,-3.8395,-0.43928,0.081768,-0.25545,-0.71231,0.21094,0.10267,-0.64774,-0.39532,1.0613,-0.10451,0.085334,0.41251,-0.23547,-0.10747,0
0.38298,0.46177,0.50155,-0.20134,1.5658,0.33338,-2.137,0.67291,-0.07911,0.32736,-0.77765,-0.19616,-0.39747,0.30955,3.8501,0.15845,0.10339,-3.305,3.0938,-0.13052,-0.2869,2.5132,-0.38679,-1.2044,-0.24932,1.078,-0.5079,-0.15081,-0.26216,0.68205,4.3927,-0.42887,2.3213,-2.4807,-0.51109,0.64535,-0.031444,-0.42685,-0.3039,0.48054,-0.18315,-0.80687,-0.5074,-0.11367,0.027122,-0.12523,0.20305,2.7065,0.58924,-3.5349,-0.55224,-0.036867,-0.33415,-0.81638,0.36129,0.22874,-0.46866,-0.68348,0.8732,-0.131,-0.22311,0.38936,-0.1854,0.0076119,0
0.16563,0.42709,0.70733,-0.39897,1.5443,0.39915,-2.1555,0.7634,-0.014992,0.43823,-0.90909,-0.28678,-0.20678,0.2614,3.8301,0.074975,0.065469,-3.3328,3.486,-0.53339,-0.33633,2.9748,-0.22829,-0.97977,-0.50989,1.0731,-0.57128,-0.084157,-0.33344,0.83429,4.2534,-0.43039,2.665,-2.6652,-0.54531,0.73818,-0.21328,-0.30466,-0.15244,0.51282,-0.30012,-0.71315,-0.356,0.15231,0.11913,-0.12864,0.32355,3.2894,0.67443,-3.7561,-0.48723,0.020614,-0.3326,-0.72159,0.37692,0.2279,-0.41187,-0.57611,1.0066,-0.024146,-0.17633,0.41818,-0.26069,-0.028795,0
0.14779,0.81655,0.83844,-0.3638,1.398,0.13992,-3.3064,0.57711,-0.1094,0.83207,-0.70161,-0.095366,-0.65421,0.30602,5.0967,0.10251,0.24831,-4.3906,3.6935,-0.4113,-0.29916,2.7055,-0.22099,-1.3637,-0.2391,0.91857,-0.67163,-0.12147,0.0068762,0.63199,5.2725,-0.65997,3.4686,-3.3198,-0.57965,0.32397,-0.44974,-0.13484,-0.50561,1.2807,-0.69311,-1.0495,-0.76787,-0.049048,-0.4026,-0.061508,0.18824,3.6886,1.0351,-4.3658,-0.87167,0.099776,-1.0595,-0.64708,0.31669,0.17781,-0.043786,-1.0624,0.78402,-0.036683,-0.44573,0.52159,-0.00023743,0.3288,0
0.25248,0.61635,0.65466,-0.25072,1.7339,0.23862,-2.7116,0.72374,-0.054352,0.42278,-0.94367,-0.1571,-0.38264,0.33279,4.2801,0.11674,0.20422,-3.7639,3.5348,-0.35513,-0.30098,2.782,-0.36116,-1.0747,-0.35809,1.0404,-0.41849,-0.15127,-0.20905,0.82135,4.8397,-0.43789,2.8354,-2.948,-0.56661,0.54135,-0.32885,-0.34358,-0.30692,0.73855,-0.40288,-0.91195,-0.53458,-0.063092,-0.032617,-0.089115,0.28189,3.3177,0.77611,-4.0309,-0.61054,-0.028438,-0.64789,-0.67409,0.25524,0.15745,-0.47057,-0.78603,0.98529,-0.08965,-0.20437,0.49724,-0.13823,-0.02999,0
0.34763,0.58632,0.61274,-0.21314,1.5893,0.26203,-2.5108,0.63963,-0.036327,0.41164,-0.80295,-0.19143,-0.38018,0.32981,4.0729,0.086648,0.16757,-3.549,3.3396,-0.29171,-0.2005,2.6827,-0.36818,-1.165,-0.27495,1.0329,-0.40277,-0.12108,-0.14545,0.7277,4.785,-0.38503,2.6063,-2.8415,-0.55023,0.56134,-0.30881,-0.37684,-0.2971,0.68955,-0.3638,-0.87896,-0.57023,-0.086598,-0.032717,-0.055074,0.22281,2.9409,0.74501,-4.0069,-0.61378,-0.00077974,-0.55832,-0.76797,0.25206,0.2341,-0.49055,-0.81883,0.97983,-0.053217,-0.13906,0.43608,-0.099925,0.11366,0
0.25583,0.64074,0.72045,-0.31191,1.6187,0.22058,-2.6834,0.59844,-0.020154,0.42998,-0.83297,-0.13617,-0.3011,0.368,4.2882,0.11715,0.12198,-3.7189,3.4182,-0.41267,-0.19354,2.8377,-0.36534,-1.1913,-0.32833,1.0327,-0.43681,-0.23479,-0.18967,0.77699,4.9834,-0.33192,2.8412,-3.0529,-0.59383,0.48078,-0.28093,-0.31082,-0.30996,0.78286,-0.40565,-0.86356,-0.59267,-0.0034834,-0.11044,-0.078185,0.31508,3.2464,0.80903,-4.2884,-0.64056,0.094939,-0.56537,-0.74354,0.1911,0.18154,-0.51894,-0.86058,1.0112,-0.070058,-0.1424,0.5523,-0.046322,0.12643,0
0.019603,0.55174,0.80634,-0.56038,1.4661,0.33092,-1.9603,0.6479,0.094445,0.49086,-0.78363,-0.24023,-0.04191,0.32477,3.7371,-0.068648,0.012695,-3.1794,3.1699,-0.64699,-0.22404,2.8952,-0.12472,-0.95569,-0.50745,0.98785,-0.47183,-0.22601,-0.35169,0.80756,4.2182,-0.20378,2.5614,-2.4215,-0.38084,0.70269,-0.34152,-0.20778,-0.16204,0.60127,-0.41937,-0.74319,-0.33192,0.27153,0.13018,-0.091542,0.17941,3.2786,0.73733,-3.9483,-0.47105,0.12801,-0.32028,-0.70101,0.10701,0.16834,-0.57043,-0.557,1.0695,-0.031087,0.094292,0.38156,-0.17103,0.00074412,0
0.29519,0.49352,0.7083,-0.18175,1.6099,0.17329,-2.5583,0.56519,-0.081643,0.45594,-0.81351,-0.087467,-0.37145,0.35562,4.3527,0.095049,0.21626,-3.6246,3.389,-0.39791,-0.25693,2.657,-0.43991,-1.1715,-0.26035,1.0282,-0.53431,-0.22481,-0.26828,0.68003,4.7309,-0.35424,2.822,-2.8661,-0.57815,0.45671,-0.26226,-0.26675,-0.48663,0.63526,-0.35987,-0.7916,-0.57257,-0.029934,-0.20875,-0.092381,0.33786,3.1699,0.83791,-4.1378,-0.5836,0.022874,-0.53371,-0.72999,0.29573,0.20913,-0.69481,-0.71222,0.90175,-0.086839,-0.099527,0.49369,-0.076465,0.0098972,0
0.24746,0.67198,0.72906,-0.40443,1.5001,0.22647,-3.0712,0.5586,0.0025958,0.62841,-0.74366,-0.19763,-0.492,0.34378,4.7389,0.09756,0.20445,-4.0279,3.6485,-0.3847,-0.20179,2.6295,-0.31596,-1.2334,-0.24191,1.0507,-0.59596,-0.16016,-0.07776,0.66801,5.1945,-0.44273,3.2745,-3.3206,-0.60554,0.28822,-0.36717,-0.25045,-0.45518,1.0197,-0.56841,-0.98706,-0.70788,-0.10744,-0.35622,-0.10286,0.23655,3.424,0.95556,-4.3828,-0.73804,0.10352,-0.88893,-0.64899,0.28132,0.20464,-0.38995,-0.92027,0.86817,-0.030375,-0.10212,0.71088,-0.0394,0.30184,0
0.17431,0.41569,0.75197,-0.22251,1.6851,0.19769,-2.4754,0.60747,-0.043768,0.44063,-0.83058,-0.18061,-0.1474,0.41412,4.1637,0.037743,0.20243,-3.5702,3.5306,-0.4998,-0.22763,2.943,-0.32094,-1.1293,-0.3787,1.0808,-0.45511,-0.18569,-0.30826,0.75007,4.8071,-0.35662,2.8449,-2.8582,-0.75312,0.5001,-0.23602,-0.30531,-0.33602,0.51587,-0.27647,-0.75794,-0.39738,-0.0032969,-0.02761,-0.10423,0.23147,3.3521,0.76904,-4.2894,-0.52814,0.12107,-0.44339,-0.70276,0.31728,0.11391,-0.65634,-0.64895,1.0111,-0.05705,-0.10795,0.45369,-0.14003,-0.071946,0
0.059501,0.51232,0.85446,-0.24815,1.5802,0.27395,-2.5136,0.69224,-0.079549,0.43731,-0.8296,-0.25249,-0.19742,0.40303,4.231,0.0073695,0.12666,-3.6284,3.4449,-0.49763,-0.24374,2.9405,-0.27446,-1.1064,-0.36682,1.0737,-0.38097,-0.16637,-0.24837,0.82791,4.8219,-0.34372,2.7743,-2.787,-0.78989,0.3353,-0.22478,-0.36046,-0.23804,0.71617,-0.30049,-0.9415,-0.52602,0.037208,-0.047093,0.0032117,0.31411,3.2727,0.73444,-4.0671,-0.54524,0.11153,-0.51068,-0.71519,0.31146,0.1897,-0.41726,-0.67799,1.0487,0.015723,-0.21782,0.49081,-0.14633,-0.045949,0
