1.56,-1.54,-1.07,0.829,0,0,0,0,-1.78,1.41,0,-1.4,0,-1.25,0,0,-1.61,0,1.47,0,0,1.83,1.59,0,-1.61,1.39,1.37,-1.19,-1.76,1.4,0,-1.12,0,1.47,-0.757,-1.59,0,0,-0.475,0,-1.57,1.26,-1.52,-1.71,0,1.23,-1.81,1.3,0,-1.22,0,-1.48,0.969,-1.78,0,0,0,0,-1.69,-1.49,1.76,0,-1.79,0,1
0,-1.16,-0.955,1.07,1.72,1.38,-0.18,0,-1.68,1.2,-1.18,0,-0.989,-1.56,0,0,-1.26,0,1.41,-1.25,-1.77,0,1.65,-1.15,-1.8,1.37,1.38,0,-1.61,1.48,1.61,-1.17,0,1.18,-0.953,-1.59,1.03,0,0,-1.04,-1.78,0,0,-1.72,0,1.24,-1.78,0,0,-0.895,-1.44,-1.64,1.18,0,0,1.82,-1.7,0,-1.91,-1.68,1.88,0,-1.57,-1.68,1
0,-0.497,0,1.27,1.41,1.25,0,0,0,0,-0.194,-1.08,0,-0.95,0,0,0,0,1.1,0,0,0,0,-1.11,0,1.13,0,0,0,1.61,1.58,0,0,0.353,0,0,0.887,0.976,0,-0.906,-1.34,-0.41,-1.46,0,1.4,0.93,0,1.39,0,0,0,0,0.156,0,0,1.4,-1.48,0.288,0,0,1.79,0,0,-1.43,1
0,-1.26,0,0,1.82,1.68,0,0,0,1.4,-1.41,0,-1.49,-1.77,0,1.6,0,0,1.58,0,-1.87,0,1.73,0,-1.82,0,1.73,-1.29,-1.8,1.59,0,-1.34,-1.78,1.47,-1.09,0,1.36,1.52,0,0,-1.9,1.26,-1.78,0,1.88,1.33,-1.89,1.71,1.65,0,0,-1.52,1.09,0,0,1.88,0,0,-1.85,-1.77,0,-1.66,0,0,1
0,0,0,0,0,0,0,0,-1.78,0,-1.1,0,0,0,1.32,0,0,-1.84,0,-1.59,-1.88,1.81,1.39,0,-1.74,1.49,1.58,-1.39,0,1.62,1.72,0,-1.66,1.67,-0.934,-1.7,1.52,0,0,0,0,1.23,0,-1.6,0,0,-1.77,0,0,0,-1.42,0,0,0,1.53,0,0,0,0,-1.55,0,-1.67,-1.5,0,1
1.76,-1.34,0,0,1.69,1.75,0,0,0,1.56,0,-1.63,-1.09,0,1.18,0,0,0,1.43,0,-1.83,0,0,0,-1.88,1.23,0,0,-1.73,0,1.64,-1.22,-1.73,0,-1.21,-1.71,1.25,1.54,-0.66,-1.32,0,0,-1.76,-1.77,1.64,1.31,0,1.23,0,-1.14,-1.46,-1.74,1.03,0,0.964,0,-1.76,0,0,-1.67,0,-1.5,-1.72,-1.84,1
1.76,0,0,0,1.71,1.57,0,-1.59,0,1.5,0,0,-1.06,-1.51,1.23,0,0,0,0,-1.53,0,1.85,0,0,0,0,1.48,-1.09,-1.75,0,1.81,-1.38,-1.6,1.19,-1.22,0,1.1,0,0,-1.2,0,0,0,0,1.73,1.29,0,0,0,-0.945,-1.47,0,1.24,0,1.23,0,-1.67,0,0,-1.63,1.93,0,-1.74,0,1
0,0,-1.39,1.66,0,0,-1.14,0,0,1.44,-1.6,0,0,-1.73,1.45,1.75,-1.71,0,0,-1.69,0,0,1.78,-1.82,0,0,0,0,-1.87,0,0,-1.54,0,0,0,-1.76,0,1.66,-1.39,-1.6,0,1.26,0,0,1.88,0,0,0,1.72,-1.72,-1.62,-1.55,0.999,0,1.5,0,0,0,-1.86,-1.86,0,-1.66,-1.88,-1.89,1
0,0,-1.41,1.7,1.79,0,0,-1.77,-1.84,1.39,0,0,-1.48,0,1.46,1.72,0,-1.83,1.67,-1.61,-1.89,1.89,1.79,-1.76,0,1.64,0,-1.52,0,0,1.8,0,0,0,-1.23,0,0,0,-1.22,0,-1.9,0,0,0,1.89,1.58,-1.89,1.69,0,-1.56,0,-1.5,1.22,0,1.43,1.9,0,0,-1.91,0,0,-1.74,-1.83,0,1
0,0,0,-0.283,-0.0589,0,0,0,0,-0.757,0,0,0,0,0,-0.565,0,0,-0.105,0.705,0,-0.0138,0,1.12,-0.133,-0.719,-0.433,0,0,-0.578,0.118,0.329,0.636,-0.298,0,0.508,-0.715,0,0,1.35,0,0,-0.233,0.419,-0.343,0,0,0,-0.193,0,0.388,0,0,0.56,-0.67,-0.324,0,-0.795,-0.751,0,-0.549,0,0.361,0,1
0,0,-1.32,1.68,0,1.53,-0.961,0,-1.71,0,0,-1.31,-1.51,-1.61,1.39,1.51,0,0,0,-1.63,-1.89,0,1.67,-1.72,-1.8,1.51,0,0,-1.79,1.7,0,0,0,1.43,-1.04,0,0,1.51,-1.18,-1.39,-1.84,0.79,0,-1.8,0,1.37,-1.84,0,0,0,-1.6,-1.55,0,0,1.23,1.89,-1.64,1.16,0,0,0,0,-1.81,0,1
1.28,0,-0.444,0.967,0,1.28,-0.208,0,-1.52,0,0,0,0,-1.29,0,0,-0.978,-1.57,0,0,0,0,1.44,0,-1.57,1.02,1.32,0,-1.54,0,0,-0.869,0,0.483,-0.181,0,0,0,0,-0.495,-1.69,0.772,-1.56,0,0,0.648,0,0,0,0,0,-1.07,0,0,0.53,0,0,0.301,0,-1.49,1.86,-1.03,-1.52,0,1
1.67,0,0,1.26,1.67,1.63,-0.309,-1.69,0,0,-1.14,-1.36,-0.928,0,0.694,0,0,-1.6,0,-1.38,0,0,0,-1.68,0,0,0,0,0,1.52,1.56,-1.22,0,1.41,0,0,0,0,-0.82,0,0,1.09,-1.77,0,1.67,0,0,1.42,0,-0.979,0,-1.35,0.905,-1.78,1.25,0,0,0,-1.92,0,0,-1.56,-1.63,-1.76,1
1.76,0,0,0,0,1.69,0,0,0,0,0,0,-1.52,0,1.41,0,0,0,0,0,0,1.87,1.8,-1.76,-1.86,0,1.8,-1.53,-1.82,1.75,1.86,0,0,0,-1.25,0,0,1.64,0,0,-1.88,0,-1.81,-1.82,1.9,0,-1.89,1.72,1.8,0,0,0,0,-1.88,1.47,0,-1.8,1.41,-1.88,0,1.92,-1.79,0,0,1
0,-1.3,-0.719,0,0,1.07,-0.691,-1.38,0,1,0,0,-0.453,-1.37,1.24,1.35,-1.42,-1.65,1.35,0,-1.85,1.7,1.39,0,0,0,0,-1.13,0,0,1.43,0,0,1.28,-1.04,-1.56,1.38,0,0,-0.899,0,1.27,0,-1.15,1.55,0,0,0,0,0,-1.25,0,0,0,1.35,1.63,-1.21,0,-1.74,-1.12,0,-1.48,-1.46,-1.66,1
0,0,0,0,1.77,0,0,-1.8,-1.87,1.4,-1.61,-1.55,0,0,1.55,0,0,0,1.69,0,-1.93,0,1.8,0,0,0,0,-1.47,-1.86,0,1.84,0,-1.82,0,0,0,1.51,0,-1.42,-1.5,0,0,-1.83,-1.86,0,0,-1.88,1.74,0,-1.68,0,-1.71,1.14,0,1.39,0,0,1.45,-1.88,-1.82,0,0,-1.86,-1.87,1
0,-1,0,0.08,0,0.96,0,0,0,0.753,0,-0.652,0,0,0,0,0,-1.39,0,0,0,1.67,0,-0.278,0,0,0,0.17,-1.38,0.763,0,0,-1.06,0.348,0.53,0,0.139,0,0.312,-0.0372,0,0.231,-1.02,-1.34,0,0,-1.73,0,1.26,0,0,0,0,0,0,1.4,-0.95,-0.0811,0,-0.484,0,0,0,-1.09,1
0.892,0,-0.401,0.233,0,0,0.395,0,0,0,-0.171,-0.429,0,-0.539,0.352,0,0,-0.98,0.867,-1.03,0,0,0,-1.07,0,0.972,0,0,-1.48,0,1.34,0,-1.44,0.615,0.175,0,0.847,1.15,0.633,0,0,0,-1.37,0,1.38,0.962,0,0,1.35,0.173,0,-0.531,0,0,0,1.5,0,0.0167,0,0,0,0,0,0,1
1.15,0,-0.453,0,0,1.17,0,-1.29,-1.63,0,-0.533,0,-0.615,0,0,0,0,0,1.29,-0.981,-1.45,1.54,0,0,0,0.476,1.3,0,0,1.25,1.41,-0.306,0,0,0,0,0.639,0,0,-0.651,0,0,-1.3,-1.58,0,0,-1.78,1.26,1.49,-0.924,-1.22,-0.329,0.353,0,0,1.53,-1.27,0.793,0,-1.38,1.65,0,-1.46,-1.51,1
0,-1.61,0,1.79,1.72,1.67,-1.04,-1.83,0,0,0,-1.51,0,-1.73,0,1.67,0,0,0,-1.76,0,1.84,0,-1.83,0,1.77,1.8,-1.43,0,0,1.83,-1.5,0,0,0,0,1.63,0,-1.28,0,-1.84,1.31,0,0,1.88,1.54,-1.9,0,0,0,-1.72,0,0,-1.89,0,1.93,0,0,-1.89,0,1.92,-1.8,0,-1.91,1
0,0,0,0,0.537,-0.475,0,0,0,0.358,0.758,0.451,1.26,0,0,0,0,0,0,0,-0.384,0.961,0,0.764,-0.323,-0.713,0,0.309,0,0.0447,0.161,0,0.471,0,0,0,0,0.671,0.965,0,0.259,-0.408,-0.328,0,-0.113,-0.257,0,0,0,0,0,0.305,0.311,0,-0.458,0,0,0,-0.595,0,0.243,0,0,0,1
1.45,0,0.275,-0.953,1.17,0.922,-0.153,-0.0559,0,0,-0.289,-0.893,-0.47,-0.858,0.276,0,-0.46,-1.28,1.35,0,0,0,0,-1.21,-1.41,0,0,0,0,0,0,0,0,0.554,0,-1.27,0,0.927,0.233,0,-0.0112,0,0,0,0.782,0.761,0,0,1.54,-0.00837,-1.3,0.0449,0,0,0,1.6,-0.946,1.07,0,0,0.924,0,0,0,1
0,0,0,0.888,1.63,1.58,0,-1.47,0,1.53,-1.15,0,-1.32,-1.17,0,1.46,0,0,1.69,0,-1.89,1.72,0,0,-1.79,1.27,0,0,-1.71,0,0,-1.31,-1.83,0.942,-0.904,-1.54,0,1.38,0,-1.48,0,0.599,0,0,1.54,1.26,-1.9,0,1.68,-1.11,0,0,0.292,0,1.22,1.91,0,1.26,0,-1.41,0,-1.1,0,0,1
0,0,0,1.44,0,0,0,-0.747,0,1.25,-0.807,-1.54,-0.889,0,1.33,0,0,-1.7,1.73,-1.58,0,1.89,0,0,-1.87,1.68,1.36,-1.04,-1.88,0,1.79,-1.48,-1.83,1.1,-0.721,0,1.43,0,-0.952,0,0,0,-1.72,0,0,0,-1.88,1.48,0,0,0,0,1.01,0,1.39,1.9,-1.7,0,-1.9,-1.74,0,-1.28,-1.72,0,1
1.37,0,0,0,1.47,1.47,-0.392,-1.38,-1.48,1.07,-0.866,0,-0.729,-1.39,0,0,0,-1.29,1.07,0,-1.78,0,0,0,0,0,0,0,-1.57,0,0,0,-1.4,0,-0.61,-1.46,0.748,0.749,0,0,0,0.896,0,-1.61,0,0,-1.82,0,1.45,0,0,0,0,-1.76,0.732,1.77,0,0,-1.83,-1.64,1.84,-1.45,-1.57,-1.63,1
0,-0.754,-0.467,0.672,0,0,0,-0.707,-1.1,0.575,0.242,0,0.348,-0.793,0.302,0,-0.693,-1.1,0.424,-0.718,0,0,0.382,0,-0.255,0,0,-0.395,-0.666,0.775,0,-0.101,0,0,0,-0.793,0.755,0.544,0.311,0.494,0,0.11,0,0,0,0,0,0.38,0.455,0,0,-0.19,0.442,-0.588,0.102,0.874,0.0295,0.0143,-1.36,0,1.11,0,0,0,1
1.46,0,0,1.49,1.55,1.49,0,-1.24,-1.71,0,0,-1.11,0,-1.47,0.592,1.42,0,-1.83,1.32,0,0,0,1.58,0,-1.71,1.6,1.58,-1.41,0,0,0,-1.51,-1.66,0,-0.665,-1.65,1.21,1.6,-0.664,-1.07,0,0,-1.66,0,1.72,0,-1.45,1.57,0,0,0,0,0,0,0,0,0,1.26,0,0,0,-1.33,0,0,1
1.56,0,0,-0.171,0.237,0,0.632,0,-1.45,0,-0.736,-0.999,0.366,-0.758,0,-0.128,0.206,-0.319,0.946,-0.708,-1.79,1.64,0,0,0,0,0.596,0,0,0.0779,0,0,-1.75,-0.026,0,-0.637,0.295,0.628,-0.778,0,-1.03,-0.386,0,-0.753,0,-0.578,0,0,0,0,-0.163,-0.104,0,0,0.707,1.56,-1.27,0,0,0,0,0,-1.35,-1.29,1
1.72,0,-0.865,0.523,1.48,0,0,-1.61,-1.92,0,0,0,-1.33,-1.42,0,1.55,-1.39,0,1.65,0,-1.85,1.92,1.46,-1.73,-1.63,1.19,1.66,-1.3,0,0,0,-1.25,-1.95,0,0,-1.66,1.4,0,-1,0,0,0,0,0,0,0,0,0,1.82,-0.921,-1.7,0,1.15,0,0,1.84,-1.7,1.51,0,-1.65,1.8,0,-1.81,-1.87,1
0,0,0,0,0,0,-0.996,-1.76,0,1.59,0,0,0,-1.7,1.51,0,-1.72,-1.82,1.72,0,-1.93,0,1.83,-1.78,0,0,1.81,-1.48,-1.83,1.77,0,0,0,1.51,-1.36,0,1.56,1.6,0,-1.55,-1.86,0,-1.76,0,1.89,0,-1.87,0,1.79,-1.67,-1.71,0,0,0,1.47,1.87,-1.71,0,0,-1.86,1.92,0,-1.89,0,1
1.71,0,0,0,0,0,-0.659,-1.47,0,0.967,0,0,-0.547,0,1.03,1.39,0,-1.56,0,-1.17,0,1.82,0,-1.24,0,0,0,-0.576,-1.67,0,0,-0.963,-1.55,0,-0.89,-1.6,0.957,1.45,0,0,0,1.09,-1.68,-1.72,1.76,0,-1.84,0,1.61,0,0,-1.45,1.06,0,0,0,0,1.18,0,-1.48,0,0,-1.47,-1.82,1
1.45,0,-0.101,0.25,1.51,1.17,0.132,0,-1.63,1.34,0,-0.921,0,-1.05,0,1.02,-1.04,0,1.39,0,-1.53,1.65,0,0,0,0,0,0,-1.56,0,0,0,0,0,0,0,1.29,1.31,0,0,-0.954,0.824,0,0,1.7,0,0,0.972,1.25,-0.451,0,-0.866,0.71,0,0,0,-1.31,0,0,-1.39,1.82,-1.1,-1.42,0,1
1.73,-1.69,-1.77,0,0,1.77,-1.48,-1.88,0,0,0,0,0,-1.81,1.53,1.84,0,-1.89,1.85,-1.77,-1.96,1.92,1.85,-1.82,-1.82,1.79,1.86,-1.59,-1.85,1.89,0,-1.54,-1.92,0,0,0,1.67,1.81,0,0,0,1.54,-1.86,0,0,1.77,-1.92,1.78,1.85,-1.87,0,-1.53,0,0,1.69,1.93,0,1.48,0,-1.9,1.98,-1.81,0,-1.86,1
1.7,-1.53,0,1.67,1.82,1.71,-1.29,-1.73,-1.86,0,0,0,-1.59,-1.71,1.52,0,0,-1.92,0,-1.79,-1.91,1.87,1.8,0,0,1.66,0,-1.35,0,0,0,0,0,1.59,-1.33,0,1.57,1.69,0,-1.59,-1.88,0,0,-1.86,1.91,0,-1.85,0,1.65,-1.74,0,0,0,0,1.46,0,-1.72,1.34,-1.88,-1.8,0,-1.7,0,0,1
1.64,-0.92,0,0,0,0,0.529,0,0,1.67,0,0,-0.102,-1.22,0,0.977,-1.09,-1.29,1.29,0,0,1.84,1.19,0,-1.65,0.664,0,-1.01,0,0,0,-1.32,-1.35,0.991,0,0,0.469,0,0,-0.144,0.0866,0,-1.27,0,1.29,0.812,0,1.32,1.4,0.0306,-1.43,0,0,0,0.757,0,-1.2,0,0,0,1.38,-0.987,-1.67,0,1
1.47,-1.41,-1.06,1.21,0,0,0,0,-1.77,1.27,0,0,-0.872,0,0,0,-1.51,-1.8,0,0,0,1.74,1.66,0,-1.7,1.32,1.66,-0.549,0,1.54,1.51,0,0,0,-0.971,-1.62,0,0,-0.282,-0.904,0,0,0,-1.67,0,1.29,-1.72,1.48,1.33,0,0,0,0.698,-1.68,0.848,1.83,0,0,0,0,0,-1.62,0,0,1
0.804,-0.82,0,0,0.0783,0.589,0,0,0,0,0,-0.0967,0.0343,0,-0.108,-0.254,-0.662,-0.695,0.61,-0.25,0,0,0.685,0,0,0.616,-0.0257,-0.195,-1.2,0.702,0,-0.761,-1.32,0.818,-0.173,-0.731,0.455,0,0,0,0,0,0,0,0,0.321,-0.968,0.555,0.356,-0.353,-1.09,-0.271,0.0761,-0.598,0.52,0,0,0,-1.01,0,0,-0.758,0,-1.43,1
0.623,0,-0.789,0.133,0.586,1.17,0,-0.755,0,0.933,-0.942,0,-0.437,-0.72,0.303,0,0,0,0,-1.13,-1.66,1.77,1.34,0,0,0,0.849,0,0,0.573,0.777,-0.506,-1.52,1.01,0,0,0,0.904,-0.515,0,0,0,-0.827,0,1.13,0,-1.55,0,0,-1.1,0,0,0,-1.04,0.701,0,0,0.522,-1.67,-1.17,0,0,-1.44,-1.23,1
1.11,0,0,0,0.596,0.96,0.653,0,0,1.45,0,0,0,-1.01,0,0,-1.2,0,0,-1.18,-1.68,0,1.13,0,0,0.766,1.31,0,-1.71,1.42,0,-0.746,0,0,0,0,0,0,-0.358,0,-0.432,0.162,-1.39,0,1.18,0.653,0,0,0,0,0,0,0,-1.71,0.62,1.66,-1.32,0.616,-1.64,-1.19,1.23,0,0,0,1
1.83,0,-1.61,0,0,1.64,-1.38,0,0,0,-1.44,-1.42,0,-1.77,1.36,0,-1.68,-1.76,0,0,0,1.89,0,0,-1.83,1.66,1.84,-1.41,0,1.86,1.88,-1.44,-1.89,1.75,0,-1.83,0,1.73,-1.66,-1.74,-1.91,1.66,-1.79,0,1.85,0,-1.91,0,1.68,0,0,0,0,-1.85,1.5,0,0,0,0,0,0,-1.84,-1.86,-1.79,1
1.48,0,-1.51,1.55,0,0,0,0,-1.65,1.46,-1.46,-1.46,-1.62,0,0,0,0,0,0,0,-1.91,0,0,-1.64,-1.79,1.67,0,-1.29,0,1.65,0,-1.2,-1.75,0,0,0,0,1.76,-0.979,0,0,0,0,-1.72,1.68,0,0,1.68,0,-1.66,0,-1.37,0,0,1.33,1.9,-1.72,1.2,-1.83,-1.84,0,0,0,0,1
1.64,0,0,1.05,1.27,0,0.0413,-1.04,0,1.43,0,0,-0.685,-1.27,0.773,1.24,-1.41,-1.49,1.38,-1.35,0,1.68,0,0,0,1.15,0,-1.13,-1.74,0,0,0,0,0,0,0,1.51,0,0.097,0,0,0,0,-1.62,0,1.15,-1.88,1.1,0,-0.644,-1.46,0,0,0,1.21,0,-1.56,0,0,0,1.75,-1.59,-1.48,0,1
0,-0.511,0,-0.205,0.909,0,0,0.116,-0.878,0,0,0,0,-0.554,0,-0.0453,0.214,0,0,-0.764,0,1.34,0.707,0,-0.935,0,0,-0.159,0,0.407,0.916,-0.848,0,0,0,0,0,-0.122,0,0,-0.2,-0.19,-0.964,0,0,0,-1.07,0,0.925,-0.0661,-0.973,0,-0.0871,-1.17,0,1.28,0,0.0916,0,0,0,0,0,0,1
0.492,-0.508,0.723,0,0,0.312,0.313,0.228,-0.812,-0.0128,0.629,0,0,-0.429,-0.629,-0.193,0,-0.649,0,-0.204,-0.315,0,0,0,0,0,0.0397,0,0,0,0,0,-0.334,0,0,-0.263,0.34,0,0.192,0,-0.745,0,-0.566,0,0,0.166,0,0.458,0.122,0.085,-0.00233,0.519,-0.777,-0.213,0,0,-0.453,-0.0456,-1.22,0,0.895,0,0,0,1
1.53,0,0,0,0,0,0,-1.3,-1.54,0,0,-1.27,-0.673,0,0,1.11,-1.16,0,0,0,0,1.63,1.69,-1.11,-1.76,0.803,0,-0.629,-1.6,1.27,1.53,0,0,1.27,0,-1.52,0.893,1.43,0,-0.749,0,0,-1.39,0,0,1.1,-1.77,0,0,0,-1.45,-1.05,0,0,0.993,1.78,0,0,-1.87,-1.48,1.79,0,-1.35,0,1
0.981,0,0,0,1.13,0,0,0,0,0,0,0,-0.314,0,0,0,0,-1.59,1.04,0,-1.65,1.77,1.16,0,-1.39,0,0,-1.03,0,1.27,0,0,-0.983,0.49,-0.627,0,0.959,1.36,-0.834,0,-0.641,1.01,-1.47,-1.53,0,1.05,0,0,1.56,0,-0.881,0,0.844,-1.17,1.03,1.47,0,0,0,-1.2,0,0,-1.43,-1.16,1
1.75,-1.46,-1.52,1.74,1.81,1.7,0,-1.82,-1.88,0,-1.39,-1.6,0,0,0,1.65,-1.74,0,1.67,0,-1.91,1.87,1.78,0,0,1.72,0,-1.53,0,0,0,-1.32,-1.89,0,0,-1.77,0,1.68,0,0,0,1.54,-1.81,0,0,0,-1.87,1.77,0,-1.74,0,-1.53,0,-1.9,1.21,1.91,0,1.58,0,-1.85,0,-1.74,-1.89,-1.88,1
1.69,0,0,0,0,0,0,-1.32,-1.67,0,0,0,0,0,0,1.39,-0.966,0,0,0,-1.79,1.8,0,0,-1.86,1.3,1.46,-1.02,-1.67,0,0,-1.27,0,1.25,0,0,1.13,1.52,0,0,-1.8,1.53,-1.62,0,1.56,0,0,0,0,-1.1,-1.36,0,0.833,0,1.04,1.8,-1.78,0,-1.91,0,0,-1.46,-1.75,-1.76,1
0,0,-0.942,0,0,0,0,-1.29,-1.81,0,-1.27,-1.58,0,0,0,0,-1.62,-1.77,0,-1.51,0,0,1.59,-1.59,0,1.51,0,-1.27,-1.91,1.55,1.85,-1.5,0,1.24,0,-1.74,1.51,1.32,0,0,-1.75,0,-1.81,0,1.82,0,-1.81,1.65,1.8,-1.48,-1.53,-1.55,0.99,-1.89,1.57,1.92,-1.82,1.45,-1.91,0,1.91,0,0,-1.82,1
0,0,0,0,-0.62,-1.19,0,0,0,0,0,0.651,0,0,0,-1.25,0,0.694,-0.381,0,0,0.751,0,1.29,0.623,0,-0.642,0,0.0177,0,0,1.21,0.644,0,1.22,0.553,-1.01,0,1.24,0,0.599,0,-0.015,0.846,0,-1.27,-0.47,-0.381,0,0,0,1.52,-1.41,1.07,-0.298,0,0,-1.15,0,0,-0.442,0,0,0,1
0,-0.636,0,0,0.763,1.31,0.301,0,-1.67,1.38,0,-1.09,-0.205,-0.563,0,1.51,-0.579,-1.12,1.3,-0.967,0,0,0,0,-1.53,0.442,0.592,0,0,0,0,-0.486,0,0.471,-0.194,-1.72,0,0,0,0,0,0,0,-1.67,0,0.991,-1.57,0,0,-0.555,-1,-0.653,0.562,-1.61,0,0,0,0.517,-1.84,-1.29,1.85,-0.503,-1.48,-1.49,1
0,-1.35,-1.19,0,1.74,1.61,-0.973,0,-1.77,0,0,-1.64,0,-1.69,0,1.61,-1.57,0,0,0,0,1.83,1.62,0,-1.83,1.57,0,0,0,1.69,1.74,0,0,0,0,0,1.33,0,0,-1.44,0,0,-1.7,0,1.86,0,-1.8,0,0,-1.54,-1.4,-1.57,0,-1.85,0,0,0,1.38,0,0,0,0,-1.77,0,1
0,0,0,0,0,1.69,0,0,0,1.52,0,0,-1.64,0,1.46,1.66,0,0,1.66,0,0,1.85,0,-1.79,-1.87,1.73,0,0,-1.84,0,0,0,0,1.68,0,-1.8,0,1.67,0,-1.56,0,1.41,0,-1.85,0,0,0,1.77,1.77,-1.65,0,0,1.24,-1.88,0,1.91,0,0,-1.8,-1.81,1.93,-1.77,-1.86,0,1
1.63,0,-1.18,0,1.74,0,-0.512,0,0,0,-0.837,0,0,-1.7,0.654,0,0,0,1.66,-1.34,-1.8,1.84,0,-1.34,-1.77,0,0,0,-1.8,0,0,-1.12,-1.66,0,0,-1.61,0,0,-1.33,0,-1.83,0,0,-1.61,1.62,1.34,0,0,1.68,-1.57,0,0,0.833,0,1.05,1.79,0,1.27,-1.81,-1.77,1.9,-1.55,-1.65,-1.73,1
0,0,-1.05,0,1.63,0,-0.692,-1.51,0,1.25,0,-1.14,0,0,1.34,1.49,0,-1.69,0,-1.36,-1.82,1.83,0,-1.47,-1.86,0,0,0,-1.78,1.63,0,0,-1.77,0,0,0,1.25,1.56,0,0,-1.86,0,0,0,1.76,1.27,-1.8,0,1.58,-1.21,0,0,0,-1.84,0.711,1.82,0,0,-1.81,-1.79,0,-1.46,0,0,1
1.85,-1.72,-1.79,1.78,0,1.84,0,-1.9,-1.9,1.62,-1.79,0,0,-1.9,1.67,1.84,0,-1.88,0,-1.83,0,0,1.86,0,-1.84,0,1.92,0,-1.93,1.86,0,0,-1.95,0,0,-1.88,0,1.8,-1.64,-1.72,-1.9,1.7,-1.87,-1.86,1.92,1.65,0,1.71,1.84,0,0,-1.57,0,-1.91,1.77,1.94,-1.89,0,-1.93,-1.9,1.97,-1.86,-1.86,0,1
1.57,0,0,1.09,0,0,0,0,0,1.47,0,-1.44,0,-1.55,1.23,1.63,0,0,1.57,-1.26,-1.89,1.89,1.57,-1.52,-1.75,1.54,0,-1.58,0,0,0,-1.53,0,0,0,-1.52,0,1.67,-1.1,-1.24,0,1.39,-1.8,0,1.61,0,-1.84,0,1.77,-1.54,-1.59,0,1.23,-1.58,0,0,0,0,0,0,1.83,-1.27,0,-1.39,1
0,-1.61,-1.51,0,0,1.76,0,0,0,0,0,0,-1.62,-1.78,0,0,0,-1.94,1.73,-1.72,-1.96,1.88,0,-1.72,-1.89,0,1.74,0,-1.91,0,1.85,0,-1.8,1.73,0,0,0,1.83,0,-1.71,0,0,-1.86,-1.77,1.82,1.72,0,1.72,0,0,0,0,1.19,0,0,0,0,0,0,-1.85,0,-1.73,-1.83,0,1
0,-0.805,-0.219,0,1.28,0,0.0932,0,-1.71,0,0,0,0,-1.01,0,0,0,-1.17,0,-0.859,0,1.73,0,-1.51,0,0,0,0,0,0,0,0,0,0,-0.22,-1.53,0.962,0,-0.0272,-0.653,0,0.996,0,-1.68,1.25,0,0,1.35,0,0,0,0,0.69,0,1.09,0,0,0,0,-0.941,0,-0.744,0,-1.67,1
0,0,0,0,1.53,0,-0.256,0,0,1.72,0,-1.26,-0.869,-1.49,0.71,0,-1.06,0,1.62,-0.932,0,0,0,0,-1.65,1.07,0,0,0,0,0,-1.39,-1.8,0,-0.71,0,0,0,0,0,-0.562,1.25,0,0,1.47,1.32,0,0,0,0,0,-0.447,0,0,0,0,-1.17,0,0,-1.23,1.53,-1.26,0,0,1
0,0,-0.318,0,0.457,0.622,0.044,0,0,0.478,-0.132,0,0,0,0,0,0,0,0,-0.561,-1.14,0,0,-0.156,-0.583,0.63,0,-0.241,0,0,1.3,0,-1.04,1.1,0,0,0,0.618,0,0,-1.18,0.58,0,-1.03,0,0.365,-1.27,0,0,0,0,0,-0.0139,-0.993,0,1.2,-0.713,0,-1.52,-0.521,1.17,-0.656,0,0,1
0,-1.46,-1.71,0,0,0,0,-1.69,-1.73,0,0,0,-1.47,0,0,0,0,0,0,-1.7,0,1.87,0,-1.56,-1.83,0,0,-1.33,0,0,0,0,0,0,-1.09,0,1.49,0,-1.52,0,0,0,-1.75,0,0,1.43,0,0,0,0,0,0,1.34,-1.82,0,1.87,-1.68,1.12,-1.89,0,1.93,-1.82,0,0,1
1.6,-1.23,0,0,1.61,0,-0.475,-1.55,-1.77,0,0,0,0,-1.67,0.679,0,-1.53,-1.81,0,0,0,1.83,0,-1.24,-1.66,1.35,0,0,0,1.68,0,-0.967,0,0,0,0,1.05,1.54,-0.92,-1.11,0,1.18,0,-1.63,1.65,0,-1.78,1.44,0,-1.38,-1.32,0,0,0,0,1.81,-1.63,0,0,-1.7,0,-1.43,-1.66,-1.64,1
1.43,0,0,0,0,1.3,-0.601,-1.23,-1.79,1.36,0,-1.4,-1.14,-1.32,1.14,0,0,0,1.42,0,-1.86,0,0,-1.69,0,1.24,0,-1.28,-1.75,0,1.57,-1.27,0,0,-1.01,-1.6,0,1.23,-0.732,-1.34,-1.47,0,0,-1.78,1.78,0,-1.72,1.44,0,0,0,0,0.846,0,0,0,0,1.14,0,-1.61,1.84,0,0,-1.81,1
1.34,0,-0.279,0,1.16,0,0,0,-1.53,1.17,0.0145,-0.628,0.118,0,0.598,0,-0.877,-1.53,0,0,-1.31,0,0,0,0,0.599,0,-0.31,-1.48,0,0,-0.936,0,0.675,-0.867,0,0.87,1.09,0,-0.379,0,0.688,-1.43,0,1.42,0.581,-1.35,0,0,0,-1.04,0,0.824,-0.766,0.353,1.65,-0.579,0,0,-0.877,1.28,0,-1.28,-0.86,1
1.74,0,0,1.81,1.71,1.72,0,0,0,0,-1.62,0,0,0,1.35,1.76,0,-1.8,1.7,0,-1.95,0,1.86,-1.79,-1.75,0,1.82,0,0,1.77,0,-1.5,0,1.78,-1.12,-1.79,0,1.75,0,0,-1.89,0,-1.75,-1.85,1.85,0,0,0,0,-1.74,-1.6,0,1.35,-1.84,0,1.91,0,0,0,0,1.96,-1.79,0,-1.83,1
1.41,-0.694,0.51,0,1.36,0.952,0,0,-1.68,0,-0.586,0,0,0,0,0.94,0,0,0,-0.714,0,0,0.952,-1.27,0,0.994,1.03,0,0,0,0,-1.45,-1.72,0,0,0,0,0.529,0.287,-0.615,-0.61,0.768,0,0,0.998,0,0,0,1.53,0,0,-0.736,0,0,0,0,-1.61,1.05,0,-1.46,1.58,-0.423,-1.69,0,1
0,0,0,1.37,1.72,1.61,-0.746,0,-1.64,1.47,-1.11,0,-0.691,0,0,1.4,-1.3,0,1.19,0,0,1.84,0,0,-1.8,0,1.54,0,-1.69,1.5,0,0,-1.55,1.34,0,0,0.833,1.23,0,0,0,0,-1.71,-1.67,0,0,-1.71,1.31,0,0,0,-1.47,0,0,0,1.86,0,1.39,-1.89,0,1.9,-1.45,-1.62,0,1
0,0,0,0,1.35,0,0,0,0,0,-0.918,0,0,0,0.0495,0,-0.979,0,0,0,0,0,0,0,0,0,0,-0.349,0,0,1.33,0,0,0,-0.476,0,0,0.874,0,0,-1.55,0.49,-1.38,-1.45,1.36,0,0,1.14,0,-0.191,0,-1.1,0.748,-1.6,0,1.48,0,0.517,-1.8,0,0,0,0,-1.46,1
1.31,0,-1.25,1.07,1.2,0,-0.919,0,-1.7,1.32,0,0,-1.02,0,0,0,-1.09,-1.61,1.36,-1.55,-1.9,0,0,-1.53,0,1.39,1.1,-0.352,-1.59,0.992,0,0,-1.69,1.57,-0.718,-1.4,0,0,-0.608,-1.12,0,0,-1.42,-1.49,0,0.983,-1.45,1.54,0,0,-1.55,-1.41,0,-1.65,1.23,0,-1.23,0,-1.66,0,0,-1.56,-1.46,0,1
0,0,0,0,1.82,0,0,0,0,1.49,-1.4,0,-1.58,0,1.25,0,-1.66,-1.87,1.67,0,0,0,1.71,0,-1.87,1.72,0,-1.46,-1.86,0,0,0,-1.8,1.68,0,0,0,0,-1.45,-1.72,-1.92,0,0,0,1.8,0,-1.88,1.77,0,0,-1.36,0,1.21,-1.86,0,0,0,1.47,0,-1.8,0,0,0,0,1
1.5,0,0,0,1.57,0,0.136,0,0,0,-0.224,-1.27,0.173,-1.35,0.768,1.12,-0.878,-1.2,0.867,0,0,1.7,1.63,-1.54,-1.83,0,1.26,0.0846,0,1.36,1.54,0,0,0.658,0,0,0,1.19,0,-0.584,0,1.27,0,-1.62,1.28,0.882,0,0.997,1.45,0,0,0,0.923,0,0.784,0,0,0,0,-1.5,1.85,-1.01,-1.25,-1.78,1
1.77,0,-1.34,1.77,1.78,1.65,-0.714,-1.66,0,0,0,-1.51,0,-1.79,0.925,0,-1.58,0,1.78,0,-1.85,0,1.78,-1.59,-1.78,0,0,-1.32,-1.83,0,1.84,0,0,1.7,-1.24,0,1.39,1.73,0,0,0,0,0,-1.74,0,0,-1.86,1.74,1.79,0,0,-1.36,0,-1.82,1.51,1.85,0,0,0,0,0,0,-1.8,0,1
0,-1.37,0,-0.0469,1.62,1.21,0.221,0,-1.79,0,0,-0.98,0,0,0,0.994,-1.26,0,1.35,0,0,1.8,1.38,-1.33,-1.68,1.01,1.46,-0.867,0,1.41,0,-1.31,-1.73,0,-0.935,0,0,0,0,0,-0.836,1.39,0,-1.69,1.43,0,-1.7,1.54,0,-0.426,0,-0.807,1.05,0,1.41,0,0,0,0,-1.41,0,-0.924,0,-1.74,1
1.65,-0.86,0,0,0,1.24,0.177,-0.715,-1.74,0,0,0,0,-1.12,0.311,0.868,0,-1.38,0,0,-1.58,1.77,1.26,0,0,0.36,1.41,-0.669,-1.53,0,0,0,0,0.521,0,0,0,0,-0.122,0,0,0.632,0,0,0,0.509,-1.62,0,1.68,-0.0114,0,0,0,-1.62,0,0,0,1.16,-1.71,0,1.55,-1.45,0,-1.65,1
0,0,-1.33,0,1.58,1.57,0,0,0,1.3,0,0,-1.18,0,0,0,-1.64,-1.53,0,0,-1.9,0,0,-1.72,-1.68,0,0,0,-1.78,1.62,1.68,0,-1.76,0,-0.954,0,0,1.47,-0.975,-1.25,0,0,-1.69,0,0,0,0,1.51,0,0,-1.7,-1.31,0,-1.75,1.55,1.83,0,0,0,-1.68,0,-1.54,0,0,1
0,0,0,1.34,0,0,0,-1.72,-1.66,0,0,0,-1.24,-1.6,0,0,-1.44,0,1.54,0,0,0,1.65,0,-1.81,1.3,1.58,-0.925,-1.61,1.62,1.5,-1.16,-1.63,0,0,0,1.37,1.36,0,-1.11,0,0,0,0,1.83,0,-1.87,1.41,1.39,-1.45,-1.45,-1.47,0.914,0,0,1.9,-1.68,0,-1.89,0,0,-1.73,-1.54,0,1
1.24,-1.09,-0.616,0,1.69,1.72,-0.365,0,0,1.45,0,-1.22,-0.905,-1.51,0,1.48,-1.55,-1.56,1.18,-1.35,0,0,1.54,0,0,0,1.3,0,-1.82,0,1.79,0,-1.78,1.4,-1.14,0,0,1.21,0,-0.949,-1.72,0,0,0,0,1.15,-1.81,1.54,1.69,-1.25,-1.48,0,0,-1.75,1.23,1.78,-1.62,0,0,-1.79,1.88,-1.34,0,-1.79,1
1.69,-1.53,0,0,0,1.68,0,-1.69,0,0,-1.37,-1.53,-1.57,0,0,1.64,0,0,0,0,-1.88,1.84,1.7,-1.73,0,0,1.73,-1.43,0,0,1.78,-1.49,-1.83,0,0,0,1.53,0,-1.03,0,0,1.45,0,-1.8,1.9,0,0,1.69,0,0,-1.67,0,1.03,-1.85,0,0,-1.77,1.43,-1.82,0,0,0,0,0,1
1.65,-1.08,0,0,1.67,1.42,0,-1.2,-1.64,1.3,-0.92,0,0,0,0.523,0,0,0,1.42,0,0,1.72,0,0,-1.84,0,0,-1.03,-1.7,1.28,1.47,-1.28,-1.54,0,0,0,1.24,1.51,0,-0.964,-1.72,0,-1.61,-1.52,0,0.921,-1.67,0.82,0,0,-1.26,0,0,0,1.16,1.79,-1.64,1.2,-1.92,0,0,0,-1.59,0,1
0,0,0,0,0,0,-1.49,-1.91,-1.93,0,0,0,0,0,0,1.9,-1.87,0,0,0,-1.97,0,1.9,-1.91,0,1.83,1.88,0,0,1.87,1.89,0,-1.93,0,-1.54,-1.91,0,0,0,0,-1.9,0,-1.88,-1.92,1.96,0,-1.95,0,0,-1.82,0,-1.71,0,-1.94,0,0,0,1.7,0,0,1.98,0,-1.91,-1.93,1
1.68,0,0,-0.649,1.38,1.02,0.341,-0.323,0,0,-0.484,0,0,0,-0.0726,0,0,-0.665,0,0,0,0,0,-1.2,-1.66,-0.122,0,-0.203,-1.65,0.936,0,-0.978,-1.69,0,0,-1.37,0,0,0,0,-0.501,0,0,0,0.654,0,0,0,1.68,0.323,0,-0.579,0,-1.49,0,1.5,-1.13,0.939,0,-1.21,1.44,-0.315,-1.55,-1.55,1
0,0,0,0,0,1.7,-1.04,0,0,0,-1.46,0,0,-1.6,0,1.5,0,0,0,0,-1.9,0,1.7,0,-1.74,0,1.72,0,0,0,1.78,0,0,0,0,0,1.36,0,-1.29,0,0,0,0,0,1.8,1.59,-1.83,1.66,1.32,0,-1.5,0,0.85,0,1.36,0,0,0,0,-1.74,0,-1.75,0,-1.85,1
0,-0.957,0.304,-0.318,0,0,0,-0.536,-1.81,1.67,0,0,0,0,0.724,0,0,0,0,0,0,1.84,0,0,-1.61,0,1.35,-0.777,-1.47,1.05,0,-1.08,-1.79,0.738,0,0,1.13,0,0,-0.764,0,0,0,0,0,0,-1.49,0,0,-0.485,-1.48,-0.517,0.959,-1.55,1.06,1.59,-1.46,1.12,-1.7,-1.29,0,0,-1.54,-1.75,1
1.57,0,0,0,0,1.26,0,0,0,1.58,0,0,0,0,0,0,0,0,0,-0.986,-1.42,0,0,-1,0,0,0,-0.116,-1.68,0,0,0,0,0,-0.213,-1.55,0,0.898,-0.0432,0,-1.4,0.852,-1.57,-1.59,1.43,0,-1.7,1.29,0,0,0,-0.863,0,-1.72,0.564,0,0,0.478,0,0,0,-1.07,0,-1.38,1
1.65,-1.62,0,0,0,0,0,0,-1.84,0,-1.63,0,0,0,0,0,0,0,1.68,-1.74,-1.9,0,0,0,-1.84,1.64,1.73,0,0,0,1.71,0,0,0,-1.48,0,0,0,0,-1.36,0,1.47,0,-1.88,0,0,-1.87,0,0,-1.66,0,-1.59,0,-1.8,1.39,1.87,-1.82,0,-1.84,0,0,-1.56,-1.86,-1.84,1
0,0,0,0,1.78,1.73,0,-1.81,0,1.41,-1.55,0,-1.64,0,0,1.7,0,-1.88,0,-1.79,-1.93,0,0,0,0,0,1.82,0,-1.85,1.82,1.87,-1.47,-1.88,0,-1.46,0,0,1.73,0,0,-1.92,1.51,-1.81,0,1.89,1.65,0,0,1.77,0,-1.65,-1.61,1.32,-1.88,0,1.91,-1.78,1.52,-1.88,-1.86,1.93,-1.77,0,-1.87,1
1.82,0,-1.48,1.51,1.83,1.8,-0.772,0,-1.9,0,0,0,-1.69,-1.78,1.49,0,0,-1.93,0,0,0,1.9,0,0,0,0,0,0,-1.88,1.82,1.78,0,-1.86,1.64,0,0,0,1.75,0,-1.68,-1.88,0,-1.85,0,1.93,0,-1.86,0,0,-1.66,0,-1.79,0,0,1.49,1.93,-1.84,1.62,-1.93,-1.89,1.95,-1.86,0,-1.89,1
0,0,-1.16,0,0.956,0,0,0,0,0.922,-1.19,0,-0.984,0,0.357,0,0,0,1.26,-1.24,-1.7,1.73,1.31,0,-1.35,1.08,1.08,0,-1.48,0,1.47,0,-1.57,1.33,0,-1.56,0,1.27,0,-1.45,-1.48,0.833,-1.06,0,0,0,-1.63,0,0,0,0,-0.813,0.415,0,1.12,1.61,0,0,0,-1.59,0,-1.38,-1.39,-0.853,1
1.05,0,-0.383,0,1.13,0,0,0,-1.31,0,0,0,-0.0575,0,0,0.302,0,-1.49,0.569,-0.832,0,0,0,-0.782,0,0.626,0,-0.125,-1.32,0.852,0,-1.12,-1.43,1.15,0.164,-0.891,0.523,0,-0.0959,0,-1.21,0.127,-1.16,0,0.936,0,-0.564,0.955,0,-0.305,0,0,-0.551,0,0,0,-1,0.489,-1.46,-1.16,0,-0.672,-0.713,0,1
1.67,0,-1.55,0,0,0,0,0,-1.87,0,-1.55,-1.56,-1.63,-1.73,1.58,1.68,-1.74,-1.81,1.73,-1.77,-1.9,0,0,0,-1.86,1.69,0,0,-1.83,0,0,-1.54,0,1.61,0,-1.75,0,0,0,-1.56,0,1.23,0,0,1.91,1.62,0,1.76,1.84,-1.69,-1.77,0,1.13,0,0,0,-1.84,1.41,0,0,1.92,0,-1.81,0,1
1.46,0,0,0,1.43,1.35,0,0,-1.67,1.18,-0.708,0,-0.956,-1.32,0,0,-1.35,-1.54,0,0,0,0,1.48,0,0,1.26,1.47,0,-1.71,0,1.67,0,-1.75,0.934,-0.938,-1.68,0,0,0,0,0,0,-1.66,-1.62,1.7,0.803,0,0,1.34,0,-1.32,-1.15,0,-1.8,1.33,1.81,0,0,-1.83,-1.45,0,-1.51,0,-1.64,1
1.4,-1.09,0,0,0,1.56,-0.908,-1.2,-1.74,1.37,0,-1.43,0,0,0,0,0,-1.74,1.35,-1.46,0,1.63,0,-1.63,0,0,1.26,-1.29,0,0,0,0,-1.71,0,0,0,0,0,-0.951,-1.32,-1.65,0,0,0,1.82,1.56,0,0,1.63,-1.19,0,0,0,0,1.17,1.8,0,1.24,0,0,0,-1.13,-1.34,0,1
1.76,0,0,0,0,1.69,-1.23,-1.81,0,0,-1.55,0,-1.68,0,1.61,0,-1.72,-1.9,1.63,0,-1.93,0,0,0,-1.86,1.72,0,0,-1.88,0,0,0,-1.86,1.64,-1.31,-1.76,0,1.74,-1.2,0,-1.9,1.53,0,0,0,0,0,0,0,-1.71,0,-1.66,0,0,1.44,0,0,0,0,-1.84,1.94,0,-1.84,-1.91,1
0,0,0.537,-0.282,0,0,0.533,0.102,-0.364,-0.296,0,0,0,-0.288,-0.446,0,0,-0.929,0.325,0,-0.922,0.666,-0.201,0,0,-0.0634,0.0812,0.254,0,0,0.216,-0.407,-0.104,0.0759,-0.159,-0.577,0,0,0,0.724,0,-0.132,-0.538,0.353,0,0,0.183,0.209,-0.207,0,0,0,-0.32,0,0.0465,0,0,0,-1.3,0,0,0,0,0,1
0,0,0,0,0,1.29,0,0,0,0,0,-0.949,0,0,0,1.32,-0.425,-1.53,0,-0.823,-1.73,0,0,-1.34,-1.74,1.24,0,0,-1.7,0,0,0,0,0,0,-1.58,0,0,0,-0.395,0,0,0,-1.49,0.874,0.283,-1.7,0,0,0,-0.668,0,1.02,0,0,0,-0.678,-0.212,0,-1.32,1.88,0,0,-1.04,1
0.982,-0.833,0,0,0,0,-0.458,0,-1.49,0.905,-0.882,0,-0.296,-0.25,0.554,0,0,-0.564,1.17,-1.07,-1.49,0,0,-0.797,0,0.704,0,-0.378,-1.49,0,0,-0.293,-1.6,0,-0.279,-1.24,0.342,0,0,0,-1.33,0,-0.787,-1.68,0.735,-0.109,-1.48,1.04,0.583,0,-0.814,0,0.0392,-1.22,0.48,1.26,-1.38,0,-1.36,-1.03,1.62,-0.595,0,0,1
1.13,0,0,0,0.874,0.875,0,-0.519,0,0.66,0,0,-0.69,-0.556,0,1.11,0,-1.11,0,0,0,1.57,1.16,0,0,0.747,0,0,-1.27,0.186,0,-0.679,0,1.14,0,0,0.661,0.69,-0.503,0,-1.05,0,-1.28,0,0.876,0,0,0.798,0,-1.02,-0.892,0,-0.0295,-1.21,0.887,1.12,-1.04,0,0,-1.2,0,-0.788,0,0,1
1.79,0,0,1.76,1.85,0,-1.21,0,-1.86,1.54,0,-1.65,-1.63,-1.76,1.58,1.76,0,-1.9,0,0,-1.92,1.87,1.82,-1.82,0,1.71,1.86,-1.49,-1.87,0,0,0,0,0,0,-1.84,0,1.67,-1.46,-1.71,0,1.46,-1.88,-1.88,1.91,1.5,0,1.77,1.77,-1.77,0,0,1.13,0,1.64,1.9,-1.81,0,0,0,0,0,0,-1.9,1
1.42,0,0,0.516,1.21,0.913,0.454,0,-1.69,0,-0.592,0,-1.15,-1.33,0,0,-1.06,0,1.54,0,-1.7,0,1.24,-1.31,0,0,0.943,-0.52,0,0,1.14,0,-1.71,1.23,-0.151,-1.63,0.758,1.01,-0.55,0,0,0.691,-1.52,0,0,0,-1.53,1.12,0,0,0,-0.905,0,0,0,1.59,-1.42,0.701,0,0,0,-1.26,0,0,1
0,0,1.86,-1.86,-1.26,0,1.77,0,0,0,0,1.53,0,0,-1.83,-1.85,0,1.8,-1.51,0,0,-1.52,0,0,0,-1.78,-1.68,1.76,0,0,0,1.61,0,0,0,1.5,-1.65,-1.55,0,1.93,0,-1.75,1.17,0,0,0,1.15,0,-1.35,0,0,0,-1.13,1.71,0,-1.69,0,0,0.158,1.8,-1.39,0,1.56,1.48,0
-1.5,1.71,1.94,-1.96,-1.68,-1.81,1.92,0,1.5,0,0,0,1.98,0,-1.93,0,0,0,-1.76,1.77,0,0,0,1.89,0,0,-1.77,0,1.75,-1.92,0,0,1.59,0,0,1.69,0,0,1.96,1.97,0,-1.91,1.5,0,0,0,0,-1.82,-1.68,0,0,0,0,1.86,0,0,0,0,0,1.91,0,1.81,1.79,0,0
0,0,1.88,0,0,-1.55,0,0,0,-1.16,1.71,0,0,0,0,0,1.82,1.6,-1.67,1.84,0,-1.69,0,0,1.58,0,0,1.73,1.51,-1.87,-1.78,0,0,-1.65,0,0,-1.68,0,1.77,1.94,0,0,0,0,0,-1.79,0,-1.71,-1.42,0,1.61,1.72,-1.51,0,-1.7,-1.56,1.7,-1.75,0,1.74,-1.45,1.54,1.75,0,0
0,0.484,1.36,-1.32,0,0,1.3,1.24,0.879,-0.712,0.568,1.25,1.36,1.19,-1.24,-1.28,1.42,0,0,0,0,-0.858,-0.905,1.04,0,0,0,0,0.816,0,-1.31,0,0,-1.08,1.52,0.366,0,-1.29,0,1.58,0,0,0,0.428,0,-1.15,0,-1.07,0,0,0,0.601,0,0,-0.808,0,0.795,-1.24,-0.11,0,-0.664,1.06,0.74,0.548,0
-1.6,1.53,0,-1.78,0,0,1.76,0,1.63,0,1.6,1.68,1.84,1.81,0,-1.68,0,0,0,0,0,0,-1.45,0,0,-1.67,-1.51,0,0,-1.75,0,0,1.58,-1.26,0,0,0,0,1.78,0,1.71,-1.63,1.12,1.49,-1.71,-1.75,0,0,-1.47,0,0,0,0,0,-1.65,-1.55,0,-1.55,0,0,-1.79,1.52,1.62,0,0
0,0,1.78,-1.87,0,0,1.72,0,0,-1.53,1.44,1.39,0,0,-1.84,-1.7,1.64,0,0,0,1.39,0.0256,-1.19,0,0.732,-1.68,0,0,0,-1.58,-1.48,0,1.09,0,1.89,0,-1.52,0,0,1.88,1.22,-1.7,0.723,0,0,-1.8,0.176,-1.1,0,0,0,0,0,0,0,-1.25,1.48,0,-0.398,0,0,1.56,1.23,0,0
-1.23,1.62,1.94,-1.95,0,0,0,0,0,-1.67,0,1.76,0,1.51,0,-1.86,0,1.61,-1.73,1.75,0,-1.27,-1.67,0,1.1,-1.81,0,1.9,1.43,-1.88,-1.73,1.66,1.77,0,1.81,1.46,-1.83,-1.72,1.81,1.96,1.75,0,1.25,1.77,0,-1.92,1.57,0,0,1.98,1.72,1.84,0,1.84,-1.62,0,1.64,0,-0.359,0,0,0,1.86,0,0
-0.753,0.622,1.35,-1.51,-0.644,0,1.49,1.54,0,0,1.09,0,0,0,-1.6,0,0,0.243,0,0.96,0,0,-1.22,0,0.66,0,0,0,0,0,0,0.4,0,-0.253,0.956,0.871,-0.871,0,1.3,1.33,0,0,0,0.876,-1.06,0,0,-0.253,-0.983,0,0,0,-1.3,0,-1.16,0,0.809,-1.21,0,0,-0.764,0.647,0.833,0,0
0,1.64,1.95,-1.91,-1.54,0,0,0,0,-1.7,0,1.79,0,1.55,-1.93,-1.93,1.8,1.81,0,1.76,1.75,0,0,0,0,-1.88,-1.82,1.93,0,0,0,0,1.24,0,0,0,0,0,1.89,0,0,0,1.46,1.69,0,-1.87,0,0,0,0,0,1.65,0,0,-1.64,0,1.72,0,0,0,0,1.62,1.83,1.57,0
0,0,0,0,-1.56,-1.33,0,1.7,0,-0.42,0,0,0,0,-1.68,0,0,0,-1.34,0,0,0,-1.78,0,0,-1.7,0,1.66,1.22,0,-1.27,0,1.37,0,1.64,0,-1.33,0,0,0,1.78,0,0,0.654,0,-1.62,0,0,0,0,0,0,0,0,-1.63,-1.33,1.69,0,0.93,1.6,-1.54,0,0,0,0
-1.6,0,1.76,0,-1.49,-1.32,1.77,1.78,0,0,0,1.46,1.83,0,0,0,0,0,-1.49,1.71,0,-1.54,0,1.56,1.2,-1.75,-1.5,0,1.39,-1.78,-1.38,0,1.47,0,0,1.5,-1.52,-1.67,1.78,1.8,1.85,0,0.968,0,-1.77,0,1.62,0,0,1.88,1.25,0,0,1.45,-1.69,-1.37,1.81,-1.43,1.33,1.57,-1.66,0,0,0,0
-1.67,1.65,1.93,-1.89,-1.45,0,0,1.91,0,-1.65,0,1.76,0,1.54,-1.92,0,0,1.76,0,0,0,-1.41,-1.54,1.82,1.56,0,-1.89,0,0,-1.92,0,1.76,1.71,0,0,0,0,0,1.88,1.95,0,-1.96,0,1.73,0,0,1.35,0,-1.64,1.98,0,0,0,0,0,-1.71,0,-1.89,0,0,-1.41,0,1.7,1.58,0
-1.42,0,0,0,0,-1.36,1.8,1.8,1.55,-0.771,1.68,1.53,0,1.74,-1.74,-1.74,1.76,0,-1.48,1.68,0,-1.38,0,1.55,0,-1.82,-1.68,0,0,0,0,1.67,0,-1.61,0,1.42,0,-1.55,0,0,1.85,0,0,0,-1.84,-1.71,0,-1.48,0,1.88,1.51,0,-1.53,1.5,0,0,1.8,0,1.34,0,0,0,1.65,1.47,0
-1.44,0,0,0,-1.5,-1.45,0,1.71,0,0,0,0,0,0,-1.7,-1.69,1.71,1.45,-1.66,0,0,0,0,1.64,1.32,0,0,1.57,0,0,0,0,0,-1.17,0,0,0,-1.54,1.69,1.68,0,-1.72,0,1.3,-1.43,-1.65,1.22,-1.33,0,1.77,0,0,0,0,-1.62,-1.46,0,-1.73,1.14,1.68,0,0,1.27,0,0
-1.25,0,1.48,0,0,-1.33,1.48,0,1.38,0,0,0,0,1.25,0,0,1.51,0,0,0,0,0,-1.5,1.37,0.711,-1.52,-1.4,1.12,0.73,0,0,0,1.33,0,1.39,0,-1.48,0,0,0,1.66,0,0,0.645,0,-1.44,1.54,0,0,1.71,0,0,0,1.14,0,0,1.16,0,0,0,-1.5,0,0,0,0
0,0,0,-1.93,0,0,1.84,1.9,1.58,0,0,1.76,1.95,0,0,-1.91,0,0,-1.48,1.72,1.83,-1.34,-1.67,1.83,1.52,0,0,0,1.39,-1.91,0,1.85,0,-1.8,1.83,0,-1.85,-1.71,1.85,1.97,0,0,0,1.58,0,-1.93,0,0,0,0,0,0,-1.45,1.73,0,0,1.71,0,0,0,-1.6,0,1.75,0,0
0,1.41,1.83,-1.83,-1.21,0,0,1.69,1.46,-1.21,0,1.5,1.78,1.3,0,-1.71,0,0,0,1.74,1.68,0,0,0,1.3,-1.68,-1.72,1.56,0,-1.72,-1.64,1.37,1.62,0,0,1.47,0,-1.47,0,0,1.72,-1.56,1.46,1.23,-1.59,0,1.54,0,0,1.91,1.14,1.58,-1.17,1.62,-1.43,0,1.36,0,0,1.6,-1.4,1.53,1.49,0,0
0,0,1.83,0,0,0,1.73,1.76,0,-1.49,1.77,1.63,1.92,0,-1.81,0,1.75,1.33,0,1.76,1.62,0,-1.2,1.81,0,-1.74,0,1.85,0.8,0,-1.29,1.31,0,-1.69,0,0,0,0,0,0,1.66,-1.61,1.06,1.65,-1.52,0,0.543,0,-0.984,1.94,0,0,-0.933,0,-1.47,0,1.57,-1.81,0,0,0,0,0,0,0
0,1.52,0,0,0,-1.38,1.79,1.74,0,-1.36,1.63,0,0,1.77,0,0,0,1.4,-1.55,1.57,0,0,0,0,0,0,0,0,0,-1.78,-1.45,1.59,1.64,0,1.73,1.5,0,0,1.64,0,0,0,0,0,0,-1.71,0,-1.49,-1.48,0,0,0,-1.43,0,0,0,1.39,-1.49,0,1.69,-1.73,1.64,1.42,0,0
-0.964,0,0,0,0,0,1.56,0,1.24,-0.75,1.45,0,1.77,1.12,-1.65,0,1.58,0,-1.38,1.5,0,0,0,0,0,0,0,1.76,0,0,0,0,0,0,1.57,0,0,-1.43,1.59,1.71,0,-1.67,0.853,0,-1.58,0,1.31,0,0,1.78,0,0,0,0,0,0,0,-1.58,0,0,0,1.5,1.23,0,0
-0.808,0.981,0,-1.59,-0.594,0,1.6,0,1.05,0,0,0,1.84,0,0,-1.56,1.55,1.3,0,0,1.19,0,-1.02,1.45,0,0,-0.929,1.46,0.857,-1.55,0,0,1.17,0,0,0.965,0,-1.14,0,1.85,0,0,0.209,0,0,-1.49,1.13,-1.51,0,1.85,0,0,-1.14,1.28,0,-0.742,0,-1.63,-0.572,0,-0.871,0,1.34,0.89,0
0,1.44,1.55,-1.71,-1.2,0,0,0,1.61,0,0,1.73,0,0,-1.71,0,1.72,1.48,-1.52,0,1.39,-1.4,0,0,1.18,-1.68,-1.51,1.55,0,-1.66,0,0,0,-1.32,0,1.4,-1.55,0,0,1.8,0,0,0,0,0,-1.75,0,0,0,1.82,0,1.63,0,1.55,-1.56,0,1.52,0,0,0,0,1.54,1.3,0,0
0,0,0,-1.93,-1.38,0,1.85,1.89,1.62,-1.67,0,1.65,0,1.72,0,-1.92,0,0,0,0,0,-1.67,-1.55,1.63,0,-1.76,0,1.88,0,0,-1.78,0,0,-1.82,1.83,0,-1.8,-1.63,1.69,0,1.81,0,0,1.55,-1.83,0,0,-1.73,0,0,1.69,1.64,0,0,0,0,1.47,0,0,0,-1.7,0,1.6,1.69,0
0,0,0,-1.95,-1.74,-1.71,0,1.87,1.57,-1.71,0,1.88,1.96,1.79,0,-1.94,1.76,0,0,1.69,1.81,0,0,0,1.53,-1.86,-1.72,1.94,0,-1.89,-1.82,0,1.71,0,1.86,1.62,-1.71,-1.72,0,0,0,0,1.22,1.68,-1.78,0,1.6,-1.73,0,1.97,0,1.82,-1.64,1.86,0,-1.69,0,0,0,0,0,1.5,1.73,1.66,0
0,0,0,-1.76,0,-1.42,1.56,0,1.36,0,0,0,1.82,1.68,-1.62,-1.66,1.75,1.3,0,1.51,0,-1.21,0,0,1.24,-1.7,-1.5,0,0,-1.72,0,0,1.42,-1.38,1.6,1.4,-1.57,0,1.67,0,1.51,0,1.12,1.26,0,-1.72,0,-1.33,-1.42,0,0,1.51,-1.59,1.64,0,0,1.34,-1.53,0,0,0,0,0,0,0
0,1.78,1.93,0,0,-1.53,0,1.88,0,-1.65,0,0,1.95,0,0,-1.89,0,1.83,-1.54,1.86,0,-1.69,0,0,0,0,-1.86,0,0,-1.91,0,1.78,1.27,0,1.77,0,-1.85,-1.83,1.92,1.95,0,0,1.36,1.38,0,0,1.74,0,0,1.97,0,0,0,1.61,-1.7,-1.72,0,0,0,1.82,-1.7,0,1.75,1.36,0
-0.883,0,1.7,0,-1.04,-1.08,0,1.75,0.979,-1.17,0,1.37,0,0,-1.7,-1.73,1.66,1.27,-1.27,1.43,0,0,0,0,0,0,0,0,0,-1.66,0,0,0,0,1.51,1.15,-1.37,0,1.65,1.79,1.14,0,0,1.29,0,-1.46,1.28,-1.03,-0.942,1.86,1.13,0,-1.32,0,-1.2,0,0,0,0.158,1.62,0,0,0,0,0
-0.135,0.331,0,0,-0.771,0,1.41,0,0,-0.291,0,0.665,0,0.357,0,0,1.17,0.452,-0.661,0,0,0.23,0,0.785,1.14,-1.13,0,0,-0.106,-1.25,-0.131,0,0,-0.721,0,0,-0.523,0,0,0,0,0,0,0.975,0,0,-0.574,-0.693,-0.796,1.58,0,0,-1.11,0,0,0,0.827,-1.28,0,1.3,0,0,1.09,0.478,0
-1.52,1.4,1.58,-1.72,-1.62,-1.56,0,1.69,0,-1.23,0,1.64,1.87,0,-1.59,0,0,0,0,0,1.35,0,-1.61,0,0,-1.68,-1.5,1.64,1.14,0,0,1.56,0,-1.21,0,1.35,-1.59,-1.59,1.59,0,0,0,0,1.35,0,0,0,0,0,1.8,0,1.63,0,1.51,-1.55,-1.33,0,0,0,1.61,-1.77,0,1.3,0,0
0,0.681,0.961,0,0,0.149,1.29,0,0,0.802,0.00383,0,0,0,-0.941,0,0.809,0,0,0.559,0,0,0,0,0,0,0,1.03,0,0,0,0.456,-0.641,0,0,-0.501,-0.482,0,0,0,1.23,0,0.247,0,0,0,0,0,0,0,0,0,-0.57,0,0,-0.312,0,0,-0.296,0,0,0.0459,-0.518,0,0
-1.85,1.77,1.94,0,0,-1.74,0,0,0,-1.76,0,1.86,1.96,0,-1.93,-1.95,1.9,1.73,-1.84,0,1.86,0,-1.66,0,1.49,0,-1.81,1.93,0,-1.94,-1.77,1.84,1.77,-1.73,1.91,1.79,-1.83,0,1.93,1.96,0,-1.93,1.32,0,-1.88,-1.93,0,0,-1.82,0,1.74,1.82,0,0,0,0,0,-1.84,1.07,1.9,-1.77,0,0,0,0
0,0,1.85,0,0,0,0,0,0,0,1.7,0,1.91,1.62,0,0,0,1.7,0,1.73,0,-1.02,-1.32,1.41,0,-1.87,0,0,0.909,0,-1.67,1.72,0,0,1.75,0,-1.73,0,1.86,1.9,1.71,0,1.18,0.981,-1.8,0,1.33,0,0,0,0,1.73,0,1.32,-1.54,0,1.33,0,0,0,-1.43,0,0,1.08,0
-1.68,0,0,0,0,-1.45,0,0,0,0,1.57,1.04,1.57,1.54,0,0,1.74,0,0,1.15,0.501,-0.431,0,1.48,0.656,0,-1.22,1.49,0.00701,0,-0.413,0,0,-1.13,1.79,1.08,-1.68,-1.23,0,0,0,0,0,0.82,-1.54,-1.63,0,-0.707,-1.2,1.74,1.42,0,-1.62,0,-1.08,-0.905,0.88,-1.38,0,1.61,0,1.38,0,1.13,0
-1.58,0,0,0,0,0,1.69,0,1.54,-1.3,1.68,1.74,1.81,0,0,-1.74,0,1.67,0,0,1.63,-1.31,-1.41,1.78,0,0,-1.58,0,1.62,0,-1.73,1.59,0,-1.56,0,0,0,-1.68,0,1.88,0,0,0,0,0,-1.82,1.73,0,-1.54,0,1.39,0,0,0,0,-1.7,0,0,1.29,0,0,1.6,0,0,0
0,0.973,1.61,-1.45,-0.826,-0.75,1.56,1.47,0.277,-0.265,0,0,1.77,0,-1.48,0,1.2,0,-0.594,0,0,0,0,0,0,-1.37,0,0,-0.0159,-1.54,0,0,0,0,1.6,0,-0.781,0,0,0,0,0,0,0,-1.09,-1.51,0.79,0,-1.29,1.42,0.575,1.41,-1.18,0,0,0,0,-1.48,-0.0989,1.11,0,0,0,0,0
-1.62,1.66,0,-1.87,-1.53,0,1.67,0,0,-1.18,1.71,0,1.88,0,0,-1.7,0,1.61,-1.54,1.78,0,-1.54,-1.66,0,1.16,-1.77,0,0,0,-1.86,-1.73,1.4,1.56,-1.6,0,1.59,0,-1.66,0,1.89,0,0,1.43,1.33,-1.83,0,1.85,-1.39,0,0,1.27,1.59,-1.42,1.64,-1.72,0,1.66,-1.55,1.31,0,0,1.73,1.52,0,0
0,1.34,1.73,0,0,-1.32,0,1.77,0,-1.25,0,1.42,1.82,0,0,-1.78,1.72,1.15,0,1.49,1.01,0,0,0,0.901,-1.65,0,0,0.931,0,-1.34,0,1.38,0,1.77,1.05,-1.16,0,1.7,0,0,-1.78,0,0,-1.54,0,1.21,0,-1.62,1.88,0,1.35,-1.38,0,-1.24,0,0,0,0.562,1.76,0,1.47,0,1.23,0
-0.973,0,1.37,-1.37,-0.674,-0.919,1.35,1.38,0,-0.93,1.37,0,1.46,1.15,0,0,0,0.67,0,1.12,0,0,-0.796,1.13,0,0,-1.1,0,1.01,-1.28,0,1,0,-1.12,1.27,0,0,-1.17,1.21,1.48,1.18,0,0,0.887,-1.3,-1.4,1.44,-0.786,-1.09,0,0.799,1.1,-0.715,1.14,-1.06,0,0,0,0.376,0,0,0,0.774,0,0
-1.22,1.11,1.81,-1.92,0,-0.982,0,1.75,1.06,0,0,0,1.77,1.6,0,-1.83,1.56,0,-1.15,1.5,0,0,0,0,0.163,0,0,1.66,0,0,0,0,0.285,0,1.65,0,0,-1.57,1.84,0,0,-1.6,1.02,0,-1.63,0,1.31,0,-1.28,0,0,0,0,0,-1.15,0,0,0,0,0,-1.37,0,1.23,0.718,0
0,1.4,0,0,0,-1.16,1.67,0,0,0,0,1.05,1.9,0,0,0,0,1.78,-1.44,1.4,0,0,-1.31,1.26,0,-1.47,-1.52,0,0,-1.63,-1.11,0,0,0,1.61,0,-1.26,0,1.67,1.89,0,-1.82,0,0,0,0,0,-1.49,-1.05,1.9,0,1.53,0,1.29,-1.43,0,0,0,-1.03,0,-0.405,0,0,1.04,0
0,0,0,-1.87,0,-1.35,0,1.76,-0.129,-1.25,1.72,1.3,0,1.21,0,0,0,1.16,0,0,0,0,0,0,0.163,-1.61,-1.41,0,0,-1.47,-0.904,1.07,1.1,-1.7,0,1.13,-1.33,0,0,1.68,0,0,0,0,-1.4,0,-0.0917,-0.813,-0.692,1.9,0,0,0,1.2,0,-0.496,0,0,0,0,-0.924,1.51,1.1,1.22,0
0,0,0,-1.49,0,0,1.55,1.34,0.688,0.327,0,0,1.85,0.722,-1.57,0,0,0.81,0,0,0.956,0,-0.857,0,0.233,0,0,1.46,0,0,0,0.49,0.174,-1.2,0,0,0,0,0,0,0.742,-1.38,-0.122,0.351,-0.784,-1.41,0,-1.2,-0.0886,0,0,0,0,0,-0.538,-0.719,0,-1.14,-0.869,1.22,0.351,1.14,0.879,0,0
-1.33,1.59,1.85,0,0,0,1.81,0,1.62,0,0,0,0,1.57,0,0,0,0,0,1.79,0,-1.67,0,1.77,0,0,-1.65,0,0,-1.76,0,0,0,-1.64,0,1.5,-1.58,-1.59,0,0,0,0,0,0,-1.78,0,0,-1.44,-1.57,0,1.53,1.7,-1.59,0,-1.58,0,1.82,-1.79,0,1.77,0,0,0,0,0
0,1.48,0,-1.89,-1.29,-1.32,1.82,0,1.26,-1.54,1.74,1.69,1.93,1.56,-1.91,0,1.79,1.71,-1.37,1.72,1.78,-1.19,0,0,1.43,0,0,0,1.57,-1.87,0,1.73,0.891,-1.71,0,1.54,0,-1.6,1.89,1.93,1.6,-1.89,1.32,0,0,0,0,0,-1.63,0,0,1.7,-1.28,0,0,0,1.74,0,0,0,0,1.65,0,1.45,0
0,0,1.88,-1.87,0,0,1.79,0,0.686,-1.53,1.77,0,1.93,1.36,-1.74,-1.87,1.76,1.52,0,1.8,0,0,-1.29,1.76,1.24,0,0,1.9,0.924,0,-1.27,0,1.3,0,0,1.43,-1.66,0,1.81,0,1.66,0,0,1.65,0,0,0,0,-1.17,1.95,1.46,1.78,0,0,-1.45,-0.96,1.79,-1.76,0.99,1.71,0,1.75,1.68,0,0
-1.29,0,1.74,0,-1.05,-0.482,0,0,0,0.147,1.18,0,1.69,0,0,0,0,1.33,-0.779,1.01,0.285,-0.674,-1.24,0,-0.475,-1.24,0,0,-0.0203,-1.78,-1.45,0,-0.385,0,0,0.395,-1.52,-1.47,1.68,1.68,0,0,0.165,-0.588,-1.27,-1.51,0.916,-1.26,-0.81,0,0,1.17,0,0,0,-0.595,0,0,-0.418,0,-0.428,0,0,0,0
-1.06,0.735,1.36,-1.37,0,-1.16,1.39,1.34,0,-0.787,1.2,0,0,1.3,0,0,1.55,0.558,0,0,0,-1.24,0,0,0.42,0,-1.18,0,0,-1.36,0,0.955,1.31,-1.02,1.23,1.04,-1.11,0,1.25,1.52,0,-1.49,0.419,0,0,0,1.46,0,0,1.5,0.789,1.24,0,0,0,0,0,0,0.478,0,0,1.13,0.827,0.94,0
0,0,0,0,0,-1.38,1.71,1.7,0,-0.99,1.49,1.45,0,0,0,-1.52,0,0,0,1.6,1.3,-1.5,0,0,1.03,0,0,1.22,0,0,-1.39,0.769,1.36,0,1.56,0,-1.46,-1.48,0,0,0,0,0,0,0,-1.6,1.55,-1.48,-0.983,0,0,1.52,-1.15,0,0,0,1.3,0,1.05,0,-1.41,1.19,0,0,0
-1.06,1.16,1.86,-1.62,-1.06,-1.43,0,1.89,0,0,0,1.59,1.89,1.58,0,0,0,0,-1.35,0,1.21,-1.14,0,0,1.03,-1.62,-1.34,1.77,0,0,-1.62,1.24,0,0,1.77,1.48,0,0,1.76,0,1.63,0,1.11,1.19,0,-1.78,0,-1.19,-1.54,0,1,0,0,1.51,-1.46,0,1.58,0,0,1.37,-1.61,1.58,0,1.47,0
0,0,1.65,0,-1.4,0,1.72,1.73,1.21,0,0,0,0,0,-1.68,0,0,0,0,0,1.12,-1.21,0,1.29,0.854,-1.66,-1.43,0,1.24,0,-1.53,0,0.612,0,1.39,0,-1.45,-1.57,1.75,0,1.65,-1.42,1.15,0,-1.69,0,0,-1.34,-0.841,0,0.815,1.53,-1.24,0,-1.53,0,1.62,0,0,0,-1.42,1.61,1.37,0.868,0
-0.445,1.22,0,0,-0.742,0,1.7,0,0.299,-1.03,0,0,1.71,0.919,-1.85,0,1.66,0,0,0,0.988,0,-1.2,0.941,-0.425,-1.47,-1.52,0,0,-1.72,-1.13,0,0.301,0,1.59,0.21,0,0,1.75,1.66,1.57,-1.44,0,0.553,0,-1.45,1.01,0,-1.28,1.86,0.717,0,-1.49,0,-0.685,0,0,0,0,1.26,-0.658,0,0,0,0
0,0,1.89,0,0,-1.55,0,0,1.14,0,0,0,1.86,1.55,-1.91,-1.83,1.9,0,-1.24,1.45,0,0,0,0,-0.0392,0,0,1.79,0,-1.88,-1.66,1.49,0,0,0,0,-1.72,0,1.88,0,0,0,0,1.13,0,-1.76,1.25,0,0,1.97,1.35,0,0,0,0,-0.968,0,-1.5,0,0,-1.16,1.34,0,1.27,0
-0.459,0.659,1.15,0,-0.406,-0.75,1.54,1.4,0.583,0,1.39,0.922,0,0,0,-1.13,1.24,0.711,0,0,0.281,0,0,0,0,-1.11,0,0.882,0.205,-0.816,-0.79,0,0.418,-0.398,0,0,0,-0.995,1.33,0,0.964,-1.17,0.343,0,-0.729,-1.04,1.29,-0.319,-0.758,1.55,0.299,1.21,-1.11,0.77,-1.19,0,0,0,-0.122,0,0,0,0.555,0.315,0
0,1.63,1.88,0,0,0,1.82,1.82,0,-1.69,0,1.8,0,0,0,0,0,0,0,1.73,1.5,-1.43,0,1.69,0,0,0,1.91,1.33,-1.75,0,0,1.55,0,0,1.58,-1.68,-1.61,0,0,1.7,-1.87,0.945,0,-1.83,0,1.56,0,-1.67,0,1.45,1.72,0,1.63,0,0,0,-1.84,0.913,1.8,-1.77,1.65,1.6,0,0
0,0,1.55,0,-1.03,-0.885,0,1.72,0.17,0,0,0,1.8,0.962,-1.33,0,0,0.87,-0.843,0,0.437,0,-0.183,0,0.923,-0.992,-0.56,1.54,0.472,0,0,1.06,0,-0.866,0,0.616,0,-1.09,0,1.6,0,-1.26,0,0,-0.925,0,-0.104,-1.07,0,1.63,0.372,0,-0.764,0,0,-1.11,0.976,-1.41,0,1.29,0,0.0448,0,0.148,0
-1.35,0.928,0,-1.52,-1.06,0,0,0,0,0,0,1.39,0,1.44,-1.48,0,1.47,0.843,0,1.03,0,0.213,0,1.07,0.54,0,-1.07,1.05,0.144,-1.02,0,1.48,0.584,0,1.39,0,-1.43,0,1.22,1.33,0,-1.39,0.312,0,0,0,0,-1.24,0,0,0,0,0,0.484,-1.38,0,0,0,0,0,-1.31,0,0,0.577,0
0,0,0,0,0,0,0,1.94,1.44,-1.55,0,0,1.98,1.67,-1.91,-1.91,0,0,0,1.85,1.87,0,-1.64,1.77,1.22,-1.9,-1.88,1.96,0,-1.92,0,0,1.65,0,1.86,1.26,-1.85,-1.76,1.87,0,1.84,0,1.49,1.62,0,0,1.38,0,0,1.99,0,1.75,0,0,0,-1.66,0,0,0,0,0,0,0,1.68,0
-0.436,1.22,0,0,0,0,0,1.6,0.279,0,0,1.01,0,0.831,0,-1.45,1.51,0.922,0,0,0.657,0,0,1.18,0.00707,-1.17,-1.34,1.7,0.0973,0,0,1.1,0,0,0,0.467,0,-0.543,1.66,1.59,1.01,0,0,0.873,-1.04,0,0.224,0,-0.392,1.78,1.34,0,-1.12,1.05,-0.958,0,0,-1.62,0,0.958,-0.478,0,0,0,0
0,0,1.36,-1.49,-0.708,0,0,0,1.22,0,1.5,1.62,1.57,0,0,0,0,0,0,0,0,0,-1.31,0,0,0,0,0,0,-1.36,0,0,1.36,-1.18,1.45,1.29,0,-1.44,0,0,0,-1.2,0.65,0,-1.5,-1.5,1.68,-1.15,0,0,1.24,0,0,0,0,0,0,0,0,0,-1.4,0,1.31,0,0
-1.26,0,0,-1.61,-0.827,-1.07,0,1.37,0,-0.6,1.35,0,0,1.41,-1.57,-1.35,0,1.07,0,1.44,1.32,-1.04,-1.3,0,0,-1.46,0,0,1.11,-1.49,-1.17,0,0,0,0,0,0,-1.41,0,0,1.45,-1.56,0,0.755,0,0,1.54,-1.04,-0.715,0,1.15,1.22,0,1.24,-1.32,-1.32,1.53,-1.28,0.629,0,-1.33,0,0,1.18,0
0,0,0,-1.87,0,0,0,1.9,0,-1.47,0,0,1.93,0,-1.71,-1.78,0,1.69,-1.68,0,0,0,-1.66,1.81,1.21,0,0,1.75,0,0,-1.74,1.67,0,-1.71,0,1.71,0,-1.74,1.8,1.93,1.88,-1.86,0,0,0,0,0,0,0,0,0,0,0,0,-1.75,-1.79,1.81,-1.79,1.38,1.79,-1.85,0,0,0,0
0,1.54,1.8,-1.8,0,0,1.79,1.84,0,-1.33,1.63,1.56,1.89,0,-1.82,0,1.78,1.08,-1.54,1.68,1.23,0,-1.66,1.77,1.3,0,0,0,0.995,0,-1.49,0,1.65,-1.33,1.74,1.26,0,-1.48,0,0,0,-1.74,1.17,0,-1.79,0,0,0,-1.34,1.77,1.35,1.63,-1.79,0,-1.57,0,1.62,-1.54,0,1.66,0,1.53,1.58,1.38,0
-0.689,1.3,0,-1.91,0,-0.83,0,1.76,0,0,1.72,0,0,0,-1.8,0,1.69,0,-0.864,1.56,1.27,-0.154,-1.17,0.775,0,0,-1.46,0,0.0404,-1.64,-1.25,0,0,0,1.59,0.767,0,-1.2,0,0,0,-1.64,0.107,0.432,-1.44,-1.77,0,-1.11,0,0,0,1.71,0,0,-1.32,-0.318,0,-1.25,0,1.45,0,0,1.02,0.75,0
0,0,0,0,-1.46,0,1.72,0,0,0,0,1.7,1.85,0,-1.85,-1.75,0,1.56,-1.65,1.72,1.5,0,-1.58,1.78,1.12,0,-1.65,1.68,0,0,0,0,0,0,1.69,1.42,0,0,1.73,1.82,1.7,0,1.3,0,-1.67,-1.67,0,-1.52,-1.28,0,0,1.57,0,1.69,-1.6,-1.64,1.41,0,0,1.63,-1.7,1.59,0,1.52,0
0,0.29,0,-1.18,-0.0161,-0.0024,1.14,1.64,0,0,1.31,0,0,0.517,0,-1.72,1.24,0,-0.891,1.15,0.974,0,-0.728,0.89,0,-1.27,-1.24,1.63,0,0,0,0,0,0,1.41,0,-0.723,-0.693,0,0,0.272,0,0,0,0,-0.848,0,0,-0.201,0,1.01,0.388,-1.1,0.864,0.0248,-0.855,0,-1.28,0,1.37,0.545,0.971,1.31,0,0
0,0,0,0,-1.65,0,0,0,1.66,-1.54,0,0,1.94,0,-1.65,-1.8,0,0,-1.53,1.76,1.58,-1.27,0,1.84,1.47,0,0,0,1.65,-1.86,0,1.6,1.64,-1.8,0,1.63,0,0,1.87,1.95,0,0,0,1.38,0,0,0,-1.55,-1.72,0,0,1.7,0,1.77,-1.76,-1.78,0,0,0,0,0,1.83,0,0,0
0,1.71,0,0,-1.25,-1.5,1.81,0,0,-1.67,0,1.76,0,0,-1.88,0,1.81,0,0,1.76,0,-1.45,0,0,1.37,-1.8,0,1.92,0,0,-1.64,1.75,0,0,1.82,1.5,0,0,1.91,0,1.68,-1.87,1.45,0,-1.77,-1.92,1.01,-1.65,0,0,1.6,1.68,-1.44,0,-1.38,-1.71,0,0,0.508,1.78,-1.42,1.68,1.61,0,0
-1.71,0,1.95,-1.95,0,0,0,0,0,0,1.93,1.86,1.96,0,-1.93,0,0,1.9,-1.77,1.85,0,0,0,0,1.76,0,0,0,1.65,0,0,1.88,0,-1.88,0,0,-1.82,-1.81,1.92,0,0,-1.89,1.52,0,-1.91,-1.96,1.63,0,-1.81,0,0,0,0,1.82,0,0,1.75,0,1.04,1.93,-1.76,0,0,1.64,0
-1.14,1.48,1.81,0,-1.17,0,1.71,0,0.731,-1.08,1.76,1.48,1.89,1.58,-1.7,0,1.65,1.63,-1.46,0,1.43,-0.844,-1.13,0,0,-1.7,0,0,0.735,0,-1.29,1.66,0.465,0,0,0.92,-1.71,-1.5,1.78,1.86,1.69,-1.8,0,0,-1.6,0,0.75,0,0,0,1.13,1.76,0,0.991,-1.35,-1.04,1.09,0,-0.0752,0,-1.4,1.57,0,0.778,0
-0.238,-0.0419,0,-1.32,-0.327,0,0,0.655,0,0,0.524,0,0,0.399,-0.797,-0.306,0,0,-0.158,0,-0.354,0,0,0.876,-0.428,0,0,0.791,-0.481,0.223,0.574,0,0.214,0,1.01,0,-0.103,0.0461,0.958,0,-0.112,-0.55,0,-0.0388,0.222,-0.171,0,0,-0.0752,0.714,0,0.0182,-0.978,-0.372,0.0387,0.661,-0.00772,0,-1.26,0.823,0.818,-0.335,0,-0.729,0
-0.8,0,1.51,-1.64,0,-0.768,0,1.44,0.378,0.213,1.55,0,0,0,0,-1.26,0,0,-0.572,0,0,0,-1.49,0.998,0.837,0,-0.785,0,0.405,-1.23,-1.1,0,0.233,0,0,0,-1,-0.892,1.45,1.55,0,0,0,-0.0226,0,0,0.514,0,0,1.74,0,0,-1.05,0.756,-0.786,0,1.08,-1.24,0,0,0.243,0,0,0.338,0
0,0,0,-1.92,-1.25,-1.02,0,0,0,0,0,1.55,0,0,-1.77,0,1.76,1.71,-0.947,1.82,1.24,-0.568,0,0,-0.607,-1.77,0,1.88,0.477,0,-1.46,1.68,0.621,-1.65,0,0.851,-1.66,0,0,1.87,1.66,-1.86,0.843,0,0,-1.86,0.872,0,0,1.96,0,0,-1.31,0,0,-0.667,1.36,0,0,1.49,-1.45,1.64,0,0,0
0,0,0,0,0,0,1.66,1.57,1.29,0,0,1.07,1.7,0,-1.59,-1.55,0,0,-1.18,1.53,0,-1.12,-1.67,1.36,0.694,-1.53,0,0,1.14,0,-1.43,1.29,0.782,0,0,0.968,-1.25,0,1.71,1.73,1.66,0,0,0,-1.62,-1.55,1.52,-1.18,0,0,0.411,0,0,1.11,0,0,1.65,0,0,0,0,0,0,0,0
-1.43,0,0,0,0,-1.45,0,0,0,0,1.78,0,0,0,-1.88,-1.88,1.84,0,-1.63,1.27,0,0,0,1.41,0.953,0,-1.59,1.76,1,-1.81,-1.4,0,0,-1.62,0,1.27,-1.73,-1.55,1.75,0,1.78,-1.9,0.868,0,0,-1.84,1.19,0,-1.53,0,1.56,1.76,-1.44,1.58,-1.5,-1.43,0,0,0.667,0,0,1.39,1.5,1.12,0
0,0,0,-1.45,0,-0.82,0,1.62,1.03,-1.09,1.33,0,0,0,0,-1.62,0,0.446,-1.23,1.09,0.674,-1.14,-1.06,1.31,0,-1.53,0,0,0.802,-1.67,0,0,1.23,-1.06,1.66,0,0,-0.928,1.61,1.67,1.03,0,0,1.26,-1.16,0,0,-1.23,-1.64,0,0.766,0,0,0,0,0,0,0,-0.105,0,0,0,1.37,0,0
-0.97,1.55,0,0,0,0,1.79,1.76,0.872,0,0,0,1.81,1.37,0,0,0,0,0,1.65,0,0,-0.981,1.07,0.329,-1.34,-1.6,0,0.968,-1.72,-1.42,1.38,0,-1.48,0,0.992,0,-1.28,0,1.87,1.76,0,0.979,0.387,0,-1.83,0,0,-1.35,0,0,1.52,-1.47,0,-1.43,0,0,-1.47,0,1.48,-1.43,1.65,0,0,0
-1.3,1.23,1.81,0,-1.32,-1.15,1.75,1.68,0,0,0,1.58,1.83,1.41,0,-1.67,1.67,0,0,1.46,0,-1.66,-1.38,1.09,0,0,-1.57,1.71,0,-1.78,0,1.35,0,-1.32,0,1.11,0,0,1.57,0,0,0,0,0,0,0,1.12,-1.55,-1.23,0,0,0,-1.42,0,0,-1.47,0,0,0.265,1.49,0,0,0,0,0
0,0.00106,1,0,-0.594,0,0,0.853,0,0,1.14,0,1.13,0,0,-0.306,0,0,0,0.348,0,0,-0.445,0.64,0,-0.932,0,1.02,-0.446,0,0.665,1.06,0,0,1.12,0,0,-0.252,0,0.845,0.0338,-1.06,0,0,0,0,0,-0.421,0,0,0,0,0,-0.114,0,0,0.951,0,-1.14,0,0,0,0.273,0.125,0
-1.28,1.51,0,0,0,0,0,1.86,0,-1.43,1.76,1.51,1.9,1.48,0,0,1.8,0,-1.5,1.72,1.69,-1.2,-1.25,0,0,-1.73,-1.6,1.8,1.31,0,0,1.41,0,-1.71,1.83,1.28,-1.72,0,0,0,1.54,-1.81,0.929,0,-1.52,0,1.06,-1.34,-1.3,0,1.59,1.61,-1.2,0,-1.31,-1.47,0,-1.74,0,1.8,-1.17,1.75,1.72,0,0
-0.883,1.31,1.78,-1.94,-0.875,0,1.64,0,0,0,0,0,0,0,0,-1.62,1.73,0,0,0,0,0.197,0,1.65,0.668,0,-1.41,0,0,0,0,0,1.45,-1.72,1.74,1.15,-1.6,-0.846,0,0,1.66,-1.79,0,1.37,0,0,-0.309,0,-0.459,1.93,1.54,0,-1.21,0,0,-0.272,0,-1.72,-0.117,0,0,0,1.34,1.09,0
-1.66,0,0,0,-1.64,-1.66,0,0,0,-1.59,0,0,0,0,-1.81,0,1.79,0,0,1.67,1.45,0,-1.7,0,1.25,-1.83,-1.58,0,1.5,-1.81,0,1.54,1.61,0,1.78,1.67,-1.73,0,1.74,0,0,0,0,0,0,0,1.81,0,-1.52,0,0,0,-1.45,1.62,-1.75,-1.72,0,-1.69,0,0,0,0,0,0,0
0,0.169,0,-0.723,0.68,-0.171,1.23,0.657,0,0.477,0,0.336,0,-0.324,-0.876,-0.0365,0,-0.902,-0.0103,0,-0.214,0,0,0,-0.419,0,0,0,0,0,0,-0.486,0,-0.36,0.546,0,0,0,0.942,0.903,0.0269,-0.678,0,0,0,-0.08,0,0,0.905,0.901,-0.162,0.165,0.36,0,-0.452,0.422,0.775,0,-0.857,0,0,0.36,0,-0.39,0
0,1.4,1.69,0,0,0,0,0,1.36,0,1.5,0,1.8,0,0,-1.36,1.75,0,0,0,1.4,-1.57,0,1.42,0.857,0,-1.43,0,1.26,0,-1.25,1.21,0,0,0,1.3,0,0,0,0,1.8,0,0,0.414,0,-1.58,0,0,0,0,0,1.56,-1.36,1.41,-1.61,0,1.67,-1.38,1.16,0,0,1.67,1.48,0,0
-1.69,1.73,1.97,-1.98,-1.67,-1.77,0,0,1.75,0,0,0,0,0,0,0,1.95,0,-1.86,1.9,1.86,0,-1.74,0,1.41,0,-1.88,0,1.36,0,0,0,1.78,0,1.93,1.77,-1.91,0,0,0,1.91,-1.95,1.51,1.84,-1.93,0,0,-1.86,-1.79,0,0,1.9,0,0,0,-1.84,0,0,0,1.92,0,0,1.84,0,0
-1.49,1.65,1.86,0,0,-1.51,0,0,1.32,-1.73,0,0,1.89,0,-1.88,0,0,0,0,0,0,0,0,1.59,0,0,0,0,0,-1.83,0,1.72,0,-1.84,1.86,1.48,0,0,1.85,1.91,1.72,0,0,0,0,-1.92,1.19,0,-1.61,1.99,1.63,0,-1.59,0,0,-1.45,1.38,0,0,1.83,-1.36,1.61,1.67,1.55,0
0,0,1.7,-1.75,0,0,0,0,0,-1.2,0,1.55,1.77,1.67,0,-1.66,1.75,1.17,0,0,1.36,0,0,0,0,0,-1.57,0,0,-1.73,-1.59,1.26,0,0,1.77,1.41,0,-1.59,0,1.76,0,0,1.17,0,0,0,1.73,-1.61,-1.38,1.8,0,1.47,-1.5,1.45,0,0,1.6,0,1.31,0,0,1.41,0,1.32,0
0,0,0,0,-0.63,0,1.31,1.33,1.02,0,0,0,1.2,0,0,-1.08,1.36,0,-0.839,1.31,0,-1.23,-1.25,1.16,0.311,-1.36,-1.13,0.819,0.889,-0.922,-0.962,0.851,1.08,-1.05,1.07,0.789,-1.13,0,1.11,1.57,1.49,-1.24,0.334,0.41,0,0,0,0,0,0,0,1.2,-0.565,0,0,-1.25,0,0,-0.0227,1.2,0,0,0.671,0,0
0,0,0,-1.86,-1.59,0,0,1.8,1.57,0,0,1.49,0,1.73,0,0,0,1.55,0,0,0,0,0,1.73,0,0,0,0,0,-1.86,-1.72,0,0,0,0,1.44,-1.69,-1.65,1.73,0,1.38,0,1.15,0,0,-1.92,1.69,0,0,0,0,0,0,0,0,-1.65,0,0,0.774,0,-1.51,1.76,0,0,0
0,0,0,-1.88,-1.32,0,0,1.9,0,-1.58,0,1.55,1.93,0,-1.85,-1.93,1.82,0,0,0,0,0,-1.31,0,0,-1.88,0,0,0,-1.84,-1.56,0,1.51,-1.77,0,1.52,-1.59,0,1.92,1.92,0,-1.92,0.449,1.32,-1.67,-1.67,0,0,0,0,1.62,0,-1,0,-1.64,0,1.64,-1.91,-0.648,0,-1.18,1.66,1.69,0,0
0,1.75,1.95,0,-1.47,0,0,1.95,0,0,0,0,1.97,0,0,-1.95,1.92,0,0,0,1.87,-1.73,0,0,1.38,-1.93,0,0,0,-1.96,-1.72,1.8,1.82,0,1.9,0,-1.78,-1.72,0,0,0,0,0,1.71,0,-1.9,0,0,0,0,0,0,-1.54,0,-1.79,0,0,0,1.08,1.92,0,1.84,1.88,1.61,0
-0.64,0,0,-1.93,-1.02,-1.1,1.79,1.82,0.736,-0.688,0,0,1.91,0,-1.8,0,0,0,0,1.52,0,-0.829,-1.31,0.975,-0.382,-1.74,0,0,0.42,-1.78,0,0,0,0,1.66,0.965,-1.55,-1.58,0,0,0,-1.76,0.622,0.668,-1.51,-1.67,1.28,-1.35,0,1.97,0,1.72,-1.42,0,0,-0.988,0,-1.25,-0.558,0,0,0,1.57,0,0
-1.31,0,0,0,0,-1.59,0,0,1.55,0,0,1.58,0,1.68,-1.86,-1.89,0,1.78,0,0,1.8,-1.62,-1.64,0,1.62,-1.87,-1.78,0,1.55,0,-1.78,1.78,0,0,0,0,0,0,1.86,1.95,1.76,0,0,0,0,0,1.18,-1.8,0,1.96,1.47,0,0,1.6,-1.6,0,0,0,0,0,0,1.76,1.84,0,0
-1.34,0,1.64,-1.62,-0.937,0,0,0,0,-0.464,1.58,1.37,1.76,1.16,-1.54,0,1.49,1.32,0,0,0,0,-1.24,1.42,0.387,-1.45,-1.08,0,0,-1.13,0,1.28,0.573,-1.02,1.37,1.17,-1.58,-1.29,0,1.7,1.16,0,0,0,0,0,1.56,-0.585,-1.07,0,0.745,1.69,-1.35,1.14,-1.56,0,0,0,0,0,-1.44,0,0.799,0.889,0
0,1.18,1.48,-1.62,0,-1.19,0,0,0,0,0,1.15,1.61,0,-1.74,-1.36,1.6,1.13,-1.17,0,0,-1.12,-1.43,0,0.844,0,0,0,0,-1.19,0,1.24,1.08,-1.18,1.49,0.849,-1.22,-1.26,1.63,0,0,-1.4,1.21,0.0388,0,0,1.45,0,0,1.83,1.06,1.41,0,0,0,0,1.27,0,0.411,1.44,0,0,0,0,0
-0.418,0.894,1.66,-1.61,0,-0.695,1.33,1.71,0,0,1.45,0,1.82,1.22,-1.47,-1.42,0,1.06,-0.468,1.38,0.6,-0.0807,-0.851,1.03,0,-1.43,0,0,0.369,-1.54,-0.885,1.01,0,0,0,0,0,0,0,0,0,0,0.548,0.315,0,0,0,-1.02,0,0,1,0,-1.14,1.18,-1.07,-0.975,1.5,0,-0.435,1.35,-0.0535,0,1.11,0,0
0,0,1.03,0,0,0,0.976,0,0.454,-0.104,0,0.301,0,0.313,-1.31,-0.887,0,0,0,0.688,0.369,0,0,0,0.918,-0.984,0,1.09,0,0,0.122,0.914,0,-0.5,0.928,0.453,-0.534,-0.466,1.28,0,0,-1.13,0.0931,0,0,-0.952,0,0,0,0,0.35,0.886,-0.884,0,-0.415,-0.49,0.54,0,0,0,0.0625,0,0.809,0,0
0,0,0,-1.7,-0.85,0,1.5,1.54,0.988,0,0,0,1.57,1.02,0,-1.34,1.54,1.03,-0.772,1.19,0,-0.744,0,0,0,0,0,0,0,0,-0.883,0,0,-1.1,0,0,0,-1.35,1.43,1.49,1.33,0,0.48,0,-1.44,-1.54,0,-0.732,-0.74,0,0,0,0,0,0,0,1.14,-1.2,0,0,-0.985,0,1.01,0,0
-1.71,1.51,0,0,-1.59,-1.77,1.87,0,1.6,0,0,0,1.91,1.87,0,-1.77,1.84,1.54,0,0,1.45,-1.45,0,1.79,1.06,-1.71,-1.66,0,1.5,0,0,1.59,1.63,0,1.78,1.74,0,-1.81,0,1.95,0,0,1.49,1.45,0,0,1.9,-1.52,-1.69,1.94,1.18,0,0,1.65,0,-1.62,1.58,-1.79,0,0,-1.77,0,1.67,1.56,0
-1.52,0,0,0,0,0,0,0,0,-1.26,0,1.58,1.8,1.62,-1.75,0,0,0,-1.45,0,0,0,0,0,0,-1.79,0,1.67,1.13,-1.7,-1.5,0,0,0,1.63,1.54,0,-1.65,1.64,1.85,1.65,0,1.16,0,0,0,0,0,-1.2,0,1.07,0,0,1.44,0,-1.54,1.38,0,0,1.55,0,0,0,1.37,0
-0.478,0,0,-0.91,0,0,1.19,1.13,0,0,0,0,0,0,0,-0.917,0,0,-0.908,0.916,0.437,0,-0.985,0.906,0.819,-1.05,0,0,0,0,0,0.598,0,-0.441,1.07,0,-0.449,0,0,1.2,0,0,0,0.939,-0.94,-0.955,0,0,-0.897,0,0,0,-0.935,0,-0.645,-0.739,0,-1.07,0,0,-0.0241,0,0.753,0,0
-1.16,1.03,0,0,-1.29,0,1.14,0,0,-0.878,0,1.27,0,0,0,-1.02,0,0,0,1.23,0.729,0,0,1.43,0.847,0,0,0,0.636,-1.57,-1.39,1.45,1.23,0,1.43,0,0,-1.39,0,0,0,0,0.556,1.05,-1.77,-1.82,0,-0.685,0,1.72,0,0,-1.3,1.25,0,0,0,0,0.352,0,0,1.38,1.34,1.66,0
0,0,1.47,-1.22,-0.911,0,0,0,0,0,0,0,0,0,0,0,0,0,0,0.964,0.38,-0.307,0,0.936,0.811,0,-1.21,0,0,-1.18,0,0,0,0,0.92,0,-0.761,-0.942,1.15,1.4,0,0,0,0.658,0,-1.19,0.479,0,-0.972,0,0,0,-0.854,0.893,0,-1.06,0.9,-1.14,0.403,0.711,0,0.713,0.395,0.565,0
-1.13,0,1.8,0,0,-1.19,1.78,1.87,1.38,-1.15,0,1.5,1.9,1.4,-1.77,-1.76,0,0,-1.44,0,1.01,0,-1.13,1.41,1.29,-1.82,-1.61,0,0,0,-1.35,0,0.994,0,0,1.37,-1.23,0,0,0,0,0,0.381,1.26,-1.78,-1.63,0.934,-1.44,0,1.92,1.2,0,-1.39,1.46,-1.37,-1.22,0,0,0,0,-1.08,0,0,0,0
0,1.54,1.77,0,0,-1.54,1.75,0,1.62,0,1.64,0,0,1.63,0,0,1.79,0,-1.64,1.62,0,0,0,0,1.42,-1.74,-1.61,1.47,1.16,-1.76,0,1.34,0,0,0,0,-1.73,0,0,0,0,0,1.41,0,-1.73,0,1.85,0,0,1.88,1.27,0,-1.69,1.47,-1.53,-1.65,1.62,0,0,0,-1.78,0,1.56,0,0
0,0,0,-1.35,0,0,0,0,0,0,0,1.09,0,0,-1.35,-1.46,1.53,0,0,0,0.826,0,0,0.873,0,-1.53,0,0,0,0,-1.18,1.07,0.747,0,0,0,-0.926,-1.26,0,1.66,1.17,0,0.323,0,-1.38,-1.53,0,0,0,1.74,0,1.23,0,1.07,0,-1.15,1.56,-1.29,0.183,0,-0.768,1.38,0,0.986,0
-0.191,0,0,-1.51,-0.557,0.219,0,1.03,-0.265,0,0,0,0,0,-0.985,-0.917,0.861,0,-0.129,0.512,-0.0327,0,0,-0.32,-0.687,0,-0.165,0,-0.4,-0.993,-0.905,0,-1.09,-0.529,0.644,0,-0.837,-0.595,0,0,1.09,-0.504,0.21,0,-0.417,0,0.527,-0.214,0,1.4,-0.309,0.764,-0.44,-0.153,0,0,0.0586,0,0,0.235,-0.797,0.163,0,0,0
-1.39,0,1.57,-1.79,0,0,0,0,0,0,0,0,1.77,1.72,-1.75,0,1.56,0,0,0,0,0,0,0,0,0,0,0,0.971,-1.66,-1.38,1.42,0,0,0,1.37,-1.6,0,1.72,1.8,1.69,0,1.28,0,0,-1.77,0,-1.37,-1.49,0,0,0,-1.45,0,0,0,1.4,0,1.15,0,-1.69,0,0,1.32,0
-1.35,1.43,1.74,0,-1.38,-1.34,1.72,1.62,0,-0.983,0,0,1.62,0,-1.81,-1.65,1.64,1.16,-1.39,0,0,-1.49,0,1.51,1.11,0,-1.57,0,0,0,-1.52,1.21,1.52,-1.33,1.73,1.15,-1.46,0,1.71,1.8,1.67,-1.53,1.1,0,0,0,1.43,0,0,1.87,0,1.4,-1.28,0,-1.32,0,1.42,-1.59,0,0,-1.4,1.09,1.24,0,0
-1.57,1.58,1.74,0,0,0,1.67,1.69,1.73,0,0,0,0,1.55,0,-1.68,0,0,-1.55,0,0,-1.5,-1.59,0,1.38,-1.73,0,1.65,1.1,-1.77,0,1.47,0,0,1.7,1.46,0,-1.64,0,0,1.77,0,1.28,1.31,0,-1.7,0,-1.61,-1.23,1.85,0,1.47,-1.48,0,0,0,0,0,0,0,0,1.58,1.52,0,0
-1.42,0,1.74,-1.74,0,0,1.6,0,1.27,-1.06,1.57,0,0,1.74,0,0,1.65,0,-1.25,1.42,1.11,0,-1.47,0,1.3,-1.76,0,0,1.39,0,-1.69,1.4,0,0,0,0,0,-1.57,1.66,1.83,0,-1.7,0,1.08,-1.68,0,1.69,0,0,1.77,0,1.51,-1.58,1.35,-1.42,-1.57,0,0,0,0,-1.67,0,0,0.793,0
-1.72,0,0,-1.85,-1.57,-1.82,0,0,0,-1.64,1.79,1.83,1.91,0,-1.8,-1.78,1.85,1.61,-1.6,0,1.61,0,0,1.83,0,0,-1.72,0,0,-1.84,-1.83,0,1.76,-1.73,1.87,1.73,-1.75,-1.76,0,1.93,1.85,-1.85,0,1.6,0,-1.91,1.86,-1.62,-1.73,1.94,0,1.79,0,0,0,0,0,-1.84,0,1.75,0,1.78,0,0,0
0,0.649,0.913,0,0,0,0,0,-0.016,0,0,0,0,0,0,-1.07,0,0.165,0,0,-0.509,0,0,-0.145,0,-1.02,0,0.682,0,-1.26,0,0,-1.03,0,0,-0.643,-0.647,-1.1,1.29,0.828,1.06,0,0,-1.14,-0.497,0,0.797,-0.266,0,0,0,0,0,0,0,0.236,0,0,0,0.292,-0.67,0.327,0,-0.68,0
-1.64,1.83,1.97,-1.96,-1.72,0,0,0,1.78,-1.85,1.92,0,1.99,0,0,0,1.93,0,0,1.86,1.91,0,-1.67,0,0,0,0,0,1.6,-1.95,0,1.85,0,-1.83,1.9,1.82,-1.85,0,1.92,1.98,0,-1.96,0,1.83,-1.94,-1.96,0,-1.88,0,0,0,0,-1.45,1.86,-1.79,0,1.76,0,0.88,0,0,1.82,0,0,0
0,-0.0656,0,0,0,-0.392,0.983,1.14,0,0,0,0,1.23,0.409,0,-0.793,0,0,-0.616,0.243,0,0.593,0,1.19,0.133,0,0,0,-0.0102,-0.469,0.22,0,0,0,0,0,0,-0.361,1.11,0,0.000218,-1.36,0,0,0,-0.518,-0.109,0,-0.618,0.975,0.7,0,-0.939,0.282,0,0,0,-0.971,-0.96,1.13,0,-0.162,0,-0.412,0
0,0,0,-1.82,0,-1.12,1.71,0,0,-0.0824,1.59,0,0,1.73,-1.74,0,1.7,1.35,-1.29,1.72,0,0,0,1.42,0,-1.68,0,0,1.28,0,-1.42,0,0,-1.44,0,0,0,0,0,0,0,0,0,0,-1.73,-1.55,1.48,0,-0.759,0,0,1.59,-1.1,1.32,0,-1.33,1.73,-1.35,0,1.51,0,0,1.51,1.31,0
-1.05,1.13,1.46,-1.47,0,0,0,1.4,1.45,0,0,1.3,1.64,0,0,0,0,1,-1.17,0,1.15,0,0,0,0.812,-1.49,-1.22,1.29,0,-1.56,-1.28,1.09,0,-1.12,1.45,0,0,-1.41,1.38,1.65,1.21,0,0,0,0,-1.45,0,0,-0.714,1.71,0.999,1.11,0,0,-1.16,0,0,-1.33,0,0,0,1.24,0,0,0
-1.46,0,0,0,-1.2,0,1.62,0,0,0,0,1.55,0,0,-1.66,0,1.72,1.07,0,1.55,1.4,0,-1.41,0,1.02,-1.6,0,0,0,0,0,0,0,0,1.65,0,-1.61,-1.65,0,0,0,0,0,0,0,0,1.71,0,0,1.83,0,0,-1.5,0,0,0,1.3,0,0.717,0,0,0,1.48,0,0
-0.778,0,1.29,-1.44,-0.488,-0.697,1.34,0,1.17,-0.63,0,1.12,0,0,0,-1.26,0,0,-0.786,0,0.586,0,-1.18,0,0,-1.41,-1.21,1.15,0.794,-1.26,0,0,1.02,-1.03,0,0,0,-0.99,0,0,0,-1.37,0,0,-1.34,-1.28,0,0,0,1.41,0,1.07,0,0,0,0,1.25,-1.15,0,1,-1,0.925,0.893,0,0
-1,1.22,0,-1.78,0,0,1.76,1.72,0.563,0,1.64,0,1.81,1.51,-1.77,-1.83,1.67,0,-1.28,1.56,0,0,-1.07,1.14,0.343,0,-1.48,0,0,-1.77,-1.68,0,0,-1.5,0,1.03,-1.73,-1.49,1.83,1.82,1.54,0,1.22,0.685,-1.48,0,1.36,-1.57,-1.58,1.93,0.761,1.24,-1.02,0,-1.21,-1.22,0,0,0.29,1.44,-1.07,0,0,0.635,0
-1.56,0,1.93,0,-1.31,-1.55,1.83,0,1.67,-1.5,1.83,1.71,1.96,0,0,0,0,0,-1.75,1.83,1.79,-1.8,0,1.71,1.3,-1.87,0,1.92,0,-1.9,-1.55,1.45,1.58,0,1.86,1.66,-1.76,0,0,1.96,0,-1.9,0,1.61,0,0,1.52,0,-1.53,0,1.54,0,-1.63,1.78,0,0,1.81,0,1.08,0,0,0,0,1.67,0
-1.61,1.7,1.86,-1.88,-1.55,-1.69,0,0,1.66,-1.24,1.81,1.8,1.92,1.85,-1.76,0,1.89,1.63,0,1.78,0,-1.35,-1.63,1.86,0,0,-1.63,1.88,0,0,-1.8,0,0,0,1.79,0,-1.8,0,1.86,0,0,0,1.51,0,-1.9,-1.89,0,-1.52,-1.49,1.93,1.54,0,0,0,-1.71,0,0,-1.68,1.23,0,-1.84,1.81,0,1.64,0
-1.24,1.65,1.91,-1.95,-1.33,0,1.86,0,1.12,0,0,1.73,1.88,0,-1.87,0,0,0,0,0,1.73,-0.953,0,0,0.464,0,-1.64,0,1.11,-1.88,0,1.71,0,0,0,0,0,-1.7,1.9,0,0,0,0,0.699,-1.62,0,0,-1.68,0,0,1.3,0,0,1.29,-1.42,0,1.16,0,0.479,1.67,0,1.63,0,0,0
0,1.12,1.63,-1.53,-1.21,0,0,1.36,0,0,0,1.32,0,0,-1.7,0,0,0,0,1.16,1.26,-1.01,-1.31,0,0.989,0,-1.29,0,0,-1.37,-1.23,0,0.996,-1.05,1.45,0.888,0,0,0,0,1.51,0,0,0,-1.26,-1.42,0,-0.999,-0.829,1.52,0.961,0,-1.15,0,0,0,0.81,0,0,0,0,1.22,0.992,0.995,0
0,1.19,1.72,-1.74,0,0,0,1.56,1.2,0,1.51,1.42,0,0,0,0,0,0.917,-1.14,1.22,0,-1.25,-1.26,0,0,0,-1.19,1.71,0,0,0,1.26,0.944,-1.32,0,1,-1.35,0,0,0,1.41,0,1.06,0,-1.39,0,1.27,0,-1.48,1.83,0.706,1.63,-1.31,1.49,0,0,0,0,0,0,0,0,1.29,0,0
-1.09,1.25,1.85,-1.88,-1.18,0,1.77,1.85,0,0,0,0,1.87,0,-1.84,-1.77,0,0,0,0,1.24,-1.12,-1.11,1.54,0,-1.42,0,0,0.374,-1.83,-1.4,0,0.802,0,1.72,0.78,-1.67,-1.34,1.83,0,1.66,0,0,0,0,-1.76,0.734,-1.3,-1.37,1.96,0,0,0,0,-1.2,-1.28,0.883,0,-0.297,0,-1.06,1.24,0,1.09,0
-1.17,0,1.58,-1.56,-1.01,-1.29,0,0,1.31,0,0,1.35,0,0,-1.63,0,1.3,0.911,-1.44,0,0,-1.42,-1.54,1.28,0.764,-1.51,-1.26,1.38,1.05,0,-1.18,1.1,1.24,0,1.44,1.12,-1.09,-1.24,1.54,1.7,1.45,-1.36,0,0.888,0,-1.52,0,-1.45,-0.98,0,0.849,0,-1.03,0,-1.28,-1.39,1.21,0,0.773,1.39,0,1.22,1.36,0,0
0,0,1.93,-1.95,-1.54,0,1.88,0,1.49,0,0,1.86,0,1.64,-1.89,-1.94,0,1.8,0,1.84,1.77,0,-1.63,1.66,0,0,-1.79,1.95,1.39,0,0,0,1.21,-1.84,0,1.55,0,0,1.9,0,1.82,-1.92,1.54,0,0,-1.93,1.4,0,-1.7,1.98,0,1.74,0,0,-1.56,0,1.8,-1.83,0,0,-1.72,0,0,0,0
-1.38,0,1.95,-1.97,0,-1.38,0,1.84,1.29,0,0,0,0,1.81,0,0,0,0,0,1.73,0,0,0,0,0,0,0,0,1.17,0,-1.88,0,0.875,-1.8,0,0,-1.85,-1.69,0,0,0,0,0,1.08,0,0,0,-1.63,-1.59,0,0,1.77,-1.52,1.47,0,0,0,0,0.239,1.79,-1.51,1.55,1.6,1.1,0
0.0341,0,1.69,-1.73,-0.532,-1.19,1.71,1.61,0,-1.38,1.51,1.43,1.8,0,0,-1.64,1.42,0.988,0,0,0,0,0,0,0,-1.38,0,0,0,-1.37,-1.2,0,1.09,0,1.75,0,-1.26,-1,0,0,0,0,0,1.31,0,0,0,-1,0,0,0,1.29,0,0,0,-1.04,1.15,0,0,0,0,1.21,0,0.701,0
-1.29,0,1.68,0,-1.05,0,1.81,1.64,0,-0.66,0,1.46,1.59,1.34,-1.74,-1.57,1.6,1.02,0,0,1.63,0,-1.44,1.38,0,0,0,1.22,1.07,-1.42,-1.39,1.26,0,-1.25,1.61,0,0,0,0,0,0,-1.4,1.18,0,-1.33,-1.42,1.44,0,0,1.83,0,1.32,-1.21,1.19,0,0,0,0,0,0,0,1.27,0,0.861,0
0,1.7,0,-1.96,-1.74,0,0,0,1.68,0,0,0,0,0,-1.93,-1.94,0,0,-1.74,0,1.84,0,0,0,0,0,0,0,1.6,0,0,1.72,1.69,0,0,0,-1.83,-1.7,0,0,1.85,-1.95,1.47,1.79,0,0,0,-1.73,-1.68,0,0,0,0,0,0,-1.71,1.7,0,0,1.88,-1.82,1.8,0,1.74,0
0,0,1.68,0,-1.34,0,1.65,0,0,-1.56,0,0,0,0,0,0,0,1.17,-1.45,1.58,1.29,-1.41,-1.64,1.8,0.975,0,-1.76,1.64,0,-1.73,0,0,0,0,1.66,0,-1.72,-1.66,1.55,0,0,0,0,0,0,-1.72,1.79,-1.37,-1.4,0,0,1.52,-1.53,0,0,-1.52,1.34,0,0,1.54,0,1.48,1.45,1.32,0
0,1.53,0,-1.84,0,0,0,1.88,0,0,1.79,1.62,0,1.61,-1.82,-1.82,1.78,1.55,0,0,0,0,-1.62,1.61,1.25,-1.85,-1.71,1.8,0,-1.85,-1.75,1.53,1.38,0,0,0,0,0,0,0,0,-1.79,0,0,-1.71,-1.87,0,0,0,1.9,1.27,0,-1.72,0,-1.68,0,0,-1.75,0,0,-1.62,0,0,1.1,0
0,0,1.27,0,-1.26,-1.39,1.67,1.78,1.25,-1.06,0,0,0,0,0,-1.63,0,0.767,-1.1,0,1.35,-0.981,0,0,0.906,0,-1.46,1.66,0,0,-0.862,1.18,1.51,-1.15,1.5,1.2,0,-1.36,1.56,0,1.42,-1.47,1.12,0,0,-1.63,0,-0.877,-1.19,1.69,1.04,0,0,0,-1.4,-1.29,0.995,-1.46,0,0,-1.69,1.29,1.17,0,0
0,1.59,1.92,0,-1.52,-1.51,1.84,0,1.19,-1.65,1.89,0,1.97,0,0,-1.87,0,0,0,1.76,1.79,-1.46,0,1.92,0,-1.8,-1.8,1.9,0,0,0,0,1.75,-1.82,1.8,1.18,-1.81,-1.61,0,0,0,0,1.1,0,0,0,1.04,0,-1.71,1.97,1.59,0,-1.4,0,-1.56,0,1.63,-1.81,0,1.88,-1.19,1.53,0,1.43,0
-1.54,1.52,1.7,0,0,0,1.78,1.81,0,0,0,0,1.84,1.75,0,-1.6,0,1.24,-1.53,1.67,1.48,-1.52,0,1.7,1.33,0,-1.46,0,1.28,-1.73,-1.6,1.38,1.62,0,1.76,0,-1.71,-1.69,0,0,1.69,-1.68,1.07,1.49,0,-1.75,0,0,0,0,0,1.64,0,0,-1.55,0,0,0,0,1.67,0,0,0,0,0
-1.56,1.64,0,0,-1.37,-1.53,0,0,0,-1.37,0,0,0,1.46,0,-1.85,1.86,0,0,1.71,1.8,-1.66,-1.71,0,0,-1.84,0,0,1.54,-1.87,0,1.42,0,-1.59,1.85,1.32,-1.7,-1.6,0,0,0,0,1.44,0,-1.72,-1.69,0,-1.64,-1.31,0,1.61,0,-1.41,1.6,0,0,0,-1.71,0,1.8,-1.45,0,0,1.6,0
0,0,0,0,0,0,1.68,1.83,0,0,0,0,0,1.83,-1.07,0,0,0,-1.58,0,0,-1.04,0,0,1.36,-1.83,0,0,0,0,-1.76,1.69,0,0,1.79,1.38,-1.76,0,0,1.9,0,-1.8,1.16,0,-1.83,-1.92,1.64,0,0,0,0,1.6,-1.51,1.5,-1.64,-1.59,1.71,0,1.17,1.89,-1.58,1.81,0,0,0
-1.08,1.27,1.79,-1.86,0,0,0,0,0.259,0.163,0,0,1.68,1.5,-1.6,0,1.44,0,-0.527,0,1.12,0,0,0.896,0,0,0,0,0,-1.79,-1.42,0,0,0,0,0,-1.54,0,0,0,1.78,0,0,0,0,-1.72,0.464,-1.32,0,0,0,0,-1.3,0.628,0,0,0,-1.2,-0.113,0,-0.832,0,1.07,0,0
0.116,-0.351,0,-0.311,-0.113,-0.0517,0,0,0,0.00243,0,0,0,-0.0371,0,0,0,0,0.574,0,0,0.955,0,0,0,0,0,0.372,-0.7,0.184,0,0.105,0,-0.254,-0.0943,-0.794,0,0,0,0.43,0,0,-0.926,0,0,0,-0.884,0.46,0,-0.158,-0.0654,0.135,0,0,0.102,0.802,0,-0.373,-1.22,0,0,-0.25,-0.741,-0.466,0
-0.106,0.542,1.2,-1.47,0,0.018,0,1.09,0,0.598,0,0.884,1.2,0,-1.49,0,1.22,0,-0.24,0,0.129,0,0,0.0401,0,0,0,1.04,0.222,0,0,0.249,-0.788,-0.385,0,0,0,-1.09,0,0,0,-0.638,0.563,-0.488,0,-0.914,0,-0.314,-0.136,1.44,0,0.686,0,0,0,0,-0.041,-0.375,-0.0934,0.19,0,0.353,0.341,-0.324,0
0,1.8,1.98,0,-1.62,0,0,0,1.85,-1.83,1.94,0,0,0,0,-1.95,0,1.89,-1.85,0,0,0,0,1.84,1.57,-1.92,0,1.95,1.76,0,0,1.79,0,0,1.94,0,0,0,0,0,1.91,0,0,1.85,-1.91,-1.96,0,0,-1.83,1.99,1.83,0,0,0,0,0,1.86,0,0.973,1.91,-1.79,0,0,1.76,0
0,0,1.86,-1.84,0,0,1.75,0,1.25,-1.01,1.73,0,1.94,0,0,-1.72,1.68,0,-1.5,1.67,1.04,0,-1.35,0,1.22,0,0,0,0,0,0,1.49,1.46,0,0,0,0,-1.54,0,1.92,0,-1.74,1.06,1.46,0,0,0,-1.36,-1.63,0,0,0,-1.15,1.59,-1.47,-1.4,0,0,0.575,0,0,1.82,0,1.73,0
0,0,0,0,0,-1.25,1.75,0,1.47,-0.713,0,1.52,0,0,-1.7,-1.55,1.67,0,-1.44,1.7,1.39,-1.49,0,1.49,0,-1.63,0,1.55,0,0,0,1.26,1.32,-1.5,0,1.39,-1.4,0,0,1.77,1.78,0,0.968,0.381,-1.58,-1.56,0,-1.33,0,1.86,1.22,0,0,1.41,-1.59,0,0,0,0,0,-1.62,0,1.37,1.44,0
-1.4,1.69,0,-1.87,0,0,0,1.88,1.71,0,0,1.47,0,0,-1.86,-1.89,1.84,1.69,0,1.84,0,-1.71,-1.71,1.61,1.55,0,-1.76,1.89,0,-1.81,-1.7,0,0,-1.73,0,1.42,0,-1.48,0,1.92,0,-1.93,0,0,0,-1.7,0.896,-1.63,0,1.97,0,1.77,-1.45,0,0,0,0,0,0.46,0,0,0,0,1.59,0
0,1.48,1.88,0,-1.43,0,1.79,0,1.45,0,0,0,0,0,-1.71,0,1.7,1.53,0,0,1.33,-1.45,-1.53,0,0,0,-1.53,1.8,1.03,0,-1.75,1.51,1.66,0,0,1.54,0,0,0,1.92,0,-1.83,0,1.28,-1.71,0,1.79,-1.54,-1.64,0,1.41,0,-1.46,0,0,-1.55,0,0,0,1.66,-1.76,1.76,0,1.68,0
-1.71,1.61,1.95,0,0,-1.63,0,0,0,-1.52,0,1.68,0,0,0,0,1.89,0,0,0,1.78,-1.57,-1.23,0,1.39,-1.8,0,1.87,1.23,0,0,1.73,0,0,0,1.7,0,-1.56,1.91,0,0,0,1.3,1.39,0,-1.88,1.55,0,-1.69,0,1.68,0,-1.23,0,-1.64,-1.62,0,0,0,0,-1.69,0,1.72,1.29,0
0,0,1.94,-1.94,0,-1.65,1.88,1.91,0,-1.48,0,1.71,0,0,-1.58,-1.77,1.88,1.79,-1.65,0,1.42,0,0,0,1.29,0,0,0,0,-1.95,-1.88,1.77,1.72,-1.94,1.92,0,0,-1.75,0,1.96,1.74,-1.91,1.41,0,-1.94,-1.97,1.9,0,0,1.96,1.55,1.65,0,1.6,-1.73,0,1.8,-1.82,0,0,0,1.94,0,1.83,0
-0.79,1.02,1.63,0,-1.32,-1.28,0,1.77,0.962,0,0,1.46,1.86,1.51,0,0,0,1.31,-1.46,1.49,1.12,-1.07,-1.41,1.52,1.03,0,0,0,0,-1.69,-1.22,1.43,1.47,0,0,0.96,0,-1.42,1.5,0,0,0,0,1.14,0,-1.76,0,0,-1.48,1.77,0,0,-1.43,1.34,0,-1.32,0,0,0.632,0,-1.26,1.64,0,0,0
0,1,1.36,0,0,0,0,0,0.929,0,1.39,1.47,1.77,1.6,-1.35,0,0,1.07,-1.18,0,0,-0.547,-1.15,1.52,0,-1.29,-0.723,1.64,0.777,0,0,1.24,1.25,0,0,0,-1.45,0,0,0,1.26,0,0.846,0,0,0,1.38,-0.91,-1.44,0,0.634,0,0,0,-1.35,0,0,-1.5,0,1.46,-1.41,1.22,1.13,0,0
0,1.24,0,0,0,-1.19,1.67,0,1.38,0,0,0,1.77,0,0,-1.53,1.63,0,-1.34,0,1.27,0,0,0,0,0,-1.56,0,1.2,0,0,0,1.33,-1.26,0,0,0,-1.43,0,0,0,-1.55,0,0,-1.3,-1.38,0,-1.52,-1.21,0,0.869,0,-1.34,1.19,0,-1.54,0,0,0,1.34,-1.17,0,0,1.06,0
-1.55,0,1.67,-1.72,0,0,1.67,0,0,-1.18,1.63,1.7,1.79,0,-1.75,-1.69,1.8,0,0,1.55,0,-1.31,0,0,1.22,0,0,1.72,0,0,-1.4,1.48,1.55,-1.42,0,1.3,-1.68,0,1.72,1.81,0,0,1.23,0,0,-1.73,1.74,-1.44,-1.44,1.84,0,0,-1.55,1.55,-1.56,-1.49,1.41,-1.62,0,1.6,0,1.56,0,0,0
-1.28,0,1.72,0,-1.29,0,0,0,0,-1.27,1.65,1.43,1.88,1.71,0,-1.23,1.63,0,0,1.43,0,0,-1.4,1.65,0,0,0,1.69,0,0,-1.32,1.36,0,-1.64,1.76,1.01,0,-1.61,0,1.85,1.42,-1.74,0,1.07,-1.42,0,1.53,0,0,0,1.01,0,0,1.33,-1.36,-1.44,1.77,-1.68,0,0,-0.999,1.69,0,0,0
0,0,0,-1.81,0,0,0,1.92,0,0,1.81,1.52,1.92,1.36,0,0,0,0,0,0,0,0,0,0,1.22,0,0,0,0,0,0,0,1.58,-1.77,0,1.28,-1.63,-1.52,0,1.9,1.62,-1.88,0.798,1.28,0,0,0,0,0,1.96,1.57,1.76,-1.34,1.65,0,-1.33,0,0,0,1.84,0,1.76,1.74,1.32,0
-1.35,1.34,0,0,-1.29,-1.09,0,1.62,0,0,1.27,0,0,1.41,-1.63,-1.58,1.4,0.958,-1.23,0,0,-1.13,-1.73,1.48,0,0,0,1.39,1.09,-1.66,0,1.01,1.13,0,1.52,0.995,0,0,0,1.77,1.5,-1.45,1.31,0,-1.44,0,0,-1.37,0,0,0.79,0,-1.51,1.26,0,-1.26,1.34,-1.32,0.772,1.45,0,0,1.4,0,0
-0.856,1.57,0,-1.92,0,0,0,1.82,0.853,0,0,0,0,1.52,-1.86,0,0,0,-1.6,0,1.68,0,-1.29,0,0,0,0,1.89,1.28,-1.73,-1.62,0,0,-1.76,1.84,1.39,0,0,1.89,0,1.56,-1.74,1.25,0,-1.75,-1.79,0.829,-1.58,0,0,0,1.74,-1.02,1.54,-1.45,0,1.77,0,0,0,0,0,0,0,0
-1.51,0,1.92,-1.92,0,0,0,0,0,0,1.86,1.72,0,1.48,0,-1.95,1.86,1.77,-1.68,0,1.75,0,0,1.78,0,0,0,0,0,0,0,0,0,-1.73,0,1.68,0,0,0,1.95,0,0,1.38,1.49,0,-1.85,0,-1.61,0,1.97,0,1.67,0,1.76,-1.45,0,0,0,0,1.84,-1.72,1.55,0,1.35,0
-1.26,0,0,0,-1.46,0,1.65,0,0,-0.389,1.48,0,0,0,0,0,0,0,0,1.66,1.39,-1.35,0,1.44,0.965,0,0,1.43,0,0,-1.42,0,0,-1.6,0,1.19,-1.42,-1.6,1.61,1.73,0,0,0.82,0,0,0,1.58,-1.34,-0.855,1.87,0,0,0,1.28,0,0,1.68,0,0.84,0,-1.39,1.4,0,0,0
-0.772,0.868,0,-1.36,0,-0.649,0,0,0.851,0,0.948,1.06,1.63,0.885,-1.25,0,1.19,0,0,0,0.507,0,-1.23,1.18,0.72,0,0,0,0.123,0,0,0,0,0,0,0,0,-1.04,1.34,1.24,0.831,-1.17,0,0.948,-1.07,0,0,0,-1.2,0.973,0,0,-0.967,0,0,-0.842,0,0,0.135,1.18,0,0,0.818,0.577,0
0,1.66,1.91,-1.91,0,-1.71,1.82,0,1.09,0,0,0,0,0,-1.85,0,0,1.53,0,1.86,0,0,-1.45,1.83,0,-1.8,-1.76,1.9,0,-1.77,-1.46,1.39,0,-1.76,1.84,1.5,0,-1.34,0,0,1.67,0,0.97,1.66,0,-1.86,0,0,-1.11,0,1.54,0,-1.02,1.66,-1.62,-1.37,0,0,0,0,0,0,0,1.47,0
0,1.69,0,0,-1.28,-1.66,1.89,1.92,1.69,-1.77,0,1.84,1.95,1.69,0,-1.92,1.84,1.83,0,1.77,1.8,0,-1.47,1.81,0.961,0,0,0,1.54,-1.92,-1.76,1.59,1.2,-1.89,1.87,1.68,0,-1.64,1.82,0,0,-1.94,0.973,0,-1.89,-1.91,0,0,0,0,1.75,1.7,-1.66,0,0,-1.7,0,0,0,0,-1.62,0,0,0,0
-0.12,0,1.76,0,0,0,0,1.74,0,0,0,1.11,0,0.504,-1.65,0,1.56,0,0,0,0,0.0922,0,1.42,0,-1.26,0,1.61,0,0,-0.675,0,0,0,1.57,0,0,0,1.49,1.77,0,-1.79,0.000221,0,0,0,0,0,0,0,1.32,1.32,-1.03,0,0,0,0,-1.45,-1.22,1.62,0,1.24,0,0,0
0,-0.176,0,0,-0.489,-0.454,0,0,0,0,0,0.471,0,-0.0195,0,-0.317,0.345,-0.616,-0.067,0,-0.358,-0.247,0.0226,0,0.296,0,0.177,0,0,-0.712,0,0.161,0.164,0,0,0,-0.0653,0,0.834,1.2,-0.107,0,-0.0587,0.448,-0.185,0,0.0537,0,0,0,-0.135,0.679,0,0.343,-0.492,0,0,0,0,0.355,0.284,0.0582,0.561,0,0
-1.71,0,0,0,0,-1.42,1.88,0,0,-1.58,1.89,1.75,1.91,1.64,-1.88,0,1.84,0,0,0,0,0,-1.54,1.8,1.5,0,-1.76,0,0,0,-1.77,0,1.71,0,0,1.3,0,-1.52,0,1.94,1.85,0,1.34,1.53,-1.65,-1.89,0,-1.64,-1.53,0,0,1.7,0,0,0,-1.48,0,0,0,1.87,0,1.53,1.75,1.44,0
-1.57,0,1.9,-1.84,-1.2,0,0,0,1.25,-1.57,1.78,1.68,0,1.43,-1.83,0,0,1.6,-1.36,1.5,0,-1.39,-1.3,0,1.36,0,-1.66,0,1.24,0,0,1.45,0,-1.74,1.83,0,-1.61,0,1.82,0,1.67,-1.85,0.855,0,0,0,0,0,-1.49,0,0,0,0,0,0,-1.6,1.37,0,0,0,-1.25,1.44,1.68,0,0
-0.856,0.66,1.29,-1.26,0,-0.651,0,0,0.482,0,0,0.944,1.15,0,-1.26,-1.12,0.9,0.343,0,0.491,0,-0.0836,0,0,0.283,-0.978,0,1.08,-0.336,-0.939,-0.695,0,0,0,0.937,0,0,-1.08,0,1.46,0,0,0.364,0,-0.643,-1.23,0.758,0,-0.903,1.02,0.254,0,-1.24,0.426,0,-0.228,0,-0.815,-0.0566,0.735,-0.655,0.751,0,0,0
-1.47,0,0,-1.97,0,-1.26,0,1.84,0,-1.36,0,0,1.93,1.69,0,-1.86,0,1.72,-1.24,1.49,1.65,-0.817,0,1.46,0,-1.73,-1.65,0,0.798,-1.9,-1.8,0,0.0426,0,0,0,-1.84,0,1.84,0,1.83,-1.81,0,1.31,-1.78,0,1.45,-1.69,-1.62,0,0,1.82,-1.56,1.54,-1.38,0,0,-1.44,0.439,0,-1.7,1.49,1.69,1.2,0
-0.659,0,1.21,-1.48,0,0,0,0,0,0,1.4,0,0,0,0,-1.59,0,0.816,-1.18,0.752,0,-0.353,-0.789,0,0,-1.56,0,1.03,0,-1.18,-0.49,0,0.623,0,0,0,-1.09,0,1.13,0,0,0,0,0.926,0,0,0,-0.589,-0.911,0,0,1.4,-1.37,1.09,0,-1.17,0,-1.23,0.0518,0,0,0.705,0,0.369,0
0,1.65,1.83,0,0,-1.58,0,1.84,1.57,-1.16,0,1.68,0,0,-1.68,-1.76,1.79,1.6,-1.7,1.68,1.55,0,-1.78,0,1.18,0,-1.5,1.74,1.52,-1.85,0,1.66,1.7,0,0,1.59,0,-1.64,1.78,1.91,1.85,-1.86,1.32,1.56,-1.78,0,0,-1.45,-1.73,1.93,1.48,0,0,0,0,-1.69,1.63,-1.73,1.13,1.84,-1.8,0,1.78,0,0
0,1.24,1.81,0,-1.41,-1.41,1.67,0,0,-1.31,1.65,1.57,1.88,0,0,-1.67,1.61,0,0,1.44,1.21,-1.07,0,1.7,0,0,0,0,0.776,0,-1.58,0,1.54,-1.74,0,1.31,-1.6,-1.51,1.45,0,0,-1.78,0,1.41,0,-1.79,0,-1.34,-1.57,1.85,0,0,0,1.53,0,0,1.61,0,0.44,1.72,0,0,1.53,1.65,0
0,1.75,0,0,0,-1.32,1.88,0,1.54,-1.1,1.77,0,1.96,1.66,-1.88,-1.82,1.94,0,0,1.84,0,-1.18,0,1.23,0,-1.85,-1.68,0,0,0,-1.53,0,1.22,-1.73,1.86,0,-1.69,0,1.88,0,0,0,0,0,-1.77,-1.89,0,-1.53,-1.67,1.99,1.5,1.87,0,1.55,-1.54,0,1.75,-1.62,0,0,0,1.78,0,0,0
-1.27,0,0,-1.9,0,-0.961,0,1.72,0,0,1.64,1.53,1.82,1.55,0,-1.9,0,1.73,0,0,1.07,0,0,0,0,0,0,0,0.36,0,0,0,0.08,-1.71,1.61,0.93,0,0,0,0,1.63,-1.75,0.643,0,-1.68,0,0.787,-1.4,0,1.94,1.11,1.47,-1.22,0,0,-0.755,0.0642,-1.36,0,1.45,-1.06,0,0,0.731,0
-0.649,1.48,1.83,0,0,0,0,0,0.644,-0.854,0,0,0,1.55,-1.68,-1.84,0,0,-1.3,0,1.21,0,0,0,0.146,-1.66,0,0,0,-1.78,-1.34,0,0,-1.51,0,0,-1.6,-1.5,1.82,1.83,1.61,0,0.954,0.388,-1.48,-1.66,0,-1.27,0,0,0,1.63,-1.52,0,-1.32,0,1.27,-1.37,-0.0558,1.5,-1.36,0,1.42,0,0
0.415,0,1.22,0,0,-0.743,0,1.43,0,-0.592,0,0.795,1.52,0.356,-1.39,0,1.07,0,0,0.782,0.227,0,0,0,0,-1.29,-0.796,1.3,0,0,-0.399,0.146,0.575,0,1.38,0.534,0,-0.325,0,0,0.485,-1.07,0,0,0,0,0.651,0,-0.949,1.34,0.38,0,-0.926,0,0,-0.459,0.162,-1.12,-0.121,0.932,-1.09,0,0.681,0,0
0,1.74,1.76,0,-1.68,0,1.81,0,1.55,0,0,1.47,1.79,1.84,-1.81,-1.78,0,0,0,0,1.67,-1.56,0,1.67,1.3,0,-1.72,1.73,0,0,-1.55,0,0,-1.74,1.75,0,0,-1.67,0,0,0,-1.81,1.29,0,0,0,1.73,-1.56,-1.2,0,1.48,1.74,0,1.58,-1.75,-1.6,0,0,0,1.77,0,1.77,0,1.63,0
-1.18,1.62,1.84,-1.82,-1.33,0,1.7,1.84,1.15,-1.41,0,0,1.86,0,0,0,0,0,0,0,1.44,-1.32,0,1.69,0.941,-1.75,0,0,0,0,0,1.42,0,0,0,1.43,0,0,0,0,0,-1.64,1.47,1.36,0,-1.85,1.73,-1.4,-1.62,1.89,0,0,-1.5,0,0,-1.7,1.59,0,1.2,0,-1.7,1.79,0,1.62,0
0,0.217,0,-1.26,-0.0363,0,1.3,1.28,0,-0.423,0.75,0.704,0,1.04,-0.778,-1.06,0.864,-0.0199,-0.506,0,-0.662,0,-0.234,0,-0.069,-0.976,0.0141,0,-0.596,-0.516,-0.311,0.631,0.013,0,0,-0.245,0,-0.876,0,1.42,0,-1.21,0,0,-1.06,-1.18,0.72,0,-0.934,0.654,0,0.952,0,0,-0.587,-0.649,0,-1.11,0,0.627,0,0.697,0.298,0,0
0,1.04,0,-1.59,0,-1.39,1.66,1.61,1.34,-1.13,0,1.5,1.59,0,0,-1.56,1.67,1.05,0,0,1.17,-1.24,0,1.23,0,0,-1.36,0,0,-1.59,-1.38,1.11,1.51,0,1.72,0.846,-1.27,-1.56,0,1.71,0,-1.53,1.08,0,-1.14,0,1.36,-1.36,-1.29,1.78,0.729,0,0,0,-1.43,-1.47,1.14,-1.5,0.79,0,-1.4,1.09,1.2,1.08,0
0,0,0,-1.95,0,-1.79,1.86,0,1.73,0,1.87,0,0,0,-1.61,0,1.96,1.87,0,1.76,0,0,0,1.82,0,0,-1.56,0,1.48,-1.97,0,0,1.84,-1.94,0,0,0,0,0,0,1.76,0,0,1.7,-1.96,-1.98,1.92,-1.77,-1.88,1.97,1.75,1.73,0,0,0,0,1.84,0,0,1.94,-1.75,1.9,0,0,0
-0.961,0,0,0,0,0,1.45,1.54,0,0,0,0,0,1.41,-1.66,0,1.7,0,-1.37,1.2,0,0,-1.31,0,0,0,-1.3,0,0,0,0,0,0,0,1.7,0,-1.14,-1.31,1.51,0,1.18,-1.57,0,0,0,0,1.21,0,0,1.68,1.03,0,-1.13,0,-1.41,0,1.65,-1.48,0.869,0,0,1.51,1.37,1.19,0
0,1.58,1.8,-1.74,0,-0.95,1.68,1.85,1.41,-1.32,0,0,1.89,1.32,0,-1.66,0,1.51,-1.32,0,1.4,-1.39,0,1.45,0.908,0,0,0,0,-1.79,-1.46,1.17,0,-1.43,0,1.43,-1.64,0,1.69,1.9,0,-1.8,0.745,1.44,0,0,1.16,0,0,1.91,1.54,0,0,0,-1.4,0,0,0,0.0448,1.69,-1.14,0,0,1.33,0
-1.71,1.84,0,-1.97,-1.6,-1.83,1.95,1.93,0,0,1.93,1.82,0,0,-1.96,-1.97,1.94,0,-1.7,1.87,0,0,0,0,1.48,0,0,1.95,1.57,0,0,1.83,0,-1.79,0,1.71,0,-1.7,0,1.98,1.83,-1.94,1.63,1.78,0,0,0,0,-1.78,0,1.82,0,-1.5,1.82,-1.77,-1.8,0,-1.91,0.911,1.89,-1.79,0,1.92,1.67,0
-0.381,0,0,-1.73,0,0,1.31,1.55,0,0.149,0,0,1.68,0,0,0,1.28,1.3,-1.27,0,1.22,0,-1.44,0,0,0,0,0,0,-1.42,0,0,-0.161,0,1.39,0.405,0,0,1.53,1.51,1.38,0,0,0,-0.917,0,0,0,-0.329,1.86,0,1.46,0,0,-0.904,-0.756,1.04,0,0,0,-0.0882,1.46,0,0.0924,0
0,1.54,1.77,0,-1.56,0,1.82,0,1.67,-1.35,1.63,0,0,0,-1.82,0,1.77,1.28,-1.55,0,0,-1.52,-1.66,0,0,0,-1.65,0,1.44,0,-1.75,0,1.59,-1.34,1.78,0,0,0,0,0,1.77,-1.7,0,0,0,0,0,-1.5,0,1.84,1.37,0,0,1.64,0,-1.7,1.68,-1.74,0,1.67,0,0,0,0,0
0,0,0,0,-0.922,-1.55,1.77,1.79,0.502,-1.57,0,0,0,1.16,0,-1.61,1.72,0,-1.22,1.69,0,0,0,0,0,0,0,0,0,-1.7,0,0,0,-1.6,0,1.28,0,0,1.69,1.88,0,0,0,0,0,-1.83,0.315,-1.16,0,1.94,0,1.79,0,1.4,0,0,0,0,0,1.71,-1.15,0,1.53,0,0
-0.965,1.49,1.89,0,0,-1.43,1.82,0,0.864,0,0,0,1.97,0,-1.88,0,0,0,-1.65,0,1.78,-0.975,0,1.87,0,0,0,1.87,1.02,-1.82,0,1.62,0,-1.69,0,1.14,0,-1.49,0,1.91,1.43,-1.88,0,0,0,-1.78,0,-1.46,-1.37,1.96,0,1.64,0,1.76,-1.34,0,0,0,-0.347,1.81,0,0,1.8,1.48,0
-1.68,0,1.96,0,-1.39,-1.72,1.89,0,1.76,-1.81,1.9,0,1.95,0,0,0,0,1.9,-1.71,1.78,0,0,0,1.7,1.57,0,0,0,0,-1.87,-1.78,0,1.64,-1.78,1.88,1.68,-1.75,0,0,1.96,1.87,-1.94,0,1.73,0,0,1.39,0,0,1.98,1.66,1.88,-1.45,0,0,0,1.77,0,1.17,1.86,0,0,0,1.61,0
0,0,1.76,-1.78,-1.52,-1.49,0,0,1.48,0,1.71,0,1.87,0,0,-1.81,1.49,1.47,-1.14,0,1.16,-1.34,0,0,0,0,-1.32,0,0,-1.72,0,1.53,1.05,-1.64,0,0,0,0,0,1.87,0,-1.84,1.01,1.36,0,0,1.47,-1.23,-1.42,1.84,0,1.48,-1.46,1.54,0,-1.47,1.13,0,0,0,0,0,0,1.42,0
0,0,1.53,0,-0.346,-0.385,1.51,0,0,-0.515,0,0.589,0,0,-1.19,-1.11,0,0.59,0,0,0,0,0,0.877,0,-1.1,0,0,0,0,-0.332,0,0.621,-1.17,1.32,0,-0.689,0,0,1.31,0.237,0,0,0,-0.519,-0.477,0,-1.02,-0.574,0,0.652,0.619,0,0.533,0,0,1.16,-1.36,0,1.43,0,0.608,0,0,0
-1.1,0,1.82,0,0,-1.24,0,1.81,0,-1.4,1.79,0,0,1.35,0,0,0,0,-1.44,0,1.15,0,-1.14,0,0,0,-1.61,0,1.25,0,0,1.39,0,-1.57,0,1.24,-1.23,-1.22,0,0,0,-1.87,0,0,-1.78,-1.83,1.05,0,-1.64,0,0,1.69,0,1.63,-1.57,-1.49,1.67,-1.72,0,1.69,0,1.56,1.54,0,0
0,0,1.97,0,0,-1.7,1.88,1.97,0,-1.76,0,0,1.96,1.85,-1.98,0,0,1.92,0,0,1.94,-1.83,-1.83,1.86,0,-1.92,0,1.94,0,-1.94,-1.89,1.88,1.84,-1.91,1.94,1.81,-1.94,-1.77,1.9,0,0,0,0,0,-1.94,-1.97,1.8,0,-1.82,0,0,1.83,0,0,-1.65,-1.81,1.38,0,1.35,1.96,0,1.87,0,0,0
-1.17,0,0,-1.82,0,0,0,1.61,0,0,0,0,0,1.71,0,-1.7,0,0,-1.21,0,0.551,-0.00789,0,0,1.03,0,0,0,0.698,0,0,0,0,0,1.65,0,-1.53,0,1.52,0,1.39,-1.65,0,0.856,-1.59,-1.72,0.857,0,-1.56,0,0,0,-1.44,1.28,-0.658,-1.03,0,-1.49,0.509,1.71,0,0,1.36,0,0
0,0,1.97,0,-1.76,0,1.96,0,1.84,0,0,0,0,0,0,-1.97,1.97,0,-1.85,1.89,1.93,-1.88,0,0,1.62,-1.92,0,1.93,1.64,-1.97,-1.88,0,0,0,0,1.84,-1.93,0,1.93,0,1.95,0,1.63,1.75,0,0,0,0,0,0,1.81,0,0,1.84,-1.79,-1.79,0,-1.81,1.08,0,-1.88,0,1.86,1.73,0
-1.89,1.91,0,0,0,0,0,0,1.91,-1.91,0,1.94,1.99,0,-1.98,-1.97,0,0,-1.87,1.94,1.97,0,0,1.97,1.76,0,0,1.98,1.85,-1.97,0,1.95,0,0,0,1.88,-1.94,0,0,0,1.92,0,1.79,0,0,-1.97,0,-1.84,0,0,1.93,1.95,-1.81,1.96,0,0,1.87,-1.97,1.3,0,-1.86,0,0,1.91,0
-1.63,1.44,0,0,0,0,1.86,0,0,0,1.78,1.81,0,0,0,0,0,1.54,-1.19,1.55,1.61,-1.39,-1.64,0,1.31,0,-1.83,0,1.35,0,-1.79,0,0,0,1.8,1.36,-1.73,0,1.74,0,0,-1.86,1.47,1.31,0,0,1,0,0,1.96,1.62,1.6,-1.57,0,-1.43,-1.59,0,0,0.257,0,0,0,0,1.52,0
-0.751,0,1.57,-1.66,-1.03,-1.35,0,1.6,1.17,-0.993,1.42,1.25,1.62,0,0,0,0,0.932,0,0,1.23,-1.16,0,1.53,0.918,0,-1.23,0,0.952,0,-0.946,1.13,1.29,-1.06,0,0.927,0,0,0,1.65,0,0,0.6,1.22,-1.56,-1.55,1.62,-0.825,-1.35,0,1.02,0,0,0,0,0,1.48,-1.38,0.603,1.52,-1.47,1.39,1.23,0,0
0,0,1.94,0,-1.42,-1.54,0,0,1.4,0,1.91,0,0,0,-1.92,0,1.85,1.74,-1.56,1.78,0,0,-1.3,0,1.57,0,-1.83,0,1.43,-1.82,0,0,0,-1.7,1.87,1.6,0,-1.38,1.9,1.96,1.75,0,1.21,1.47,0,0,1.1,-1.56,-1.63,0,1.69,0,-1.48,0,-1.71,-1.72,1.72,0,0.294,0,0,0,0,1.34,0
0,0.965,1.53,-1.82,0.565,0,1.57,0,0,-0.824,0,0.89,0,0.778,-1.36,-1.18,0,0,0,0,0,1.11,0,0.826,0,0,0,1.48,0,-0.991,-0.344,1.02,0,-1.46,0,0,-1.18,-0.366,0,1.33,1.42,0,0,0,-0.811,-1.4,-1.09,0,0,1.84,0.889,1.5,0,0,-0.573,0.418,0,-1.28,0,0,0.312,0,0.718,0,0
0,1.04,0,0,-0.749,-1.01,0,1.25,0,0,0,1.32,1.49,0,0,0,1.38,0,-0.966,1.1,0,0,-0.951,0,0,-1.33,0,1.19,0,0,-0.864,0,0,-0.922,0,0.926,0,0,1.1,1.47,1.14,-1.3,0,0,0,0,0,0,0,1.44,0.868,0,-0.715,0,0,0,0,0,0.443,0,0,1.04,0,0.809,0
0,1.67,1.96,-1.98,-1.65,-1.72,0,1.9,1.81,0,1.89,0,1.95,1.73,-1.96,0,0,0,-1.79,0,1.9,-1.76,0,0,1.52,0,-1.93,1.93,0,-1.92,0,1.8,0,0,1.9,0,0,-1.56,0,0,0,-1.95,1.62,1.88,0,-1.94,0,-1.82,-1.73,1.99,1.75,0,0,0,-1.74,0,0,0,0,0,0,1.67,0,1.81,0
-1.18,1.26,0,-1.58,-1.05,-1.16,0,1.55,0,-0.529,0,1.43,1.62,1.27,0,-1.58,1.6,1.15,0,0,0,0,0,1.41,0.652,-1.58,-1.53,0,0.935,0,0,0,0,-1.12,1.31,0,-1.33,-1.39,0,0,1.59,-1.3,0,0,-1.16,0,1.45,0,-0.511,1.7,1.09,1.22,-0.978,1.3,-1.17,-1.13,1.05,-1.18,0,0,-1.32,1.08,0,0,0
0,1.66,0,0,0,-1.61,0,1.9,0,-0.971,1.86,0,1.96,1.93,-1.58,0,1.93,1.85,0,1.7,1.47,-1.06,-1.77,1.73,0,0,0,1.81,0.936,-1.94,-1.89,1.83,0,-1.89,0,1.47,-1.9,0,1.85,0,0,-1.91,0,0,-1.92,0,1.86,-1.8,-1.78,0,1.69,1.78,-1.64,0,0,-1.44,1.4,-1.76,0.952,1.93,-1.72,1.88,0,0,0
0,1.14,0,0,0,-0.717,0,1.63,0.124,0,0,1.26,1.8,0,0,-1.64,0,0.812,-0.56,0,0,0,-0.173,1.02,-0.0458,0,-1.15,0,0,0,0,1.1,0.269,0,0,0.266,-1.35,0,1.56,0,0,-1.65,0.312,0,0,-1.4,0.536,0,0,1.91,0.657,0,0,0.698,-0.549,0,0.87,0,0,1.26,-0.0775,0,1.15,0.231,0
-1.41,0,1.72,-1.77,0,0,1.75,1.79,1.53,-1.16,1.57,0,0,0,0,-1.68,1.72,0,-1.41,0,1.3,0,-1.48,1.68,1.07,0,-1.63,0,1.09,-1.69,0,0,0,0,1.69,1.48,0,-1.42,0,1.79,0,-1.64,1.3,0,-1.51,-1.6,0,-1.32,0,0,0,0,-1.58,0,-1.48,-1.52,0,0,1.13,0,-1.7,1.42,0,1.36,0
-1.35,0,1.69,-1.66,-1.22,-1.27,1.68,0,1.17,0,0,1.46,0,0,0,0,1.48,0,0,1.42,0,-0.775,-1.42,0,0.644,-1.53,-1.45,1.36,0.754,-1.48,0,1.08,0,-1.09,0,0,0,0,0,1.66,1.5,0,0,0,-1.28,-1.57,1.52,-1.18,-0.633,0,0.806,1.23,0,0,0,0,0.798,-1.19,0,0,-1.55,0,0,0,0
0,0,0,0,-1.35,-1.47,0,0,0,0,0,0,1.81,0,0,-1.66,1.73,0,0,0,0,0,-1.51,1.6,0,-1.66,0,0,0,-1.71,0,1.22,1.37,-1.51,0,1.05,0,-1.42,1.58,1.81,0,0,0,0,-1.56,0,0,0,0,1.82,0,1.41,-1.3,1.32,-1.51,0,1.5,0,0.346,1.74,0,0,0,1.13,0
-1.22,0,0,-1.75,0,0,0,0,1.23,-1.05,1.48,0,0,1.29,-1.7,-1.43,1.61,0.992,-1.34,0,1.46,0,-1.66,1.41,0,0,0,0,0.917,0,0,1.16,0,-1.36,0,0,-1.06,0,0,0,1.73,-1.7,0,0,0,0,1.44,0,0,0,1.07,0,0,0,-1.45,-1.47,1.29,0,0,0,0,1.29,1.46,1.07,0
0,1.33,1.69,0,0,0,0,0,0,0,1.6,1.27,0,1.2,0,0,0,0,-1.27,0,1.39,0,-1.38,1.49,1.33,0,0,0,1.08,-1.6,-1.44,1.22,0,-1.17,0,0.751,-1.1,0,0,0,0,0,1.12,1.12,0,-1.58,1.19,-1.32,-1.14,1.78,0.896,1.57,0,1.3,0,0,1.56,0,0,0,0,1.47,1.3,0,0
-0.693,0,0,0,-0.683,-1.32,1.75,0,0.484,-1.27,0,0,1.92,1.01,0,0,0,1.23,0,0,0,0.421,-0.884,0,0.773,-1.68,-1.57,0,0,-1.63,-1.05,1.18,1.34,-1.66,1.65,1.35,-1.6,0,0,1.84,1.43,-1.63,0.637,1.33,-1.62,0,0,-0.904,0,1.93,0,0,-0.623,1.55,0,-1.03,1.72,-1.68,0.286,0,-0.803,0,0,0,0
-1.56,0,0,0,-1.26,0,0,0,0,-1.22,0,1.69,1.84,1.75,0,0,0,1.39,0,1.68,0,0,-1.62,0,0,-1.63,-1.46,1.79,0,0,0,1.54,1.52,0,0,0,0,0,1.68,1.77,0,0,1.21,1.45,-1.75,0,1.74,0,0,1.86,1.15,0,-1.52,0,-1.55,-1.61,0,0,1.25,1.63,-1.74,1.7,0,1.44,0
0,0,0,0,-1.31,-1.17,1.65,1.79,0,-1.13,0,1.5,1.9,1.6,-1.28,-1.6,0,1.3,-1.33,1.4,1.19,0,0,0,1.21,0,0,0,0,0,0,0,1.38,0,0,1.06,0,0,0,1.85,0,-1.82,0.627,0,-1.69,-1.85,1.28,0,-1.7,0,0,0,0,1.46,0,0,1.76,0,0.72,0,0,0,0,0,0
0,0,1.95,-1.95,-1.48,0,0,0,0,-1.36,1.86,1.67,0,1.41,-1.93,-1.89,1.89,1.68,-1.64,1.75,0,-1.65,0,1.66,1.44,-1.88,0,1.83,0,-1.94,-1.82,1.67,1.29,-1.79,0,1.38,0,-1.7,1.84,0,1.81,0,0,1.57,0,-1.85,1.45,-1.73,-1.64,1.98,0,1.79,0,1.61,0,0,1.63,-1.86,0,1.84,-1.36,0,1.8,0,0
0,0,1.97,0,0,-1.75,1.87,1.9,1.69,-1.66,1.94,0,0,0,-1.91,0,0,1.84,-1.81,0,1.87,-1.77,-1.57,0,0,0,0,1.95,0,-1.85,0,0,0,0,1.86,1.79,-1.76,0,0,0,1.78,-1.91,0,1.7,-1.88,0,0,0,-1.58,0,0,0,-1.38,0,0,0,0,-1.89,1.01,0,0,1.74,0,0,0
0,1.22,1.44,0,0,0,0,1.35,0,0,0,1.26,0,0,-1.62,-1.48,1.51,0,0,1.27,0,0,-1.08,1.5,1.07,0,0,1.19,1.16,-1.29,0,1.39,0,-0.98,0,0,-1.32,0,0,1.3,0,0,0,0,-1.36,-1.27,0,-1.23,0,1.53,0.981,1.02,0,0,-1.11,0,0,-1.38,0.992,0,-1.43,0,0.983,0,0
0,-0.182,0,0,0,0,0.432,0,-0.557,0.489,0,0,0.849,-0.0459,0,-0.747,0,0,0,0,0,0.812,0,0.176,0,-0.698,0,0,-0.791,0,0,0,0.203,-0.389,0.743,-0.523,0.0359,0,0.612,0,0,0,0,-0.28,0.108,0.00776,0,0,0.299,0.631,0.0785,0,-0.757,-0.523,0,0,0,0,0,0.511,0.585,0,0.0607,0,0
0,0,0,0,-1.61,-1.45,1.68,0,1.51,0,1.67,1.6,1.88,1.77,-1.74,0,0,1.26,-1.42,0,0,0,-1.79,1.44,0,0,-1.42,1.63,0,-1.75,0,0,1.45,0,1.6,1.52,-1.62,-1.77,0,1.85,0,-1.7,0.956,0.611,-1.77,0,0,0,-0.834,0,0,1.73,0,1.51,0,0,0,0,1.34,0,-1.74,0,0,1.45,0
0,1.39,1.51,0,-1.32,-1.32,1.63,0,1.25,0,1.62,1.58,1.83,1.61,0,0,1.6,0,-1.47,0,1.15,-1.12,0,1.56,0,-1.61,0,1.59,0.847,0,0,0,0,-1.2,1.63,0,0,0,1.27,0,0,-1.62,1.01,0,-1.47,-1.69,0,0,-1.55,1.72,0,1.62,-1.52,1.31,0,0,0,-1.54,0,0,0,1.43,1.04,1.06,0
-1.28,1.7,0,-1.93,-1.32,-1.69,1.86,1.95,0,-1.67,0,1.64,0,0,-1.9,0,0,0,-1.57,1.85,1.78,0,-1.67,1.86,0,0,0,1.9,1.32,0,-1.69,0,0,-1.81,1.81,0,-1.74,0,0,1.94,0,0,1.2,1.75,0,0,0,0,-1.66,0,1.77,0,0,0,0,0,1.74,0,0.143,0,0,1.72,1.86,0,0
0,1.68,1.74,0,-1.59,-1.48,0,1.77,0,-0.488,1.68,0,1.8,1.59,0,0,1.73,0,0,1.78,0,-1.53,-1.82,0,1.25,-1.82,-1.64,1.68,0,-1.8,0,0,0,0,1.71,1.59,-1.48,0,0,0,1.87,0,1.16,0.429,0,0,0,0,-0.75,0,0,0,-1.37,0,-1.76,-1.62,0,-1.64,0,1.65,0,1.68,1.46,1.38,0
-0.608,1.33,1.69,-1.84,0,-1.31,1.47,1.63,0,0,0,0,0,0,-1.38,0,0,0,-0.866,0,0,0.622,0,1.29,0.733,0,-1.14,1.79,0.0981,0,-0.753,1.43,1.02,-1.59,0,1.11,-1.26,0,0,0,1.5,-1.61,0.0175,0,0,-1.68,0,-0.797,-0.517,0,0,0,-0.732,0,0,0,1.39,0,-0.221,1.52,-0.845,0,1.13,0,0
0,1.81,0,0,0,0,1.86,0,1.62,0,1.87,1.74,1.95,0,-1.87,-1.93,0,0,-1.51,1.86,1.84,-0.958,-1.72,1.87,0,0,0,0,1.49,-1.86,-1.73,0,1.69,0,1.83,1.7,-1.81,0,1.89,0,0,-1.88,0,0,0,0,0,0,-1.59,1.98,1.82,1.89,-1.42,0,0,-1.54,0,0,0,0,-1.78,0,1.76,0,0
-1.46,1.35,1.86,-1.92,0,-1.43,0,0,0,-1.38,1.56,0,1.89,0,-1.87,-1.84,1.75,0,-1.53,0,1.64,0,-1.48,1.71,0,-1.59,-1.68,1.63,0,-1.79,-1.61,0,1.17,0,0,1.16,-1.72,-1.67,1.86,1.93,1.84,-1.75,0,0,-1.45,0,0,-1.67,0,0,0,1.69,0,0,-1.35,0,0,-1.4,0,1.71,0,0,1.25,0.995,0
0,1.77,1.98,-1.97,0,0,1.94,0,1.74,-1.81,1.94,1.84,0,0,-1.97,0,0,1.85,-1.93,0,1.92,-1.88,0,0,1.61,-1.92,0,0,1.67,-1.95,0,0,1.73,-1.93,1.92,0,0,-1.71,1.98,1.98,1.88,-1.94,1.64,1.81,0,0,1.83,0,-1.78,1.99,1.69,1.88,0,0,0,0,0,0,1.05,1.91,0,1.88,1.89,1.74,0
-1.58,0,0,-1.86,-1.4,-1.51,1.82,0,0,-0.668,0,0,0,0,0,-1.75,1.71,0,0,1.55,1.41,0,-1.66,1.51,1.36,0,-1.4,1.62,1.14,-1.71,-1.55,0,0,0,0,0,-1.64,-1.6,1.64,0,0,0,0,1.13,0,0,0,-1.46,-1.35,1.91,1.31,0,0,1.46,0,0,1.47,0,0.9,1.67,0,1.6,0,1.3,0
0,0,0,0,0,0,1.9,1.92,1.35,0,0,1.67,1.94,0,0,-1.91,0,0,0,1.62,1.35,-1.06,0,0,0,-1.76,-1.53,0,0,-1.95,0,1.67,1.61,-1.9,1.87,1.47,0,0,0,1.94,1.62,-1.94,0,0,0,0,1.81,0,-1.83,1.97,1.56,1.74,0,1.51,-1.78,-1.48,0,0,0,0,-1.58,0,1.83,0,0
-0.988,0,0,0,-1.19,-1.18,1.63,0,0,0,0,1.42,1.57,0,0,-1.37,1.32,0.785,-1.03,0,0,-0.905,0,1.36,0,-1.16,0,1,0,0,0,0,0.484,-0.689,0,1.14,0,-1.18,1.51,1.55,0,0,0,0.602,-1.13,0,1.34,0,-0.839,1.62,0.488,0,-1.07,0,0,0,0,0,0.542,1.04,-1.22,0.944,1.02,0,0
0.0232,0.254,0,0,-0.863,0,0,1.02,0,0.804,0,0,0,0,0,-1.07,0,0,-0.0923,0.371,-0.465,0.215,-0.874,0.0237,-0.192,-1.01,-0.757,0.802,-0.387,-1.37,-1.07,0.199,-0.655,-0.519,0,0,-0.735,-1.25,1.2,0,0,-0.504,0.238,0,0,-0.702,0.543,-0.304,0,1.24,-0.395,0.858,-0.664,0.114,-0.5,0,0.16,0,0,0.19,-0.59,0.417,-0.38,0,0
-1.4,1.08,1.49,-1.53,-0.959,-1.33,1.55,0,0,0,0,0,1.53,0,0,0,0,0.956,0,1.12,0,-0.955,0,1.2,0,-1.17,0,1.2,0.499,0,0,0,1,0,0,0,-1.5,0,0,1.66,1.52,0,0,0,-1.41,-1.66,0,-0.975,-1.36,1.55,0,0,0,0,-1.32,0,0,0,0,1.25,0,1.17,0,0,0
0,1.28,0,0,0,0,0,1.48,0,0,1.29,0,1.57,1.37,0,-1.49,0,0,-1.28,1.44,1.4,-1.28,0,0,0.959,-1.52,0,0,0,0,0,1.05,1.37,-1.2,0,1.23,0,-1.36,1.45,0,1.47,-1.36,0,0.832,0,-1.41,0,-1.33,-0.702,0,0,0,-0.854,1.28,-1.26,0,0,0,0,1.28,-1.3,0,0,1.15,0
-1.17,-0.402,0,0,0,0,1.28,1.56,0,0,1.2,0,0,1.05,0,-0.948,0,0.486,0,0.354,0.304,-0.0765,-0.393,0,0,0,0,0,0,0,-0.022,0,0,0.112,0,0,-1.13,0,1.33,1.11,0,-1.23,0.0498,0,0,0,0,0,0.111,0,0,0,0,0,-0.85,0,0.337,-1.48,0,0,0,0,0.577,0,0
-1.39,0,0,-1.57,-1.27,-1.35,1.73,1.62,1.64,-1.41,1.38,0,1.73,1.19,-1.71,0,0,0,-1.41,1.43,1.33,0,-1.42,1.52,0,0,0,0,0,-1.66,-1.34,1.32,0,0,0,1.19,-1.3,-1.41,1.53,1.77,1.26,-1.67,1.16,1.42,-1.45,-1.54,0,-1.32,-1.33,0,1.09,1.28,0,0,0,-1.53,0,0,0.812,1.39,-1.37,0,0,0,0
-1.53,1.57,1.73,0,0,-1.47,1.76,1.76,0,0,1.68,1.39,0,0,-1.66,0,0,0,-1.25,1.71,1.4,-1.49,-1.82,1.48,1.2,0,-1.4,1.57,1.51,0,-1.58,1.38,0,-1.61,0,1.27,-1.47,0,0,1.76,0,-1.75,1.11,0,0,-1.71,0,-1.32,-0.962,1.89,0,1.62,0,1.47,-1.65,0,1.77,-1.52,1.29,1.68,-1.58,1.69,1.49,1.3,0
-0.999,1.41,1.91,-1.96,-1.4,-1.27,0,1.68,0.557,0,1.76,0,1.91,0,0,-1.85,1.77,0,0,1.64,1.53,-0.437,0,0,0,-1.65,0,1.66,0.863,-1.8,-1.59,1.64,0.215,-1.61,0,0,-1.67,0,0,0,0,-1.78,0.713,0,-1.5,-1.77,0.944,0,0,1.98,1.23,0,-1.47,1.29,0,-0.883,1.02,0,0,0,-1.23,1.58,0,0,0
0,1.64,0,0,-1.37,-1.65,0,1.9,1.56,0,0,0,1.93,1.66,0,0,0,0,0,0,0,0,-1.56,0,1.42,0,0,1.92,1.47,-1.87,-1.77,1.67,1.56,0,0,1.59,0,-1.32,1.9,1.95,0,-1.92,1.25,0,-1.75,-1.85,1.16,-1.61,0,0,1.57,0,-1.37,0,0,-1.64,1.65,0,0,1.83,-1.62,0,1.76,0,0
-1.54,0,1.68,0,0,-1.42,1.75,1.68,0,-0.446,1.71,1.53,0,0,0,0,1.72,1.26,-1.41,1.65,1.48,-1.5,0,0,1.22,-1.68,-1.44,1.62,0,-1.74,-1.33,0,0,0,0,1.33,-1.44,0,0,0,0,0,0,0,0,-1.72,0,-1.26,-0.795,1.83,0,0,0,0,0,-1.45,0,0,0,0,-1.7,0,1.45,0,0
0,0,0,-1.96,0,0,1.93,1.9,0,0,1.89,1.79,1.95,0,-1.95,-1.96,1.91,0,0,1.79,1.87,-1.68,0,1.8,1.58,-1.9,0,1.92,1.68,0,0,0,1.71,-1.88,0,1.82,-1.9,0,0,0,1.89,0,1.5,1.7,0,-1.9,0,-1.76,0,1.99,1.8,0,0,1.77,-1.61,-1.71,1.65,0,1.15,0,0,0,1.84,1.49,0
0,0,1.91,0,-1.58,0,1.88,1.91,1.75,-1.53,1.86,1.88,1.93,1.73,-1.95,-1.94,1.91,0,-1.68,0,0,-1.68,-1.8,0,0,-1.87,0,0,0,0,-1.84,0,0,-1.85,0,0,0,-1.77,0,1.96,0,0,1.59,1.49,0,-1.96,1.74,-1.75,0,1.99,1.66,1.84,0,1.76,-1.69,0,0,-1.8,1.16,0,0,0,1.8,1.57,0
-1.44,0,0,-1.94,-1.34,-1.53,0,0,1.33,0,0,0,1.97,0,-1.93,0,0,0,0,0,0,0,-1.65,1.88,1.2,-1.8,-1.85,0,1.4,0,0,0,0,-1.82,1.89,1.43,0,0,0,1.94,1.72,0,1.35,1.61,0,-1.88,0,-1.49,0,0,0,1.8,-1.42,0,-1.61,-1.68,0,0,0,0,-1.28,0,0,1.54,0
0,0,1.97,-1.96,0,0,1.88,1.94,1.82,0,0,0,1.99,1.82,-1.96,-1.96,1.98,0,0,0,0,0,-1.84,1.87,0,0,0,0,0,-1.96,0,1.79,0,-1.91,1.92,1.85,0,-1.84,1.89,0,1.86,0,1.27,0,-1.94,0,0,-1.73,0,1.99,1.88,1.91,-1.59,0,-1.84,0,0,-1.91,0,1.92,0,1.93,1.92,0,0
-1.25,1.26,0,-1.92,0,0,0,1.89,0,-1.25,0,0,0,0,0,-1.86,0,1.56,-1.57,0,1.84,-1.62,-1.62,0,1.1,-1.8,-1.71,1.72,0,-1.84,-1.54,1.43,1.65,-1.63,0,0,0,-1.51,0,1.89,0,0,0,1.45,-1.62,-1.75,1.66,0,-1.51,0,1.56,1.68,-1.61,1.76,-1.55,0,1.57,0,0.464,0,0,1.41,1.66,1.38,0
-1.65,0,0,0,-1.45,-1.67,1.79,1.89,0,-1.54,1.79,0,0,1.86,-1.79,0,0,0,0,0,1.73,-1.54,0,1.79,1.39,-1.82,-1.67,0,0,0,-1.77,0,1.51,0,0,1.48,-1.74,0,1.84,1.88,0,-1.76,1.28,1.38,-1.86,-1.87,1.82,-1.59,0,0,0,1.62,-1.51,1.71,-1.76,0,0,-1.72,1.05,1.81,-1.74,1.77,1.77,1.58,0
0,0,1.85,-1.93,-0.736,-1.57,1.78,1.77,0.655,0,0,0,1.88,0,0,-1.76,0,0,0,1.7,1.63,-0.0814,-1.34,0,1.03,0,0,0,0.899,0,0,1.44,1.39,-1.72,0,1.45,-1.73,-1.24,1.79,0,0,0,0,1.53,0,-1.82,0,-1.32,-0.965,1.95,1.53,1.71,0,0,-1.39,0,1.78,-1.79,-0.102,1.75,-1.14,1.74,0,1.35,0
0,0,0,-1.48,0,-0.405,0,1.33,0,-0.469,1.33,0.643,0,0,0,-1.17,0,0.583,-0.532,0.744,0,-0.104,0,0,0,-1.15,0,1.01,0.381,-1.3,-0.249,0,0,-1.02,0,0,0,0,1.1,0,0,0,0.218,0.436,-0.89,-0.906,0.453,-0.766,0,1.51,0,1.04,-1.45,0.74,0,-0.646,-0.0857,0,0,1.33,-0.338,0,0.582,0.176,0
0,1.79,1.97,-1.98,-1.75,0,0,0,0,-1.9,1.93,0,0,0,-1.96,-1.98,1.94,0,-1.8,1.84,0,-1.89,-1.77,1.92,0,-1.92,0,1.95,0,0,0,1.86,0,-1.86,0,1.88,0,0,0,0,1.93,0,0,0,0,0,0,-1.86,-1.83,0,1.8,1.85,0,1.9,-1.84,-1.86,0,-1.95,1.08,1.94,-1.9,0,1.9,1.85,0
0,0,1.63,-1.67,0,-1.06,1.68,0,0,-0.889,0,0,0,1.71,0,-1.41,0,1.4,0,0,0,-0.487,-0.597,1.44,-0.346,0,-0.978,1.6,0.397,0,0,0,0,0,0,0,0,0,1.61,0,0,0,0.209,0.32,-1.2,0,0,-0.883,0,0,0.538,1.29,-0.756,0.549,-1.34,0,0.493,-1.47,-0.329,1.39,-1.01,1.16,0,0,0
0,0.651,0,-0.736,0,0,0,0.908,0,0,0.782,0.762,0,0.883,0,0,0,0.478,-0.708,0.873,0,0,-0.822,0,0.331,0,0,0,0,-1.04,0,0,0,-0.652,0,0,-0.708,0,0.711,0,0.622,0,0.414,0,0,-0.892,0,0,0,0,0,0.435,0,0.606,-0.609,-0.768,0.783,-0.482,0.104,0,-0.427,0,0.547,0,0
-1.26,0,1.9,0,-1.43,-1.33,0,1.81,0,0,1.83,1.55,1.96,1.63,-1.88,-1.94,1.72,0,0,0,1.62,-1.16,0,1.7,0,0,0,1.94,0,0,-1.62,0,0.718,-1.67,0,1.45,0,-1.54,0,0,1.47,-1.9,1.4,0,-1.81,-1.8,0.719,-1.74,-1.64,0,0,1.65,-1.25,1.7,0,0,0,-1.79,0.258,1.78,-1.4,1.46,0,0,0
-1.32,0,0,-1.67,-1.29,0,1.68,0,1.38,0,1.33,0,1.77,0,0,0,0,0,-1.31,0,1.36,0,-1.37,1.54,0,-1.67,0,1.36,1,-1.67,0,1.22,1.37,-1.12,0,1.28,-1.43,-1.46,0,0,1.42,0,1.05,0.863,0,-1.31,1.43,-1.24,-0.679,1.76,0.994,1.39,0,1.34,0,0,1.49,0,0,0,0,0,0,1.07,0
0,1.6,1.78,0,-0.698,-1.31,0,0,0.722,-1.23,1.58,0,0,0,-1.78,-1.56,0,1.28,0,0,0,0,-1.35,0,0.588,0,0,1.73,0,0,-1.06,0,1.29,-1.42,1.59,0,0,0,0,0,1.7,-1.62,0.69,1.38,0,-1.73,0,-1.26,0,0,0,0,-0.898,1.48,-1.39,0,0,-1.69,-0.532,0,0,1.55,1.47,1.19,0
-0.836,1.2,0,-1.52,-1.1,-1.02,0,0,0,-0.859,0,0,0,1.43,-1.7,-1.6,1.63,0,-1.18,1.44,1.25,0,-1.29,1.43,0,0,-1.52,0,1.14,0,0,0,0,-1.36,0,1.21,0,0,1.67,0,1.44,-1.73,0,0,0,0,1.36,0,-1.16,0,0,0,-1.23,0,-1.38,-1.51,0,-1.58,0,0,0,0,0,0,0
0,1.03,0,0,0,-0.728,1.63,1.27,0,-0.271,0,0.947,0,0,-1.49,0,1.35,0,0,1.39,0,0,0,1.26,0,-1.44,0,1.51,0,0,0,0.589,0,-1.43,1.4,0,0,0,0,0,0,-1.03,0,0.968,-1.37,0,0.6,-1.07,-0.112,0,0.768,0,-0.35,0,0,0,0,0,-0.863,0,-0.264,1.41,0,0,0
-0.866,1.3,1.81,0,0,0,1.47,0,0.707,-1.45,0,0,1.93,0,0,-1.78,1.76,0,0,1.25,1.59,-0.914,-1.5,0,0,0,-1.45,0,0.788,0,0,1.5,0.985,0,0,0,-1.52,-1.31,1.85,1.84,1.37,0,0.44,1.15,0,0,0,0,-1.05,0,0,0,0,1.42,-1.07,0,1.18,-1.68,-0.798,0,0,1.47,1.73,0,0
0,1.67,1.91,-1.97,-1.51,0,1.87,1.93,0,0,1.91,1.7,1.95,1.74,0,-1.94,0,0,0,1.77,1.82,0,0,0,1.31,-1.83,0,1.96,1.28,0,-1.6,0,0,-1.86,0,1.45,-1.84,-1.71,0,0,0,0,1.33,0,-1.88,0,0,-1.53,0,1.98,0,0,-1.64,0,-1.4,0,0,-1.85,0,1.91,0,1.72,1.88,0,0
-0.508,1.23,1.63,-1.69,-0.328,-1.19,1.67,1.69,0,0,0,0,0,1.22,0,0,1.61,0,-1.1,0,1.18,-0.155,0,0,0,-1.39,0,0,0,0,-0.752,0,0,-1.5,1.29,0,-1.48,0,0,0,0,-1.09,0.573,0,-1.42,0,0.639,-0.949,-0.381,1.86,0,0,0,1.47,0,0,1.18,0,-0.283,1.45,0,0,0,0,0
0,0,0,-1.7,-1.22,0,0,1.79,0,-1.42,0,1.59,0,0,-1.77,-1.71,1.63,0,-1.61,1.57,1.42,0,0,1.65,0,0,-1.54,0,0,-1.67,-1.52,0,0,-1.44,1.79,1.54,-1.59,0,0,0,1.57,0,0,0,-1.68,-1.71,0,-1.37,0,0,1.27,0,-1.4,0,0,-1.5,0,0,0.919,0,0,1.47,1.55,1.29,0
0,0,1.57,0,-1.44,0,0,0,0,0,0,0,0,1.78,0,-1.67,1.71,0,-1.58,0,1.32,-1.35,0,0,0,0,-1.39,0,1.09,-1.69,-1.47,0,1.48,-1.38,0,0,-1.61,-1.66,0,0,1.55,-1.6,1.26,0,-1.56,0,0,0,0,1.8,0,0,-1.6,0,0,0,0,-1.48,0,0,0,1.57,0,1.28,0
-1.69,1.82,0,0,0,-1.62,1.89,1.94,0,-1.78,0,0,1.98,1.87,0,0,0,0,0,1.82,1.84,0,0,0,0,-1.88,0,1.95,1.6,-1.95,-1.8,0,0,0,1.9,0,-1.87,-1.74,1.89,1.97,1.8,-1.96,1.25,1.71,-1.89,-1.93,0,0,-1.83,1.99,0,1.86,0,1.74,0,-1.74,0,0,0,0,0,1.88,0,1.7,0
0,1.65,0,-1.88,0,0,1.89,0,1.53,0,1.85,0,1.94,0,-1.83,-1.89,1.81,0,0,0,0,0,-1.49,0,0,-1.72,0,1.88,1.38,0,0,1.69,1.61,-1.82,0,0,0,0,1.88,0,0,-1.89,1.51,1.4,0,-1.86,0,-1.71,-1.66,1.97,0,1.68,0,0,0,-1.62,0,0,0,1.74,0,1.62,1.82,1.43,0
0,0,0,0,-1.39,-1.44,1.87,1.83,1.48,0,0,1.68,0,0,-1.89,0,0,0,-1.79,1.61,1.8,0,0,1.63,1.36,0,-1.83,1.88,1.45,-1.91,-1.77,0,1.63,0,1.86,1.6,0,-1.45,1.89,0,1.75,0,1.35,1.54,-1.74,-1.85,0.872,0,0,0,0,1.62,0,0,-1.55,-1.67,1.68,-1.79,0,0,-1.46,1.45,1.77,1.3,0
0,0,1.41,0,-1.26,-1.56,0,1.72,1.58,-1.13,0,1.7,1.75,1.64,0,-1.68,1.7,1.32,0,0,0,0,-1.47,0,1.16,-1.54,-1.28,0,0,-1.5,-1,0,0,0,1.43,0,0,0,1.54,1.68,1.53,0,1.07,0,-1.66,-1.67,0,-0.886,-1.19,0,0,0,0,1.58,-1.54,0,0,-1.56,1.12,0,-1.74,0,1.22,0,0
0,1.82,0,-1.97,0,-1.78,1.91,0,0,-1.85,1.93,0,1.97,1.72,-1.96,0,0,0,0,1.77,0,0,-1.84,0,0,-1.82,0,0,0,0,-1.79,0,0,-1.76,1.89,1.63,-1.8,0,1.86,1.97,0,0,0,1.76,-1.89,0,1.62,0,0,1.98,0,1.82,0,1.87,0,0,0,0,0.568,1.89,0,1.7,1.88,1.79,0
-0.811,0,1.58,-1.71,-0.964,-0.741,1.61,1.76,0,0,0,0,0,0,-1.83,-1.67,1.7,0.521,-0.92,0,0,-1.04,-1.71,1.51,0,-1.59,-1.31,0,0,0,0,0,1.1,0,0,0,-1.23,-1.19,1.69,1.69,0,-1.65,0,1.14,0,-1.65,0,0,-0.905,0,0,0,0,0,0,0,1.29,-1.44,0.213,0,0,1.13,0,0,0
-1.32,0,0,-1.97,-1.37,-1.24,0,1.73,0.671,-1.24,0,0,1.93,1.71,0,0,0,0,0,0,0,-1.32,-1.25,0,0.835,-1.76,0,1.85,0,-1.88,-1.75,0,0,-1.73,0,0.945,0,0,0,1.91,0,-1.78,1.16,1.11,-1.78,0,1.23,0,-1.63,1.98,1.5,0,-1.3,0,-1.35,-1.5,0.898,0,0,1.7,-1.18,0,0,0.727,0
0,0,0,0,-1.4,-0.963,0,1.67,0,0,0,0,1.81,1.5,0,-1.62,1.78,1.47,0,1.63,0,-1.71,0,0,0.902,0,0,1.47,1.44,-1.83,0,1.46,0,-1.33,1.55,0,-1.45,-1.44,1.7,1.82,1.46,0,0,0,-1.52,0,0,-1.53,0,0,1.38,1.39,-1.22,0,0,-1.53,0,-1.51,0.38,0,-1.47,0,1.58,0,0
-1.6,0,0,0,-1.41,0,0,1.92,1.59,-1.87,1.88,1.83,1.95,1.66,-1.87,0,1.87,0,-1.57,0,0,0,0,1.84,0,-1.84,0,1.9,0,-1.84,0,1.75,0,-1.73,1.88,0,0,-1.65,1.89,1.95,1.76,-1.95,1.16,0,0,0,0,-1.6,0,1.97,0,1.76,-1.61,1.65,0,-1.67,0,0,0.277,0,-1.66,0,1.83,1.42,0
-1.79,0,0,-1.96,-1.72,0,1.95,0,1.89,0,1.94,0,1.98,1.86,-1.95,0,1.95,1.91,0,0,0,-1.8,0,1.88,0,-1.94,0,0,0,0,-1.9,1.86,0,-1.89,1.93,1.81,0,0,0,0,0,-1.97,0,1.86,0,-1.97,1.74,0,-1.73,0,1.84,0,-1.75,1.88,0,0,0,0,1.26,0,0,0,1.94,0,0
-1.39,0,0,0,-1.13,-0.893,1.65,0,1.23,-1.1,1.48,1.19,1.55,1.35,-1.42,-1.37,1.36,0,-1.22,1.13,0,-1.51,-1.24,0,0,-1.57,-1.37,0,0.697,0,-0.609,0,0,-1.09,1.52,1.16,0,-1.24,1.36,0,1.09,-1.56,0,0,0,-1.23,0,0,-0.41,1.75,1.2,1.14,-1.27,0,0,0,1.06,0,-0.0238,1.36,0,0,1.31,1.18,0
0,0,0,-1.65,0,0.0331,0.857,1.58,0.362,-0.0803,0,0.766,0,1.63,-0.638,0,0.993,0.924,-0.56,0.828,0,0.495,-1.2,1.31,-0.565,0,-0.384,1.58,-0.21,-1.61,-0.646,1.29,0.247,0,1.48,0,0,-0.901,0.962,1.24,-0.229,-1.48,0.238,-0.573,0,0,0.25,0,0,1.32,0.633,1.2,0,0,0,0,0,-1.12,-0.408,1.36,-0.349,1.39,0,0.938,0
0,0,1.74,-1.64,-1.15,-1.34,0,1.71,0,0,1.63,1.65,1.85,0,0,-1.73,1.64,0,0,0,1.26,0,-1.17,0,0,0,-1.55,1.85,0,0,-1.61,0,0,0,0,1.38,0,-1.61,0,0,0,0,0.976,0,-1.52,-1.74,1.17,0,0,1.87,0,1.44,0,1.58,-1.39,0,1.76,0,0,1.56,-1.44,0,1.54,0,0
0,0,1.78,0,-1.54,0,1.77,1.83,0,-1.43,1.71,1.72,1.89,0,0,-1.78,0,0,0,0,1.38,0,-1.55,1.82,0,0,-1.49,0,1.47,0,-1.68,0,0,0,0,1.52,-1.71,-1.68,1.83,0,1.73,0,1.38,1.22,-1.75,-1.85,1.62,-1.33,0,1.88,0,0,0,0,-1.62,0,0,-1.74,0,0,-1.78,0,0,1.46,0
-1.53,0,0,-1.9,-1.54,-1.69,0,1.91,0,-1.58,0,0,0,1.79,-1.87,-1.76,1.88,1.59,0,0,1.79,0,0,1.86,1.31,0,0,1.82,1.58,-1.89,-1.8,1.65,1.76,0,1.9,0,0,-1.62,1.81,1.92,0,-1.81,1.55,0,-1.79,-1.86,1.65,0,0,1.94,1.68,0,-1.58,0,0,-1.85,0,0,1.15,0,0,0,1.83,1.58,0
-1.06,1.65,0,-1.91,0,-1.58,0,1.84,0,0,0,1.62,1.91,0,0,0,0,0,0,1.74,0,-0.343,0,0,0,-1.73,-1.72,0,0,0,0,0,1.21,-1.67,1.78,1.57,-1.65,0,1.73,0,1.75,0,0,0,-1.6,-1.8,0,-1.19,0,0,1.63,0,-0.99,0,-1.39,0,0,-1.76,0.133,1.68,-1.05,1.72,1.56,1.3,0
-0.0236,0,1.14,-1.52,0,0,1.28,0,0,0,0.24,0.663,0,0.963,0,-0.855,0,0,0,0.437,-0.0495,0,-1.13,0,0,0,0,0.631,-0.117,0,0,0.399,-0.642,0,0.943,0,-0.586,0,1.19,0,1.37,-0.351,0,0,0,0,0,-0.519,0,0,0,0,0,0,0,-0.368,0,0,-0.031,0.297,-0.983,0.25,0,-0.317,0
-1.51,0,1.56,0,0,0,0,1.72,1.42,-0.876,0,1.55,0,1.51,0,-1.26,0,0,0,1.62,0,-1.45,0,0,0.828,-1.55,-1.61,0,0,0,-1.06,1.13,0,-1.33,0,1.51,-1.42,0,0,1.78,0,-1.45,0.928,0.996,0,-1.6,1.59,0,-0.601,0,0,1.35,-1.19,0,0,-1.36,0,-1.34,0,1.37,0,0,1.3,0,0
0,0,1.6,-1.86,0,-1.34,0,0,1.38,-0.456,0,1.31,0,1.64,-1.6,-1.57,1.69,1.05,0,0,0,-1.38,0,0,0,-1.68,-1.16,1.52,0,-1.76,-1.41,1.42,0,-1.49,0,1.27,0,0,1.76,1.76,1.75,0,0.939,0.469,-1.66,0,0,-1.3,-0.971,1.85,0,0,-1.41,1.12,-1.66,-1.32,1.71,-1.25,1.09,0,-1.52,0,0,1.15,0
0,0,0,0,-1.57,-1.43,1.85,0,1.78,0,1.82,1.68,1.92,1.62,0,-1.72,1.81,1.64,-1.72,1.83,1.71,0,0,0,1.41,0,0,0,1.58,0,0,0,1.67,-1.72,0,0,-1.57,-1.74,1.72,1.91,0,0,0,1.32,-1.82,-1.84,1.64,0,-1.28,0,0,1.78,0,0,0,0,0,0,0,0,-1.49,1.71,0,1.72,0
-1.81,0,1.97,0,-1.66,0,1.94,1.97,0,0,1.95,1.88,1.98,0,-1.97,0,1.98,1.88,-1.89,1.91,1.93,0,0,1.92,0,-1.92,-1.94,0,0,-1.97,0,1.87,1.9,-1.93,0,1.88,0,0,0,0,1.93,0,1.57,0,-1.93,0,1.85,-1.82,-1.92,0,0,0,-1.73,0,0,0,1.84,0,0,0,-1.82,0,0,1.86,0
0,0,1.93,-1.92,0,0,1.84,0,0,-1.32,1.8,1.73,0,0,0,-1.83,1.84,1.76,0,1.74,1.44,-1.35,-1.57,0,1.32,0,0,1.86,1.02,-1.89,-1.9,1.45,1.49,0,0,1.64,-1.83,-1.71,0,1.96,1.77,-1.86,0,1.39,-1.84,0,1.81,-1.49,-1.81,1.95,1.38,0,-1.41,1.69,-1.69,0,1.74,-1.74,1.32,0,0,0,0,0,0
0,0,0,-1.97,0,-1.69,1.93,1.96,1.76,-1.8,1.92,0,1.99,1.92,0,-1.95,1.94,0,0,1.86,0,0,-1.68,1.83,1.31,0,0,0,1.52,0,0,1.82,1.82,0,0,1.81,-1.92,0,1.95,0,0,0,0,0,-1.93,0,0,0,-1.81,1.99,1.74,1.87,0,0,0,0,1.75,0,0.871,0,-1.8,1.84,1.9,0,0
-1.42,0,1.89,0,-1.05,-1.52,1.74,0,0.959,0,1.66,1.44,1.84,1.53,0,0,0,1.71,-1.27,0,0,0,-0.905,1.16,0,0,-1.7,0,0,0,-1.44,1.6,0,-1.54,1.62,0,-1.69,0,1.88,1.88,0,-1.71,0,0,-1.55,0,0.371,-1.51,-1.59,0,1.03,0,0,0,0,0,0,-1.56,0,1.48,0,1.47,0,0,0
-1.48,0,0,-1.47,-1.34,0,0,1.85,0,0,0,1.67,0,1.53,-1.85,0,0,1.55,0,1.49,1.41,0,0,0,0,-1.71,0,0,1.26,0,-1.44,0,1.48,0,1.63,0,0,0,1.76,0,1.31,0,1.16,0,-1.67,0,1.43,0,0,1.9,1.09,0,-1.4,1.41,-1.6,0,1.47,0,0.229,0,0,0,0,0,0
0,1.41,0,0,0,0,1.79,0,0,0,0,0,0,1.46,-1.87,-1.8,0,1.46,-1.06,1.65,1.15,-0.241,0,0.874,0,-1.72,0,0,0,-1.83,-1.52,0,0.683,0,0,0,-1.73,-1.57,0,1.89,1.79,0,0.82,0.996,-1.77,0,0,0,-1.26,0,1.24,1.7,0,1.4,-0.74,0,1.14,-1.24,-0.00262,1.67,0,1.59,0,0.938,0
-0.673,1.15,1.79,-1.78,-1.33,0,0,1.79,0,-1.34,1.7,0,1.92,1.12,0,-1.75,1.68,0,-1.33,0,0,0,-1.41,1.56,1.19,0,0,1.84,0,0,-1.22,1.35,0,-1.61,1.59,0.759,0,0,1.78,0,1.27,0,0.331,0,0,-1.58,0.285,0,0,0,0,1.42,-1.25,0,-1.16,-1.15,1.44,-1.86,0,0,-0.326,0,1.48,0,0
-1.23,1.56,1.68,0,-1.55,-1.16,1.71,1.71,0,0,0,0,1.78,1.65,0,0,0,1.21,-1.26,0,1.28,-1.36,-1.74,0,0,-1.69,-1.42,1.52,1.13,0,0,1.37,0,-1.55,1.55,1.14,0,-1.68,0,1.74,1.8,0,0,0,0,0,1.59,-1.45,-0.554,1.88,0,0,-1.33,0,-1.65,-1.34,1.75,0,1,0,0,1.75,0,1.16,0
-1.69,0,1.95,0,-1.43,-1.58,0,1.91,1.53,-1.79,1.88,1.73,0,0,-1.94,-1.95,1.95,0,0,0,1.82,-1.63,0,0,1.46,-1.88,0,1.96,1.4,0,0,1.8,1.7,0,0,0,-1.84,-1.82,1.85,0,0,0,1.19,1.63,-1.86,0,1.06,0,0,1.98,0,0,-1.49,0,0,-1.74,1.67,-1.83,0.569,0,0,0,1.86,1.64,0
-1.15,1.17,1.49,0,0,-1.15,1.61,0,0,-0.77,1.35,1.11,0,0,-1.41,0,1.71,0,-0.854,0.94,0.741,0,0,1.06,0.98,-1.33,0,0,0.416,0,-0.695,0,0,0,1.5,0.931,-1.14,0,0,1.43,1.2,0,0.546,0,-1.42,0,1.26,-1.16,0,0,0,1.42,0,1.11,0,0,0,0,0.0432,1.43,0,1.3,0,0,0
-1.73,0,1.93,-1.92,-1.47,0,1.84,1.93,0,0,1.89,0,0,0,-1.93,-1.92,1.9,0,0,0,1.84,0,-1.71,1.76,1.27,0,-1.84,1.9,1.58,-1.94,-1.81,0,0,0,0,0,-1.75,-1.61,0,1.96,1.86,-1.9,0,0,-1.88,0,1.66,-1.79,-1.74,0,0,1.61,0,1.76,0,-1.68,0,0,0,1.82,0,1.64,1.86,1.71,0
0,0,1.97,0,-1.67,0,0,0,1.82,0,1.92,1.88,1.98,0,-1.93,0,0,0,-1.86,1.93,0,-1.73,0,1.92,1.58,0,-1.94,1.96,1.7,-1.97,0,0,1.88,-1.9,1.92,0,0,-1.87,1.82,1.99,0,0,1.51,1.79,0,0,0,-1.8,0,0,0,0,0,0,0,0,1.9,-1.91,0.952,1.93,-1.72,1.82,0,0,0
-1.34,1.42,0,-1.87,-1.52,0,0,0,1.09,0,0,0,0,1.6,-1.68,-1.59,0,1.26,-1.2,1.71,0,-1.16,0,0,0.988,0,0,0,0,-1.68,-1.46,0,1.26,0,0,0,0,0,1.79,0,1.79,-1.63,0,0,-1.71,-1.72,0,0,0,0,0.824,0,-1.05,1.38,-1.51,-1.35,1.6,0,0,0,0,1.66,1.41,1.08,0
0,0.128,1.34,-1.6,0,-0.275,0.76,1.07,-0.258,-0.0828,0,0,1.25,0,0,-0.22,0.894,0.0545,0,0,0,0,0,0,0.666,0,-0.245,0,-0.364,-0.924,0,0,0,0,0,-0.58,0,0,0.901,0,0,-0.784,0,0.157,-0.623,-0.971,-0.664,0,-0.55,0,0,1.08,0,0,-0.774,0.0551,0,-0.938,0,0,0.902,-0.33,0.664,0,0
-1.1,0,1.7,0,-0.955,-1.37,1.71,1.63,1.38,-0.27,1.35,0,1.62,1.39,-1.52,-1.51,0,0,-1.01,0,1.33,0,0,0,0.603,0,-1.32,0,0.963,-1.61,-1.45,0,1.04,-1.16,0,0.97,0,0,1.56,1.67,1.38,-1.58,0,0,0,0,0,0,-1.02,1.79,0,1.44,0,0,0,-1.5,1.42,0,0,0,-1.33,1.13,0.806,0,0
0,1.34,0,-1.69,0,0,1.66,1.77,0,0,0,1.65,0,0,0,0,1.75,0,0,1.65,0,-1.41,0,1.75,0,-1.52,-1.36,0,1.18,0,-1.23,0,0,-1.1,1.47,0,0,0,0,0,0,-1.66,0,1.38,0,0,0,-1.12,-1.34,1.76,1.32,0,0,0,-1.65,-1.39,0,-1.5,1.16,0,0,1.51,1.29,1.42,0
0,1.39,0,0,-1.39,0,0,1.82,0,0,1.7,1.7,1.82,0,0,-1.72,0,1.48,-1.53,1.71,0,-1.55,0,0,0,0,-1.6,1.62,1.44,0,0,0,0,0,0,1.47,0,0,0,0,1.68,0,0,1.37,-1.65,0,0,-1.48,-1.43,1.86,1.3,0,-1.59,0,-1.65,0,1.7,-1.73,0,0,-1.79,0,0,1.43,0
0,0,0,-1.8,-1.01,0,0,1.73,0.545,0,1.61,0,0,1.36,-1.65,-1.64,0,0,-1.3,0,0.893,-0.41,0,1.36,0,-1.61,0,1.83,0.48,-1.61,0,1.49,0,0,1.43,1.13,-1.19,0,0,0,1,-1.62,-0.0404,1,-1.39,0,0,0,0,0,0,0,-0.745,0,0,-0.618,1.13,-1.55,-1.05,1.66,0,0,0,0.815,0
-1.58,1.44,1.84,-1.82,-1.54,-1.56,1.78,0,1.35,0,1.79,1.61,0,0,0,-1.78,0,1.58,0,0,1.66,-1.36,0,1.56,0,-1.78,-1.74,1.81,1.45,-1.79,-1.72,1.48,0,-1.58,0,0,0,0,0,0,1.72,-1.73,1.32,1.26,0,-1.86,0,-1.5,0,0,1.21,1.68,-1.49,0,0,-1.68,1.65,-1.79,0,0,0,0,0,1.51,0
0,1.35,0,-1.72,-1.55,-1.66,1.66,0,0,0,0,1.62,1.87,0,-1.49,0,1.63,0,-1.36,0,0,0,-1.58,0,0.987,0,0,1.67,0,-1.69,-1.64,0,1.61,-1.5,1.8,0,-1.59,-1.75,1.69,1.9,1.66,-1.81,1.07,0,0,0,0,-1.43,0,1.85,0,0,-1.35,1.36,-1.64,-1.57,1.64,-1.77,0,1.61,-1.67,1.52,0,0,0
0,0,1.69,-1.83,0,-1.28,0,0,1.52,0,1.6,1.51,1.82,1.7,-1.73,0,0,1.29,-1.4,1.73,1.4,0,0,0,0,-1.61,-1.58,1.35,0,0,0,0,1.43,-1.57,1.6,1.41,-1.57,0,0,1.82,0,0,0.866,0.613,0,0,1.77,-1.49,0,0,0,1.61,0,0,0,-1.54,0,-1.56,1.21,1.58,0,0,1.17,0,0
0,0,1.93,0,-1.5,-1.44,1.87,1.86,0,-1.27,0,1.68,1.95,1.65,-1.84,0,1.8,1.73,0,0,0,0,-1.62,0,0,0,-1.7,0,0,-1.89,0,0,0,-1.69,0,0,-1.7,0,1.87,0,1.79,-1.87,0,0,0,0,0,0,0,1.95,1.43,1.68,0,0,0,-1.73,0,0,0,0,-1.52,1.3,0,0,0
-1.22,1.34,1.81,0,-0.942,-1.33,0,0,0,-1.51,0,0,1.88,0,-1.76,0,1.7,1.6,0,0,1.39,-1.03,0,0.953,0.63,-1.57,-1.26,0,0,-1.72,0,1.66,0,0,0,1.12,0,0,1.76,1.84,0,-1.84,-0.586,0,-1.63,-1.83,-0.103,0,0,0,1.54,0,-1.42,1.37,0,-1.08,1.38,-1.66,-0.482,0,0,1.45,0,0,0
-0.913,1.43,1.77,-1.86,-0.819,-1.69,1.63,1.52,0,0,1.63,0,0,0,-1.8,0,0,1.19,0,1.58,1.23,0.287,-0.988,1.57,1.17,0,-1.41,1.84,1.13,-1.57,0,1.12,0,-1.42,0,0,-1.5,-0.937,1.82,0,0,-1.45,0,1.41,-1.35,0,0,-1.31,-1.34,1.87,1.2,1.72,0,1.56,-1.31,-0.996,1.37,0,0.477,1.71,0,0,0,0,0
